row_id,source,temperature_C,MEA_weight_fraction,CO2_loading,pressure_Pa,model_family,target_x_CO2,target_role_CO2,target_x_MEA,target_role_MEA,target_x_MEAH+,target_role_MEAH+,target_x_MEACOO-,target_role_MEACOO-,target_x_HCO3-,target_role_HCO3-,target_x_CO3^2-,target_role_CO3^2-,target_x_H3O+,target_role_H3O+,target_x_OH-,target_role_OH-,target_x_MEA + MEAH+,target_role_MEA + MEAH+,model_x_CO2,log10_model_over_target_CO2,model_x_MEA,log10_model_over_target_MEA,model_x_MEAH+,log10_model_over_target_MEAH+,model_x_MEACOO-,log10_model_over_target_MEACOO-,model_x_HCO3-,log10_model_over_target_HCO3-,model_x_CO3^2-,log10_model_over_target_CO3^2-,model_x_H3O+,log10_model_over_target_H3O+,model_x_OH-,log10_model_over_target_OH-,model_x_MEA + MEAH+,log10_model_over_target_MEA + MEAH+,reaction_residual_R1_water_autoionization,reaction_residual_R2_CO2_to_HCO3,reaction_residual_R3_HCO3_to_CO3,reaction_residual_R4_MEACOO_hydrolysis,reaction_residual_R5_MEAH_dissociation,mass_balance_residual_carbon_total,mass_balance_residual_mea_total,mass_balance_residual_water_total,charge_residual,max_abs_reaction_residual,state_failure_count,solver_returned,solver_success,rejection_reason,message
cheq_0000,Bottinger,20.0,0.3,0.075,101325.0,phase2_epcsaft_activity_speciation,0.0013497353570532872,balance_inferred,0.14852414575618061,balance_inferred,0.007108385188704443,balance_inferred,0.008558219077847738,direct_positive,0.0024072801195538164,balance_inferred,1.000000028893599e-12,balance_inferred,0.0038571140106971116,balance_inferred,1e-12,balance_inferred,0.15563253094488505,aggregate_direct_positive,2.2275170487698813e-11,,0.09534292875584141,,0.00895186054649372,,0.00795138079681827,-0.031940846989446846,5.708698150376452e-06,,0.00046137324834945944,,4.0241650529993195e-14,,7.202457113642078e-05,,0.10429478930233513,-0.17383776906720613,-3.7509268580038224e-08,-2.9168546689106734e-08,-4.572543943481833e-08,6.056769308315779e-09,-8.939919027284304e-08,7.911947833005861e-11,9.470773609798755e-10,-6.606821756349746e-10,-1.6134199187713312e-11,8.939919027284304e-08,0,True,True,,converged
cheq_0001,Matin,20.0,0.3,0.106,101325.0,phase2_epcsaft_activity_speciation,0.00046593644367666514,balance_inferred,0.0945878840245385,direct_positive,0.011548774026001098,direct_positive,0.009407036766965863,direct_positive,0.0023799287815134008,direct_positive,1.0349482089040186e-12,balance_inferred,0.00023819152454806168,balance_inferred,1e-12,balance_inferred,0.1061366580505396,aggregate_direct_positive,5.1125049405365113e-11,,0.08841102477697053,-0.02932908567478016,0.012461147691877934,0.03302215976829101,0.011373996807307009,0.08246026056119955,9.018021427911893e-06,-2.421452698241469,0.0005150790766576256,,5.325084785943629e-14,,4.797473565781466e-05,,0.10087217246884847,-0.022094034513931434,-7.631988907519371e-08,-7.651243905115734e-08,-8.36826785644007e-08,2.1545709216752584e-08,4.510270201762978e-08,2.8071212021529846e-11,1.4133805237293018e-10,2.121209874417218e-10,-2.547371349775028e-11,8.36826785644007e-08,0,True,True,,converged
cheq_0002,Jakobsen,20.0,0.3,0.11,101325.0,phase2_epcsaft_activity_speciation,0.0025078904260246175,balance_inferred,0.10164700583465086,direct_positive,0.008097766617566568,direct_positive,0.010630416286859101,direct_positive,1.211598788673816e-06,direct_zero,0.00010120692981795064,direct_positive,0.0027362751277171075,balance_inferred,1e-12,balance_inferred,0.10974477245221743,aggregate_direct_positive,5.622256275326051e-11,,0.08751576352865695,-0.06500830423577925,0.012912982404363645,0.20266130325485807,0.011817423239689475,0.0459725181972663,9.496908411722025e-06,,0.0005201584046743783,0.7109253697379011,5.487246274190666e-14,,4.5745446968619204e-05,,0.10042874593302059,-0.038525802726864254,-3.835115336414674e-09,-5.5680072108543754e-08,-4.8986542822149204e-08,1.2079173217216521e-09,2.3283028838250175e-09,3.2959746043559335e-17,2.7755575615628914e-17,0.0,-5.429820005078967e-17,5.5680072108543754e-08,0,True,True,,converged
cheq_0003,Matin,20.0,0.3,0.128,101325.0,phase2_epcsaft_activity_speciation,0.0005800357391936413,balance_inferred,0.08945165592133604,direct_positive,0.01397071978577341,direct_positive,0.012016278611627344,direct_positive,0.002186138203460926,direct_positive,1e-12,balance_inferred,0.00023169703131486162,balance_inferred,1e-12,balance_inferred,0.10342237570710945,aggregate_direct_positive,8.425631325823894e-11,,0.08348569887851877,-0.029976297500350458,0.014943830077945775,0.029243138688162328,0.013816640313398921,0.06063246240483842,1.182307261026381e-05,-2.266947256973807,0.0005390462104589719,,6.208306181065864e-14,,3.727429867835357e-05,,0.09842952895646455,-0.02148910293977399,-7.29469871174615e-08,-7.052041439692402e-08,-7.21961335159449e-08,2.1641648473291752e-08,4.1455312072002926e-08,3.2718957751476374e-11,1.4638970591285272e-10,2.768787421558727e-10,-2.7206731889628e-11,7.29469871174615e-08,0,True,True,,converged
cheq_0004,Bottinger,20.0,0.3,0.15,101325.0,phase2_epcsaft_activity_speciation,0.0028425691382644074,balance_inferred,0.13219105498332526,balance_inferred,0.01472025381441536,balance_inferred,0.017016368693273293,direct_positive,0.0047004031778125795,balance_inferred,3.184741223422577e-05,balance_inferred,0.007060212881138963,balance_inferred,1.0000000000000002e-12,balance_inferred,0.14691130879774061,aggregate_direct_positive,1.3290797928788097e-10,,0.07855795099070452,,0.017421633349456053,,0.016266585290673385,-0.019570492179022604,1.510262619598624e-05,,0.0005552374002044735,,7.084501629445332e-14,,2.947064283857766e-05,,0.09597958434016057,-0.18487636298426924,-6.671804264613002e-08,-6.227054072382998e-08,-4.158057720360375e-08,9.197828276796827e-09,-7.755791742170004e-08,7.738779408961172e-11,4.807984149701738e-10,-2.866261672451742e-10,-1.04146444953831e-11,7.755791742170004e-08,0,True,True,,converged
cheq_0005,Matin,20.0,0.3,0.15,101325.0,phase2_epcsaft_activity_speciation,0.0006577600814271924,balance_inferred,0.08416673974509128,direct_positive,0.016296978463269295,direct_positive,0.014622434463450922,direct_positive,0.0019901358908814893,direct_positive,1.0000000000709608e-12,balance_inferred,0.00031559189306311694,balance_inferred,9.999999999999998e-13,balance_inferred,0.10046371820836059,aggregate_direct_positive,1.3290799914843425e-10,,0.07855795073012682,-0.029950358933573475,0.01742163320432356,0.02898177422774826,0.016266585319465485,0.046276711867398804,1.5102626509425248e-05,-2.1198302496603567,0.0005552373239993725,,7.084502508995516e-14,,2.947063919931597e-05,,0.09597958393445039,-0.019830384598443915,-6.596014756610202e-08,-6.667727703302262e-08,-8.186214373040457e-08,2.312724944886213e-08,4.580622103844689e-08,3.6107904860527285e-11,1.4371986933880976e-10,3.4978087093406884e-10,-2.8302046704088745e-11,8.186214373040457e-08,0,True,True,,converged
cheq_0006,Matin,20.0,0.3,0.173,101325.0,phase2_epcsaft_activity_speciation,0.0007448135104815942,balance_inferred,0.07899057569361166,direct_positive,0.018728481370144517,direct_positive,0.01714358210773746,direct_positive,0.0019914003276031217,direct_positive,1.002169432384618e-12,balance_inferred,0.0004065010672004016,balance_inferred,1e-12,balance_inferred,0.09771905706375618,aggregate_direct_positive,2.0768895367081214e-10,,0.07340482837147237,-0.03185065145767372,0.020008150539068875,0.028704383000159144,0.018833190328563013,0.04082232362106438,1.916052624218179e-05,-2.016751141471183,0.0005662362310917732,,8.018848786403263e-14,,2.3327251747748602e-05,,0.09341297891054125,-0.01957204579891284,-5.856008122862022e-08,-5.95051368179611e-08,-7.036199534127263e-08,2.1978813435907796e-08,4.669175979188367e-08,4.0083925761935646e-11,1.4539293380355645e-10,4.210921611402796e-10,-2.9023824766076164e-11,7.036199534127263e-08,0,True,True,,converged
cheq_0007,Matin,20.0,0.3,0.195,101325.0,phase2_epcsaft_activity_speciation,0.0007199482979771388,balance_inferred,0.07378495959070201,direct_positive,0.021169786416004453,direct_positive,0.019644835835966427,direct_positive,0.0019920912636592174,direct_positive,1.002179718118685e-12,balance_inferred,0.0004671406856255507,balance_inferred,1e-12,balance_inferred,0.09495474600670646,aggregate_direct_positive,3.1262190025827917e-10,,0.06847518225341845,-0.03243464692309835,0.022479480775710506,0.02606979940643982,0.021291506190092804,0.03495798116935144,2.379712748337266e-05,-1.9227846937073416,0.0005726993830216522,,8.957088597919811e-14,,1.877872220870252e-05,,0.09095466302912895,-0.018691707209542753,-5.266088543010028e-08,-5.5728374803720726e-08,-6.216354009325187e-08,1.8472235296940198e-08,4.702489775354479e-08,4.3498791374441126e-11,1.4542918258531046e-10,4.937938946625309e-10,-2.93849299954534e-11,6.216354009325187e-08,0,True,True,,converged
cheq_0008,Jakobsen,20.0,0.3,0.21,101325.0,phase2_epcsaft_activity_speciation,0.002778054998298223,balance_inferred,0.07414006614812994,direct_positive,0.017855580289981778,direct_positive,0.02031953866057732,direct_positive,9.66449761707198e-05,direct_positive,0.0003966449992565626,direct_positive,0.0033538933452793886,balance_inferred,1e-12,balance_inferred,0.09199564643811173,aggregate_direct_positive,4.1067760748722406e-10,,0.06511403137540592,-0.05637838471737939,0.02416335682440719,0.13138329831366868,0.02296878093377406,0.05322410225830286,2.748156155827637e-05,-0.5461378767348924,0.0005754326129770945,0.16159248890001932,9.637113935866111e-14,,1.62291050501952e-05,,0.08927738819981311,-0.013025798927038519,-3.395381753534821e-10,7.233035859144366e-08,6.815366049295335e-08,6.954063991315707e-10,2.721371572533826e-09,1.9584646404613437e-12,4.982056434066351e-12,3.362954359431569e-11,-1.790943011026249e-12,7.233035859144366e-08,0,True,True,,converged
cheq_0009,Matin,20.0,0.3,0.218,101325.0,phase2_epcsaft_activity_speciation,0.0007498245413025849,balance_inferred,0.06854375038577457,direct_positive,0.023613997972064357,direct_positive,0.022071234345391516,direct_positive,0.0020920851536561803,direct_positive,1.0000000000001286e-12,balance_inferred,0.0005493215289833383,balance_inferred,1.0000000000000002e-12,balance_inferred,0.09215774835783892,aggregate_direct_positive,4.744554091767761e-10,,0.06332147374799427,-0.03441684915298209,0.025061142558090464,0.0258313453447801,0.02386355288361168,0.033908481339342766,2.965134369471061e-05,-1.848534978696273,0.0005764601971915627,,1.001759223371497e-13,,1.5017966731182299e-05,,0.08838261630608474,-0.018165001897513154,-5.35381214916697e-08,-5.499240174344777e-08,-9.885382112884145e-08,2.3070926502555267e-08,5.5038182011912795e-08,4.6284039101340824e-11,1.4246370749759762e-10,5.707843087066067e-10,-2.9508005735997536e-11,9.885382112884145e-08,0,True,True,,converged
cheq_0010,Bottinger,20.0,0.3,0.235,101325.0,phase2_epcsaft_activity_speciation,0.0043969201416978725,balance_inferred,0.1124028504384268,balance_inferred,0.0240872770856017,balance_inferred,0.026572171304108105,direct_positive,0.007186363503379458,balance_inferred,0.00016765613461799313,balance_inferred,0.010006569991121848,balance_inferred,1e-12,balance_inferred,0.1364901275240285,aggregate_direct_positive,6.440956776674377e-10,,0.05951255054407805,,0.02696836681133369,,0.0257652517797507,-0.013392652793543505,3.4814562540750644e-05,,0.0005777827547741396,,1.0877711710022579e-13,,1.273501316398119e-05,,0.08648091735541175,-0.19818095173738007,4.348464699432952e-08,3.7048732082212155e-08,9.470033646152842e-08,-4.092468586236464e-09,2.1488663293212085e-08,1.9332105360980734e-12,3.145170235363537e-11,1.900701818158268e-12,-5.218472512159801e-11,9.470033646152842e-08,0,True,True,,converged
cheq_0011,Matin,20.0,0.3,0.241,101325.0,phase2_epcsaft_activity_speciation,0.0007228113157221105,balance_inferred,0.06333014982717777,direct_positive,0.025964612628512785,direct_positive,0.02439872482238661,direct_positive,0.0022911960019207523,direct_positive,1e-12,balance_inferred,0.0007253081977945802,balance_inferred,1e-12,balance_inferred,0.08929476245569055,aggregate_direct_positive,7.174828702928644e-10,,0.05816834443672488,-0.03692381222229556,0.027641354895027965,0.02717747936747005,0.026436469860859298,0.034836333155128754,3.683998282003338e-05,-1.7937428237996398,0.0005780162455003039,,1.1201067526680155e-13,,1.2012620878211021e-05,,0.08580969933175285,-0.017289606035454586,-7.629822995625091e-08,-8.23164114649444e-08,-6.30767722498149e-08,2.9755998554037433e-08,9.723741101197447e-08,9.51780598779095e-11,2.6870532188194574e-10,1.3087065875438952e-09,-5.882683220959756e-11,9.723741101197447e-08,0,True,True,,converged
cheq_0012,Jakobsen,20.0,0.3,0.25,101325.0,phase2_epcsaft_activity_speciation,0.000679605295397699,balance_inferred,0.06052140387765808,direct_positive,0.02474419441646342,direct_positive,0.026483565374124204,direct_positive,0.0001934878680715837,direct_positive,0.0005934813320483123,direct_positive,0.003119821489828991,balance_inferred,9.999999999999998e-13,balance_inferred,0.0852655982941215,aggregate_direct_positive,8.438587970908754e-10,,0.05615218974588778,-0.03254229658231643,0.028650723501144438,0.0636622741607493,0.027443255837265514,0.015459182310273963,4.010465496286514e-05,-0.6834589551329924,0.0005781809349906415,-0.011343295684166447,1.1708927194395252e-13,,1.1001139058405179e-05,,0.08480291324703222,-0.0023630718791087385,-1.3746070948172928e-09,-8.395986128562072e-08,-8.040482413207428e-08,5.730651508883966e-10,1.1685941103678488e-09,7.57380269611474e-15,1.7111312367035225e-14,1.6286971771251046e-13,-6.3597215736949445e-15,8.395986128562072e-08,0,True,True,,converged
cheq_0013,Matin,20.0,0.3,0.264,101325.0,phase2_epcsaft_activity_speciation,0.0006150268060850508,balance_inferred,0.05814079487394461,direct_positive,0.028428341484341153,direct_positive,0.026717507988862486,direct_positive,0.0025893494741451237,direct_positive,1.0000910613256701e-12,balance_inferred,0.000878515980666638,balance_inferred,1e-12,balance_inferred,0.08656913635828575,aggregate_direct_positive,1.0879461277821992e-09,,0.05301640753062031,-0.040070668983177016,0.03022062852382214,0.026551968890000728,0.02900913301207888,0.03573880143588749,4.579566998301822e-05,-1.75236625232376,0.0005780588679826237,,1.2562231595027688e-13,,9.582114460480996e-06,,0.08323703605444245,-0.017046477634472645,-2.230839513117644e-08,-1.2954586736668716e-08,-9.039054305048921e-08,1.1550854495112617e-08,2.8354282477494053e-08,1.4050628716066882e-11,3.692833538959661e-11,2.0884260987230618e-10,-8.294084486259296e-12,9.039054305048921e-08,0,True,True,,converged
cheq_0014,Matin,20.0,0.3,0.287,101325.0,phase2_epcsaft_activity_speciation,0.00043753778099531773,balance_inferred,0.05296333643280656,direct_positive,0.030800668348446816,direct_positive,0.02893729715495581,direct_positive,0.0029863926896543944,direct_positive,9.999999999999998e-13,balance_inferred,0.0011230214981633871,balance_inferred,9.999999999999998e-13,balance_inferred,0.08376400478125337,aggregate_direct_positive,1.6643897393342676e-09,,0.04786641669481189,-0.04394441855026569,0.03279929158070696,0.027304323227826645,0.031580460741673574,0.03796049778822661,5.714471937695201e-05,-1.7181708094687005,0.0005770434088559484,,1.4175919185984472e-13,,7.599352732832337e-06,,0.08066570827551886,-0.016368481483108197,-2.8322643785827495e-08,-7.595190254505724e-08,-7.082881836595334e-08,1.868387933257054e-08,9.691010305346026e-08,8.417070859745301e-11,2.042907926158577e-10,1.4000208770070799e-09,-4.906589380737733e-11,9.691010305346026e-08,0,True,True,,converged
cheq_0015,Jakobsen,20.0,0.3,0.29,101325.0,phase2_epcsaft_activity_speciation,0.0013721654303113938,balance_inferred,0.056721581223652465,direct_positive,0.023802043448114107,direct_positive,0.029862900028818824,direct_positive,0.0001949868651783167,direct_positive,0.0005949823526474832,direct_positive,0.007445808151178,balance_inferred,1.0000000000000002e-12,balance_inferred,0.08052362467176657,aggregate_direct_positive,1.7610442423840152e-09,,0.047194871188561076,-0.07985352405674931,0.03313561197125661,0.14368075223299143,0.03191568576649636,0.028872200078494777,5.8845375125767434e-05,-0.5202930214217831,0.0005768561010777463,-0.013436594341478491,1.4410131792517049e-13,,7.368656841516671e-06,,0.0803304831598177,-0.0010429367867297145,1.1391847465347382e-09,-3.3434552904054726e-09,-4.71440486649044e-09,8.53830783853482e-09,7.770372789650537e-08,2.937799309377098e-11,5.0832366094155645e-11,8.768932246994154e-10,-2.8297304108171795e-11,7.770372789650537e-08,0,True,True,,converged
cheq_0016,Bottinger,20.0,0.3,0.309,101325.0,phase2_epcsaft_activity_speciation,0.0057382054346754325,balance_inferred,0.09439199294899088,balance_inferred,0.03288436617307017,balance_inferred,0.03474306825290338,direct_positive,0.009318320953273226,balance_inferred,0.0002691239397366934,balance_inferred,0.011715270912579831,balance_inferred,1e-12,balance_inferred,0.12727635912206103,aggregate_direct_positive,2.5358349197360917e-09,,0.04294310052802294,,0.035265540607584495,,0.034037527776262524,-0.008910160753889926,7.109581675940056e-05,,0.000575440064851958,,1.6054538211690915e-13,,6.036987309773602e-06,,0.07820864113560744,-0.21149300320614428,6.195360136018735e-08,5.0988770539106554e-08,4.826525312751073e-08,-2.175914559643388e-09,5.551292403538355e-08,6.059173995875966e-12,1.9793555683378372e-11,5.9788840545138555e-12,-9.886165061638802e-11,6.195360136018735e-08,0,True,True,,converged
cheq_0017,Matin,20.0,0.3,0.31,101325.0,phase2_epcsaft_activity_speciation,0.0003158605077836934,balance_inferred,0.04787879458098555,direct_positive,0.03317576359639835,direct_positive,0.031079930349586424,direct_positive,0.003383398123957891,direct_positive,1.0006217651149979e-12,balance_inferred,0.0012875648791472111,balance_inferred,9.999999999999998e-13,balance_inferred,0.0810545581773839,aggregate_direct_positive,2.5859621711095064e-09,,0.042719397180348034,-0.04951809219932142,0.03537762952635888,0.027907802026440384,0.03414914218183185,0.040899761910543925,7.182054197604475e-05,-1.6731044260636212,0.0005753470465775111,,1.614978152657599e-13,,5.972711281225489e-06,,0.07809702670670692,-0.016142942994167086,-6.94179114191229e-09,-9.46818552449713e-08,-8.200720813533735e-08,3.825551431191343e-09,9.87018466958034e-09,2.880161387164293e-12,6.483480419205989e-12,5.315192730392937e-11,-1.6657991582262263e-12,9.46818552449713e-08,0,True,True,,converged
cheq_0018,Matin,20.0,0.3,0.334,101325.0,phase2_epcsaft_activity_speciation,9.074964183809489e-05,balance_inferred,0.042710499000621835,direct_positive,0.0354623062203113,direct_positive,0.033123684537685716,direct_positive,0.003977877015087029,direct_positive,1.0001007874467317e-12,balance_inferred,0.0016392553344616381,balance_inferred,1e-12,balance_inferred,0.07817280522093314,aggregate_direct_positive,4.198856534678132e-09,,0.037353417225926035,-0.05820430665846217,0.038067894219801696,0.030791878198083034,0.03682485723064967,0.04600243189595561,9.226227581173026e-05,-1.6346271887727761,0.000573096647940197,,1.8771470211349445e-13,,4.58144688214806e-06,,0.07542131144572772,-0.015561617074997721,3.84534537545278e-09,-2.01674055233525e-09,-9.340357820519785e-09,5.890925081075693e-09,7.371237487063809e-08,4.627277033764088e-11,9.424941382896179e-11,1.014517470032672e-09,-2.8178125647533136e-11,7.371237487063809e-08,0,True,True,,converged
cheq_0019,Matin,20.0,0.3,0.358,101325.0,phase2_epcsaft_activity_speciation,1e-12,balance_inferred,0.03775707657606801,direct_positive,0.03786062064138502,direct_positive,0.03507866377624308,direct_positive,0.004571776847680795,direct_positive,1.0001580314766216e-12,balance_inferred,0.0017898199845391705,balance_inferred,1e-12,balance_inferred,0.07561769721745304,aggregate_direct_positive,7.072493007016885e-09,,0.03199513747990803,-0.07191438010200076,0.04075810214160678,0.03202622435046169,0.03949292871265433,0.05147629952415735,0.0001206567945824644,-1.5785332404676775,0.0005705356991898633,,2.2267901160806845e-13,,3.445265154715363e-06,,0.07275323962151481,-0.016771110933552186,1.343394906427875e-08,6.590049395072128e-09,-1.2606754751232074e-08,2.7457556228682733e-09,8.034572474002744e-08,4.492547306389483e-11,8.443833132698586e-11,1.1045542258614205e-09,-2.782370869152786e-11,8.034572474002744e-08,0,True,True,,converged
cheq_0020,Matin,20.0,0.3,0.382,101325.0,phase2_epcsaft_activity_speciation,9.999999999999998e-13,balance_inferred,0.03280550367447648,direct_positive,0.04030653134225544,direct_positive,0.036729626166843464,direct_positive,0.00525706055504629,direct_positive,1.0002080372628479e-12,balance_inferred,0.001680155381634733,balance_inferred,9.999999999999998e-13,balance_inferred,0.07311203501673191,aggregate_direct_positive,1.255936229852558e-08,,0.02664953266504418,-0.09025711252224661,0.04344830326364243,0.03259739541930107,0.04214833176206785,0.05976388172349086,0.00016193128399525218,-1.5114122200743545,0.0005677604678039015,,2.717927949442285e-13,,2.519310857746823e-06,,0.07009783592868661,-0.018284261755650823,3.231099832134987e-08,2.3496642853615413e-08,1.8467201101657338e-08,-4.396106589865667e-09,8.670692253076595e-08,4.0273041845839685e-11,6.686783071696567e-11,1.199681021191168e-09,-2.7437952064504492e-11,8.670692253076595e-08,0,True,True,,converged
cheq_0021,Bottinger,20.0,0.3,0.388,101325.0,phase2_epcsaft_activity_speciation,0.007208532136674709,balance_inferred,0.07472786584945713,balance_inferred,0.04259985288271074,balance_inferred,0.04283425315884062,direct_positive,0.011733140006720606,balance_inferred,0.00037262825098879394,balance_inferred,0.012712796784828076,balance_inferred,1e-12,balance_inferred,0.11732771873216788,aggregate_direct_positive,1.4657299552936538e-08,,0.025316083599921445,,0.044120842210866575,,0.04280924172275422,-0.0002536638422012732,0.0001752291327270357,,0.000567027504139627,,2.8733753782046075e-13,,2.3164050550910948e-06,,0.06943692581078802,-0.22781014150248577,2.5789706370460408e-08,1.6175992101352676e-08,9.161155389847409e-09,5.179092710250188e-10,7.156238268635207e-08,1.3893650119278789e-11,1.4637874246048455e-12,1.37357902829649e-11,-5.525524120682753e-11,7.156238268635207e-08,0,True,True,,converged
cheq_0022,Jakobsen,20.0,0.3,0.4,101325.0,phase2_epcsaft_activity_speciation,0.004369108442694628,balance_inferred,0.03334787020776398,direct_positive,0.04515205118746268,direct_positive,0.042081153618726046,direct_positive,0.0005977284510704963,direct_positive,0.0011977289436015488,direct_positive,1e-12,balance_inferred,7.771123046303868e-05,balance_inferred,0.07849992139522666,aggregate_direct_positive,2.0296186464026332e-08,,0.022654203000079365,-0.16791931470018884,0.0454659074640963,0.003008379268814737,0.04412605673002028,0.02060748187740003,0.00020687048918723757,-0.4608053867308149,0.0005655193792101186,-0.32591105266929665,3.239430966575307e-13,,1.9415189059608956e-06,,0.06812011046417567,-0.06159387832398295,-9.014432755805046e-08,-8.965797348992055e-08,9.738141670823097e-08,3.357736666487199e-08,-2.9280815994070508e-08,1.8232386433947312e-10,4.153135751971959e-10,7.836051807430522e-10,-3.073357708841046e-11,9.738141670823097e-08,0,True,True,,converged
cheq_0023,Matin,20.0,0.3,0.406,101325.0,phase2_epcsaft_activity_speciation,1.000021895301126e-12,balance_inferred,0.027959116891939494,direct_positive,0.04278263153304992,direct_positive,0.03825864412458467,direct_positive,0.006031773553929493,direct_positive,1e-12,balance_inferred,0.0015077861474642393,balance_inferred,1e-12,balance_inferred,0.07074174842498941,aggregate_direct_positive,2.4112981566707667e-08,,0.021326395102122604,-0.11760599892321721,0.04613842280934978,0.032795250324645385,0.04478134845522903,0.06836759221655109,0.00022583630061984966,-1.4266512776915288,0.0005647346916603057,,3.456811667660018e-13,,1.7686988919038424e-06,,0.06746481791147238,-0.020598436930107603,5.0295163589453296e-08,3.9389441042203543e-08,4.076542481357137e-08,-1.200741195361843e-08,9.451456151055027e-08,3.513288271417281e-11,4.97617641537218e-11,1.2944540994652698e-09,-2.7129583212937705e-11,9.451456151055027e-08,0,True,True,,converged
cheq_0024,Matin,20.0,0.3,0.431,101325.0,phase2_epcsaft_activity_speciation,1.0000000000000002e-12,balance_inferred,0.023141758807660468,direct_positive,0.04522971751496442,direct_positive,0.039734784172672025,direct_positive,0.006902592144746877,direct_positive,1.000318943274173e-12,balance_inferred,0.001407658804455113,balance_inferred,1.0000000000000002e-12,balance_inferred,0.06837147632262489,aggregate_direct_positive,5.4201283951516464e-08,,0.0158295175910615,-0.16492868306936126,0.0489402670619377,0.03424245958098801,0.047476378374770555,0.07730672399739386,0.0003405826053518128,-1.3067897494975604,0.0005610810915405202,,4.751801261183926e-13,,1.143913338480736e-06,,0.06476978465299921,-0.02350250446689464,3.512193380572626e-08,2.867144743845529e-08,3.012828386772526e-08,-1.0205726042045171e-08,5.181995987868504e-08,1.439426355887008e-11,1.574092245437697e-11,6.969507193588242e-10,-1.3477015292410289e-11,5.181995987868504e-08,0,True,True,,converged
cheq_0025,Matin,20.0,0.3,0.455,101325.0,phase2_epcsaft_activity_speciation,1.0022652101555444e-12,balance_inferred,0.018434796753607565,direct_positive,0.047834362683420124,direct_positive,0.04100934128197647,direct_positive,0.007856372679628349,direct_positive,1.0000000000000002e-12,balance_inferred,0.001031351280184688,balance_inferred,1.0000000000000002e-12,balance_inferred,0.06626915943702769,aggregate_direct_positive,1.4637639252778084e-07,,0.010663765241346464,-0.23772777812033152,0.05162876859907626,0.03315177473046879,0.04995361882758891,0.08568416219316997,0.0005619929677771753,-1.1454911954497864,0.0005562413005350296,,7.203712115830721e-13,,6.742175966769533e-07,,0.06229253384042272,-0.026875465202186824,4.373459994155837e-08,3.659736691474791e-08,3.387059166470863e-08,-1.4406460024929402e-08,5.62796493852602e-08,1.1357421947355562e-11,7.504885601861133e-12,7.443933247586187e-10,-1.3544452448369112e-11,5.62796493852602e-08,0,True,True,,converged
cheq_0026,Bottinger,20.0,0.3,0.474,101325.0,phase2_epcsaft_activity_speciation,0.008974518605379244,balance_inferred,0.053746328276703066,balance_inferred,0.05226646675217855,balance_inferred,0.049169771647311775,direct_positive,0.014932370210827047,balance_inferred,0.0004854182537810819,balance_inferred,0.012806511613522434,balance_inferred,1e-12,balance_inferred,0.10601279502888161,aggregate_direct_positive,4.22135092743259e-07,,0.006792287341299219,,0.053754166066777825,,0.05169966859307017,0.02178956781573998,0.0009550309822310643,,0.0005495401223369485,,1.1505754552321152e-12,,3.8625475484795213e-07,,0.060546453408077044,-0.243269576014586,-9.91513928738641e-08,-9.073422546634902e-08,-9.267282763403273e-08,4.28885602588025e-08,-5.3368275132470444e-08,1.0656436150169313e-10,2.1643192793519006e-10,-2.379141328390233e-11,-6.4579812006602006e-12,9.91513928738641e-08,0,True,True,,converged
cheq_0027,Matin,20.0,0.3,0.48,101325.0,phase2_epcsaft_activity_speciation,9.999999999999998e-13,balance_inferred,0.013717136426959459,direct_positive,0.050410918591157594,direct_positive,0.04221546671957428,direct_positive,0.008894667044766913,direct_positive,9.999999999999998e-13,balance_inferred,0.0006992151751835928,balance_inferred,9.999999999999998e-13,balance_inferred,0.06412805501811705,aggregate_direct_positive,6.369209665365716e-07,,0.005662952264801378,-0.38422055722762394,0.05442399011501203,0.033265767818355475,0.05215915521151879,0.09185895374572428,0.0011721460701359192,-0.8801479598923669,0.0005461886500561951,,1.3871851309978217e-12,,3.115491756674792e-07,,0.06008694237981341,-0.028267963308475204,5.434604410936572e-08,4.694784294656529e-08,4.438134837414509e-08,-1.9780634019639365e-08,6.038481004111418e-08,7.530143175671355e-12,-1.7833790000310046e-12,7.953216973888289e-10,-1.3800033697119754e-11,6.038481004111418e-08,0,True,True,,converged
cheq_0028,Matin,20.0,0.3,0.505,101325.0,phase2_epcsaft_activity_speciation,1e-12,balance_inferred,0.009109195714213442,direct_positive,0.052916667952344475,direct_positive,0.043387377341267255,direct_positive,0.009922602154003535,direct_positive,1e-12,balance_inferred,0.00039331154492631276,balance_inferred,1e-12,balance_inferred,0.06202586366655792,aggregate_direct_positive,5.15376068958258e-06,,0.002168134617815578,-0.6233937894273605,0.05719547717173083,0.03376919779028195,0.052881978790378106,0.08594429873917492,0.003280387806240792,-0.4807003898187766,0.0005165028925867965,,3.676738264103304e-12,,1.0480663295125356e-07,,0.05936361178954641,-0.019052503894914065,6.484785153304529e-08,5.6523958846810274e-08,6.546343200852789e-08,-2.703565726847046e-08,6.313715417149979e-08,1.8052365158283123e-12,-9.605732875783701e-12,8.447241794939941e-10,-1.2319610893998127e-11,6.546343200852789e-08,0,True,True,,converged
cheq_0029,Bottinger,20.0,0.3,0.524,101325.0,phase2_epcsaft_activity_speciation,0.01104594544564602,balance_inferred,0.03713520509050174,balance_inferred,0.047705565880140355,balance_inferred,0.0467000846130751,direct_positive,0.010600074841039517,direct_positive,0.0005813061297022891,balance_inferred,0.010757205833378844,balance_inferred,1e-12,balance_inferred,0.0848407709706421,aggregate_direct_positive,2.121515679200075e-05,,0.0011183074973734166,,0.05927013805139321,,0.0518553424934017,0.04547583959047147,0.006463628672418313,-0.21483253278444744,0.0004755586145946129,,7.129919821053713e-12,,4.967111121678718e-08,,0.06038844554876663,-0.14765075577825257,-8.448203914213082e-08,-7.880425556550108e-08,-8.305931231689101e-08,4.163722078232013e-08,-2.0755702934138753e-08,1.1474325656291029e-10,2.1336937772176157e-10,1.458224652139961e-10,-7.175447920823801e-12,8.448203914213082e-08,0,True,True,,converged
cheq_0030,Matin,20.0,0.3,0.531,101325.0,phase2_epcsaft_activity_speciation,1.0000000000000002e-12,balance_inferred,0.004630991754783447,direct_positive,0.055385514990770546,direct_positive,0.0445898989367283,direct_positive,0.011041947869364802,direct_positive,1.0000000000000002e-12,balance_inferred,0.0002463318173225524,balance_inferred,1.0000000000000002e-12,balance_inferred,0.06001650674555399,aggregate_direct_positive,3.1864394014408914e-05,,0.0009255429704136419,-0.6992774211031363,0.060028117101858354,0.03495852281788302,0.05128893232785719,0.06078717051289253,0.00782089483312912,-0.14978924643347147,0.0004591250156194124,,8.60239508576274e-12,,3.992876793818427e-08,,0.060953660072271994,0.006729074971598474,7.955080505439582e-08,6.965426990745982e-08,7.175290051009142e-08,-3.456318342642817e-08,6.656821938122448e-08,-3.5357758387810634e-12,-1.759221934793942e-11,8.927951711257265e-10,-9.940196051207395e-12,7.955080505439582e-08,0,True,True,,converged
cheq_0031,Jakobsen,20.0,0.3,0.6,101325.0,phase2_epcsaft_activity_speciation,0.003587895287179273,balance_inferred,0.0009013395768027088,direct_positive,0.06454486947430331,direct_positive,0.051295797373311774,direct_positive,0.01379156513200516,direct_positive,0.001397747744592255,direct_positive,0.0033379885201981338,balance_inferred,9.999999999999998e-13,balance_inferred,0.06544620905110601,aggregate_direct_positive,0.00033511559061963066,,0.00032031959691991433,-0.4493049315682113,0.06730616974147333,0.0181931495476852,0.04458206456936861,-0.0609216086103676,0.02209180986273415,0.20461774196817242,0.00031614234669793295,-0.6455461274534351,2.4131454450679154e-11,,1.0658185318416132e-08,,0.06762648933839324,0.014232347430187925,-4.285947952098468e-08,-5.1645969278979464e-08,-6.184500023209694e-08,3.2809644778808433e-08,8.238608018018567e-09,2.4290368327850587e-10,3.6615870058209765e-10,1.476336386474486e-09,-1.6944074852059783e-11,6.184500023209694e-08,0,True,True,,converged
cheq_0032,Bottinger,20.0,0.3,0.609,101325.0,phase2_epcsaft_activity_speciation,0.012225518751629002,balance_inferred,0.026477440951564256,balance_inferred,0.062014679310611984,balance_inferred,0.039977650446248146,direct_positive,0.025376923034404267,direct_positive,0.0006602108733352429,balance_inferred,0.004660315916710914,balance_inferred,1e-12,balance_inferred,0.08849212026217623,aggregate_direct_positive,0.0004081512669643669,,0.0002940600409572411,,0.06822289719785286,,0.04368339868116073,0.038499153927751203,0.023937444569632003,-0.025361176864192207,0.00030102224645569555,,2.6154270748888983e-11,,9.485866874794788e-09,,0.0685169572388101,-0.11110653268740507,-8.200616363751578e-08,-8.053406830299537e-08,-8.676316554101504e-08,4.3041607611371546e-08,-3.423573957661574e-08,1.2604398080817703e-10,1.9320640920472698e-10,2.173797808424638e-10,-5.209991625945899e-12,8.676316554101504e-08,0,True,True,,converged
cheq_0033,Bottinger,20.0,0.3,0.704,101325.0,phase2_epcsaft_activity_speciation,0.01356586698480684,balance_inferred,0.012248748113829214,balance_inferred,0.07981063751224429,balance_inferred,0.03238281613212901,direct_positive,0.040906938976947936,direct_positive,0.000755971636072122,balance_inferred,1e-12,balance_inferred,0.005008939131023099,balance_inferred,0.0920593856260735,aggregate_direct_positive,0.0018524814140444459,,0.0001542531481674257,,0.07720483414558346,,0.03467914806759593,0.029753806051347708,0.04216089407574244,0.013112829156041254,0.00018239415771468122,,4.668509172678976e-11,,3.742130347578086e-09,,0.07735908729375089,-0.0755567350641165,-6.441310773652731e-08,-6.951577802283282e-08,-7.407690816307877e-08,3.7418957710144696e-08,-3.012274163438633e-08,1.3777007312754108e-10,1.6838315464173803e-10,3.0166258380148747e-10,-8.012393571593783e-12,7.407690816307877e-08,0,True,True,,converged
cheq_0034,Jakobsen,20.0,0.3,0.78,101325.0,phase2_epcsaft_activity_speciation,0.006476144360208013,direct_positive,0.0003010596195983753,direct_positive,0.07639656024397982,direct_positive,0.038388592253268475,direct_positive,0.04353171692523085,direct_positive,0.0013986242899047658,direct_positive,0.008320997514329034,balance_inferred,1e-12,balance_inferred,0.0766976198635782,aggregate_direct_positive,0.004116188226722833,-0.19682129494082642,0.00010863321787293771,-0.4426898643886313,0.08320182253807736,0.03705903472503996,0.028473687342048432,-0.1297584744943293,0.05447537936511245,0.09739446693229077,0.0001263768744600749,-1.0440334561268547,6.17967329943581e-11,,2.23501776547487e-09,,0.0833104557559503,0.03591762350088697,5.941486591609646e-08,1.3741956905732877e-08,1.890533596338173e-08,-3.551463567674773e-08,1.820652073547535e-08,7.872506674333479e-10,7.821353981141144e-10,3.8905575427961026e-09,-8.422748492296725e-11,5.941486591609646e-08,0,True,True,,converged
cheq_0035,Bottinger,20.0,0.3,0.832,101325.0,phase2_epcsaft_activity_speciation,0.019741155162906063,balance_inferred,0.005675434215140747,balance_inferred,0.09772361736477557,balance_inferred,0.01979466990512122,direct_positive,0.062183951003424984,direct_positive,0.0007859772121375359,balance_inferred,1e-12,balance_inferred,0.014173042031954297,balance_inferred,0.10339905157991632,aggregate_direct_positive,0.006298487185027182,,8.876076791204673e-05,,0.08660268789750862,,0.024847739471323193,0.09873862095189703,0.06155380894493805,-0.004423380296279598,0.00010056893279815529,,7.13736393536281e-11,,1.6895404152260447e-09,,0.08669144866542067,-0.07654029491252409,-9.75002123482227e-09,4.5120547298438396e-08,4.078907167581747e-08,6.514941475188607e-09,-5.330964114591552e-09,2.2264357024681658e-11,2.1985871456742245e-11,4.379374640706146e-11,-2.3154152576241555e-12,4.5120547298438396e-08,0,True,True,,converged
cheq_0036,Bottinger,20.0,0.3,0.929,101325.0,phase2_epcsaft_activity_speciation,0.02353244999427876,direct_positive,0.005668496609126448,balance_inferred,0.10530459371129086,balance_inferred,0.011799087738710265,direct_positive,0.07793674176906909,direct_positive,0.0007990775663327345,balance_inferred,1e-12,balance_inferred,0.013970609070846046,balance_inferred,0.11097309032041731,aggregate_direct_positive,0.011637788164322989,-0.30579669677143995,6.364613905620947e-05,,0.0914945015649302,,0.019381724352200206,0.215543982140805,0.07197448107775987,-0.03456370329797985,6.914755060202607e-05,,8.746510486430317e-11,,1.1250021350155093e-09,,0.09155814770398642,-0.08352068224866235,1.5486634197259264e-10,-6.903736604613187e-08,-6.532200202968852e-08,-2.5581883278391615e-09,-6.117726769616638e-09,2.548820876580038e-11,2.2812890465573332e-11,4.71458427853122e-11,-3.4550811173176345e-12,6.903736604613187e-08,0,True,True,,converged
cheq_0037,Bottinger,20.0,0.3,0.974,101325.0,phase2_epcsaft_activity_speciation,0.024250319553539647,direct_positive,0.00566707670501379,balance_inferred,0.10954790001850848,balance_inferred,0.011399685327839564,direct_positive,0.08686599116990862,direct_positive,0.000821462090254469,balance_inferred,9.999999999999998e-13,balance_inferred,0.009639299340251357,balance_inferred,0.11521497672352227,aggregate_direct_positive,0.01458570707779232,-0.22078997834681854,5.522874127793051e-05,,0.09320680407193654,,0.017346946653140797,0.18233017949037778,0.07574112800276045,-0.05951801073794116,5.9364274083562564e-05,,9.414287776962661e-11,,9.690368666001495e-10,,0.09326203281321448,-0.09180405897911466,-6.4302909663638275e-09,-5.664326607757175e-08,-5.3059704185898227e-08,1.5133676534162532e-09,-1.2817764627470751e-08,4.692979338472014e-11,4.1094225244897586e-11,6.760902948599323e-11,-6.427134665652774e-12,5.664326607757175e-08,0,True,True,,converged
cheq_0038,Jakobsen,20.0,0.3,0.99,101325.0,phase2_epcsaft_activity_speciation,0.01503562816143535,direct_positive,0.000600602251787201,direct_positive,0.08364003657625428,direct_positive,0.027598839009286558,direct_positive,0.06640630818869302,direct_positive,0.001699376329483809,direct_positive,0.013763863280692915,balance_inferred,1e-12,balance_inferred,0.08424063882804149,aggregate_direct_positive,0.015693182706757087,0.018589454162990807,5.258468554485348e-05,-1.0577276749371614,0.09374303545242818,0.04952479804738797,0.016689049412510138,-0.21845921262493373,0.07694119627345737,0.06394959776904494,5.639447681829401e-05,-1.4790529927126266,9.64006430853451e-11,,9.234437163611897e-10,,0.09379562013797303,0.04666090751569719,1.1227022866933112e-08,-4.242554041411495e-08,-3.820078831040519e-08,-6.50897913345716e-09,1.1598331184359267e-09,6.318170986396865e-11,5.0368445525528216e-11,2.9635893739055064e-10,-1.3000979798252384e-11,4.242554041411495e-08,0,True,True,,converged
cheq_0039,Jakobsen,40.0,0.3,0.11,101325.0,phase2_epcsaft_activity_speciation,0.002225966348465273,balance_inferred,0.09871449123370506,direct_positive,0.006500926281936122,direct_positive,0.01028058732351995,direct_positive,9.916780474400801e-05,direct_positive,9.91675227045985e-05,direct_positive,0.004077163891737032,balance_inferred,1.0000000000000002e-12,balance_inferred,0.10521541751564117,aggregate_direct_positive,5.829331740603899e-10,,0.08753891564077597,-0.0521797489118728,0.012647241416019597,0.2890205673075217,0.01206001216440418,0.06932981951814757,2.1427040479297103e-05,-0.6654085093899458,0.000265638832343389,0.4279220982667573,2.875909360937105e-13,,3.452455841153317e-05,,0.10018615705679557,-0.021271664645463595,-4.0165973658190524e-08,-3.56655469602174e-08,-8.120420602608647e-08,1.197258114871147e-08,1.4810417781063734e-08,2.1231421135081696e-11,1.4067669251716097e-10,1.6559853488473664e-10,-1.1532209147585397e-11,8.120420602608647e-08,0,True,True,,converged
cheq_0040,Bottinger,40.0,0.3,0.125,101325.0,phase2_epcsaft_activity_speciation,0.0025550822124158603,balance_inferred,0.10999943250210673,balance_inferred,0.011707182428181143,balance_inferred,0.014373846939867556,direct_positive,1e-12,direct_zero,8.154389255245427e-05,balance_inferred,0.0028297522977913225,balance_inferred,1e-12,balance_inferred,0.12170661493028787,aggregate_direct_positive,8.189006217179608e-10,,0.0841813005843382,,0.014332222129641485,,0.01373264649181394,-0.019818775437034645,2.5691708471159653e-05,,0.0002724321179618977,,3.210642565612024e-13,,2.901982296273257e-05,,0.09851352271397969,-0.09181833425681692,5.462286090107682e-08,4.1484309321049295e-08,4.818645038540126e-09,4.960044819313225e-09,7.897234155507249e-08,3.143419552431581e-12,1.3225720518761364e-10,3.2326363808010683e-12,-1.2742126027676407e-10,7.897234155507249e-08,0,True,True,,converged
cheq_0041,Bottinger,40.0,0.3,0.205,101325.0,phase2_epcsaft_activity_speciation,0.004180290488561392,balance_inferred,0.09520010069049785,balance_inferred,0.01942917713817493,balance_inferred,0.02405843132691904,direct_positive,1.0000000000521259e-12,direct_zero,0.0001929518223818289,balance_inferred,0.005015157834507768,balance_inferred,1e-12,balance_inferred,0.11462927782867277,aggregate_direct_positive,3.8790918534288165e-09,,0.06627079548505055,,0.023310474658980337,,0.02266489863126515,-0.02591352576557201,5.83404375738149e-05,,0.0002872216485776112,,5.091208605246982e-13,,1.2792453592940025e-05,,0.08958127014403089,-0.10707834046123348,8.598403056225834e-08,7.000793900147073e-08,5.97142992830868e-08,-1.9049064547971284e-09,8.766321002440236e-08,4.906342693233867e-12,3.550731930701545e-11,4.8653303608148235e-12,-1.5649661297759132e-10,8.766321002440236e-08,0,True,True,,converged
cheq_0042,Jakobsen,40.0,0.3,0.21,101325.0,phase2_epcsaft_activity_speciation,0.00037991201834627187,balance_inferred,0.07368093446337402,direct_positive,0.016109210934935912,direct_positive,0.017480233931047275,direct_positive,0.001991873311595627,direct_positive,0.00268518408000567,direct_positive,0.008733264467718327,balance_inferred,1e-12,balance_inferred,0.08979014539830993,aggregate_direct_positive,4.244955403324382e-09,,0.06515175342277812,-0.05342901686163094,0.023871320384684338,0.17080217339777634,0.02322309474346701,0.12337285364671956,6.115524028614181e-05,-1.5128280357844213,0.0002874411733835663,-0.9704250865994059,5.22347674127175e-13,,1.2188066821345028e-05,,0.08902307380746247,-0.003726089202099279,1.8467211759798374e-08,1.142988281799262e-08,-2.852524261243161e-08,-8.078764324181975e-10,6.667615082278644e-08,-8.52363318815108e-12,-7.034882398837539e-11,7.632109388922004e-10,-1.1855490832210665e-11,6.667615082278644e-08,0,True,True,,converged
cheq_0043,Bottinger,40.0,0.3,0.236,101325.0,phase2_epcsaft_activity_speciation,0.004852979561224787,balance_inferred,0.08691896274111698,balance_inferred,0.022275026223133137,balance_inferred,0.02706600000727445,direct_positive,1e-12,direct_zero,0.00023899348364468735,balance_inferred,0.005268960752430687,balance_inferred,1e-12,balance_inferred,0.10919398896425012,aggregate_direct_positive,6.760006109548391e-09,,0.05933446411596263,,0.02678742833160949,,0.02612427597563622,-0.015379814618420525,7.79565569236988e-05,,0.00028785645589496763,,5.964649747522965e-13,,9.482917329424735e-06,,0.08612189244757212,-0.10308516701775552,4.45228298673328e-08,4.099878836427706e-08,3.129960290948475e-08,-1.312052688717813e-10,5.691753912628883e-08,1.3794208830741894e-12,3.4350022826146187e-12,1.3704593015972932e-12,-2.871272246824958e-11,5.691753912628883e-08,0,True,True,,converged
cheq_0044,Jakobsen,40.0,0.3,0.25,101325.0,phase2_epcsaft_activity_speciation,0.00017481889247458057,balance_inferred,0.05731027727939311,direct_positive,0.022014477523318483,direct_positive,0.02517769579020301,direct_positive,0.0003927694874002198,direct_positive,0.00039276947647358027,direct_positive,0.004341526707231907,balance_inferred,1e-12,balance_inferred,0.07932475480271159,aggregate_direct_positive,8.683477864326442e-09,,0.056203625514285836,-0.008468178266048192,0.028357506144459352,0.10995965218936686,0.0276850363090924,0.041229115555835305,8.880385965058913e-05,-0.6457059001489087,0.00028769314601410673,-0.13520821443716774,6.410658840281922e-13,,8.279696102792704e-06,,0.08456113165874518,0.027762048038003362,5.2147287377124485e-08,4.165800504551953e-08,1.3429964695887975e-08,-7.082997299789895e-09,9.109026066767001e-08,-2.7976693878217773e-11,-1.3632385498230093e-10,9.712474158263262e-10,-1.1452212601495556e-11,9.109026066767001e-08,0,True,True,,converged
cheq_0045,Bottinger,40.0,0.3,0.28,101325.0,phase2_epcsaft_activity_speciation,0.005757634068454888,balance_inferred,0.07906695324679774,balance_inferred,0.02652448673761285,balance_inferred,0.032661783731932195,direct_positive,9.999999999999998e-13,direct_zero,0.00029223137847576874,balance_inferred,0.00672175975227088,balance_inferred,9.999999999999998e-13,balance_inferred,0.10559143998441059,aggregate_direct_positive,1.495967715083254e-08,,0.049499943069444434,,0.031721802470520054,,0.031024421964496705,-0.022336200193587598,0.00011775894989900056,,0.0002867310314953426,,7.523584501800785e-13,,6.159579155633752e-06,,0.08122174553996449,-0.11395639383748095,4.860240743198574e-08,3.631859613051347e-08,1.7194356161098767e-08,-3.770573187011905e-09,6.282397890799984e-08,5.8002005975943405e-12,5.759795418391889e-12,5.7625015870144125e-12,-8.267134411702045e-11,6.282397890799984e-08,0,True,True,,converged
cheq_0046,Jakobsen,40.0,0.3,0.29,101325.0,phase2_epcsaft_activity_speciation,0.0026583119892473863,balance_inferred,0.05713970631292249,direct_positive,0.02263408256982492,direct_positive,0.027876633094357003,direct_positive,0.00029633512666193225,direct_positive,0.0003963361536360672,direct_positive,0.006331557958466152,balance_inferred,1e-12,balance_inferred,0.07977378888274742,aggregate_direct_positive,1.8006224299202002e-08,,0.04726747354608545,-0.08237561404780515,0.032843209147461486,0.161682690056366,0.03213548432982821,0.06174453072624104,0.00012961507037380346,-0.35912763448562385,0.0002862710367633614,-0.14128627946450825,7.956782037406466e-13,,5.567686693984799e-06,,0.08011068269354693,0.0018302132547510514,4.050796320598238e-08,2.9678151491907556e-08,1.1426593005126051e-09,-8.75934702548875e-09,7.361801124261547e-08,-2.857040992676474e-12,-3.1261479516153656e-11,9.133747091993882e-10,-1.1782036840603217e-11,7.361801124261547e-08,0,True,True,,converged
cheq_0047,Bottinger,40.0,0.3,0.343,101325.0,phase2_epcsaft_activity_speciation,0.0071480411026698856,balance_inferred,0.06570237813697248,balance_inferred,0.03203574530001341,balance_inferred,0.039578391473694734,direct_positive,1.0000000000000002e-12,direct_zero,0.00037359576826064786,balance_inferred,0.00828983771120262,balance_inferred,1.0000000000000002e-12,balance_inferred,0.09773812343698589,aggregate_direct_positive,5.128057200861652e-08,,0.0354645168305802,,0.03878671613109494,,0.037994930685806366,-0.017732483274637504,0.0002222644915936022,,0.00028318767541199034,,1.1112316143705195e-12,,3.1456083069167898e-06,,0.07425123296167514,-0.11936032673224724,-7.396471524145909e-08,-6.944323516222539e-08,-8.603040058119404e-08,2.1133065075673585e-08,-4.9056197326535766e-08,8.603182055644254e-11,2.4437088463891143e-10,6.7346128673761996e-12,-4.164364113064294e-12,8.603040058119404e-08,0,True,True,,converged
cheq_0048,Bottinger,40.0,0.3,0.354,101325.0,phase2_epcsaft_activity_speciation,0.0073865616571188895,balance_inferred,0.06373376991344547,balance_inferred,0.03300642662786423,balance_inferred,0.04098003321017219,direct_positive,1.0000000000126058e-12,direct_zero,0.00038680164771554015,balance_inferred,0.008747209878739039,balance_inferred,1e-12,balance_inferred,0.09674019654130969,aggregate_direct_positive,6.500756084492332e-08,,0.03302426213348084,,0.04002029615871892,,0.039201603818965876,-0.019268470744614078,0.00025101696154526513,,0.0002824556016350762,,1.2043409464582574e-12,,2.7641805261737278e-06,,0.07304455829219976,-0.12201909818242815,-7.893455311602793e-08,-6.904217286773928e-08,-9.459455441174214e-08,2.6766477034811942e-08,-5.0107004767596663e-08,9.051507460222652e-11,2.4929554254260466e-10,9.532152844826669e-12,-4.216660977125113e-12,9.459455441174214e-08,0,True,True,,converged
cheq_0049,Jakobsen,40.0,0.3,0.4,101325.0,phase2_epcsaft_activity_speciation,0.0031618027207650353,balance_inferred,0.03801447740675499,direct_positive,0.047956021751242764,direct_positive,0.04842277094501432,direct_positive,0.0011970601874781272,direct_positive,0.0009970601381702185,direct_positive,0.0036579296575901246,balance_inferred,9.999999999999998e-13,balance_inferred,0.08597049915799776,aggregate_direct_positive,1.9932864168596682e-07,,0.0228927546090234,-0.22025097149425457,0.04517878195724273,-0.0259086305625624,0.04417461043504442,-0.0398769096274101,0.00044463117227962364,-0.43011608000156276,0.00027901786731531755,-0.5530893389424272,1.8063852351152518e-12,,1.5046215913717973e-06,,0.06807153656626613,-0.10138389436177193,-7.130995172133225e-08,-6.745598213342419e-08,-8.577321963798568e-08,2.510143026768219e-08,-4.223361571575879e-08,9.21888468341514e-11,2.2387618148211885e-10,9.808642786879318e-11,-4.303705525762137e-12,8.577321963798568e-08,0,True,True,,converged
cheq_0050,Bottinger,40.0,0.3,0.46,101325.0,phase2_epcsaft_activity_speciation,0.010090557716736708,balance_inferred,0.042245520312077164,balance_inferred,0.03865748479360549,balance_inferred,0.04925192217841119,direct_positive,1.5076062151110101e-07,direct_zero,0.0005271893772479862,balance_inferred,0.011648966899923188,balance_inferred,1e-12,balance_inferred,0.08090300510568266,aggregate_direct_positive,1.6161833657479119e-06,,0.010258261760616493,,0.05190328689693121,,0.05008443927648706,0.007279631382260523,0.0012758413981048295,,0.00027125759534751777,,4.25989347387459e-12,,4.910414668621569e-07,,0.0621615486575477,-0.11444282789088131,-6.54813039346891e-08,-6.135997665523973e-08,-7.771084753471769e-08,2.744935745369048e-08,-3.209911980661673e-08,9.192539784930176e-11,1.922943471122096e-10,1.1960710200042968e-10,-5.289571649799362e-12,7.771084753471769e-08,0,True,True,,converged
cheq_0051,Bottinger,40.0,0.3,0.466,101325.0,phase2_epcsaft_activity_speciation,0.009811409935381642,balance_inferred,0.04559667209241443,balance_inferred,0.04267118468916493,balance_inferred,0.050196397456096484,direct_positive,0.003999945815496923,direct_positive,0.0005166886792767255,balance_inferred,0.012558535940981936,balance_inferred,1.0000000000000002e-12,balance_inferred,0.08826785678157936,aggregate_direct_positive,2.1480573447504548e-06,,0.00910677096849785,,0.05257466401367354,,0.05056449320748398,0.003173109402724325,0.0014701741212263977,-0.43468533447813146,0.00026978715264519825,,4.825237255090872e-12,,4.223878785630556e-07,,0.06168143498217139,-0.15564811291185512,-5.3001475208702686e-08,-4.949328413772491e-08,-5.99487179897551e-08,2.2051030335035193e-08,-2.8750132941013362e-08,6.485011139201191e-11,1.344303418582271e-10,3.1667113375988265e-11,-3.2125374120225327e-12,5.99487179897551e-08,0,True,True,,converged
cheq_0052,Bottinger,40.0,0.3,0.487,101325.0,phase2_epcsaft_activity_speciation,0.0102761901594432,balance_inferred,0.04236830832681315,balance_inferred,0.04434876349521119,balance_inferred,0.05109979369307248,direct_positive,0.005199989777537232,direct_positive,0.0005408386934107652,balance_inferred,0.013032697362220048,balance_inferred,1e-12,balance_inferred,0.08671707182202434,aggregate_direct_positive,6.788097419510499e-06,,0.0055284295510315325,,0.054918794654804676,,0.05179818315520284,0.005895380189768898,0.002596702919725713,-0.3015802236102092,0.0002618392150014037,,8.089556862435227e-12,,2.3016179727484795e-07,,0.06044722420583621,-0.15672824216901873,-5.320339546699415e-08,-5.025906801847668e-08,-6.168896504732402e-08,2.346324556867785e-08,-2.823419009700956e-08,6.722189471730644e-11,1.331195431664156e-10,3.959221839267002e-11,-3.635690470398828e-12,6.168896504732402e-08,0,True,True,,converged
cheq_0053,Bottinger,40.0,0.3,0.508,101325.0,phase2_epcsaft_activity_speciation,0.010644991432994055,balance_inferred,0.03985807219106833,balance_inferred,0.046885912396256224,balance_inferred,0.048293131371159426,direct_positive,0.009099491199282193,direct_positive,0.0005615160010819093,balance_inferred,0.011629742176349217,balance_inferred,9.999999999999998e-13,balance_inferred,0.08674398458732455,aggregate_direct_positive,2.4515577608096937e-05,,0.0030981825937887965,,0.05724241919187464,,0.051902815722019865,0.03130555254729897,0.004845162809040131,-0.2737087343331028,0.0002471619863481578,,1.45983141857173e-11,,1.1670559419759043e-07,,0.06034060178566343,-0.15762973045687428,-4.708056522417792e-08,-4.5246515867347625e-08,-6.020253451310964e-08,2.184050895692735e-08,-2.4798275433113304e-08,6.324393786449889e-11,1.224228635132718e-10,5.51356738043296e-11,-2.722395350259896e-12,6.020253451310964e-08,0,True,True,,converged
cheq_0054,Jakobsen,40.0,0.3,0.6,101325.0,phase2_epcsaft_activity_speciation,0.0036421429637546582,balance_inferred,0.0028026163797143532,direct_positive,0.06224530567469472,direct_positive,0.04885588278363302,direct_positive,0.014972803014391974,direct_positive,0.0008977612992950913,direct_positive,0.00337890272192047,balance_inferred,9.999999999999998e-13,balance_inferred,0.06504792205440907,aggregate_direct_positive,0.0006788526062266022,,0.0006924864777256123,-0.6071523585915973,0.06678343650399261,0.03056215895358643,0.044694047815076736,-0.03866717573808095,0.021768793993884372,0.1625312585492113,0.00016028813202637347,-0.7482595121674779,6.436302487053339e-11,,1.8530997891881474e-08,,0.06747592298171823,0.01591540619486057,4.9793960954502836e-08,1.154598550101582e-08,-2.653323605272817e-08,-2.851594516073419e-08,8.193726941385648e-08,5.613282616501181e-10,8.275159724124848e-10,4.688382237993949e-09,-3.342895889149141e-11,8.193726941385648e-08,0,True,True,,converged
cheq_0055,Bottinger,40.0,0.3,0.663,101325.0,phase2_epcsaft_activity_speciation,0.012168462869515666,balance_inferred,0.019326355753999026,balance_inferred,0.08199267273224524,balance_inferred,0.03466340755505127,direct_positive,0.042634699183870695,direct_positive,0.0006971862962304952,balance_inferred,1e-12,balance_inferred,0.0033001934008622946,balance_inferred,0.10131902848624427,aggregate_direct_positive,0.0019553267415407254,,0.0004371298580428182,,0.07243745411480788,,0.03915210738635781,0.05288388978751688,0.03304718749130352,-0.11062869869693143,0.0001190747622748948,,9.854201982518783e-11,,9.81584075351144e-09,,0.0728745839728507,-0.14311492836668424,-6.255576323610512e-08,-6.31621546176575e-08,-7.816761637968739e-08,3.524350145056587e-08,-3.0927747474152056e-08,9.89191784039889e-11,1.3468112736170212e-10,9.796474742529426e-11,-4.384864732408312e-12,7.816761637968739e-08,0,True,True,,converged
cheq_0056,Bottinger,40.0,0.3,0.683,101325.0,phase2_epcsaft_activity_speciation,0.013258511341291447,balance_inferred,0.015443633872354267,balance_inferred,0.07583838350451516,balance_inferred,0.032282566057896506,direct_positive,0.038123156016983815,direct_positive,0.0007341613600489686,balance_inferred,1.0000000000000002e-12,balance_inferred,0.003964338709536914,balance_inferred,0.09128201737686943,aggregate_direct_positive,0.002525305853582218,,0.0003910273515571989,,0.07405422529765439,,0.037517460737473265,0.06526538834591979,0.03631877704509757,-0.021057630242366992,0.00010898962497516034,,1.0866249952477027e-10,,8.382037715920291e-09,,0.07444525264921159,-0.08854822148885862,-5.0823960151547e-08,-5.403691716310277e-08,-6.805083430094783e-08,3.035245121907337e-08,-2.55481005240199e-08,1.2531116422298538e-10,1.5890139204444154e-10,2.9666957779284076e-10,-7.674492042677627e-12,6.805083430094783e-08,0,True,True,,converged
cheq_0057,Bottinger,40.0,0.3,0.762,101325.0,phase2_epcsaft_activity_speciation,0.014617067517411982,balance_inferred,0.00571720265709565,balance_inferred,0.09817210582014556,balance_inferred,0.018792701727678888,direct_positive,0.05929165340758001,direct_positive,0.0007899184143148667,balance_inferred,1e-12,balance_inferred,0.018507913856256927,balance_inferred,0.1038893084772412,aggregate_direct_positive,0.005549863221868646,,0.00027470005268009136,,0.07958627816743691,,0.031762240185286235,0.227921904732015,0.047665545057018914,-0.09478899769591607,7.924398700876184e-05,,1.446850727846547e-10,,5.110343086515335e-09,,0.079860978220117,-0.11423622988588555,-4.265191222430076e-08,-5.2068710232333615e-08,-5.5509229213157596e-08,2.6209086456674413e-08,-2.6858966606368995e-08,1.472914845646045e-10,1.6136569858105076e-10,3.4775726742708457e-10,-1.3472609687978168e-11,5.5509229213157596e-08,0,True,True,,converged
cheq_0058,Jakobsen,40.0,0.3,0.78,101325.0,phase2_epcsaft_activity_speciation,0.00653558670962732,direct_positive,0.0012010544019588464,direct_positive,0.07576578616624759,direct_positive,0.03868738089045483,direct_positive,0.04411667039278272,direct_positive,0.0008986307204138038,direct_positive,0.008835526557817568,balance_inferred,1.0000000000000002e-12,balance_inferred,0.07696684056820643,aggregate_direct_positive,0.00640148366983318,-0.009003939003242556,0.00025683717644927765,-0.6699047924538652,0.08066426597365232,0.02720805223106018,0.03060652465559654,-0.10175531063937167,0.04990934645364357,0.05357915536256583,7.419527957559605e-05,-1.08320498558049,1.5200091494657327e-10,,4.666877836735228e-09,,0.0809211031501016,0.02175813516336809,8.946773277784814e-08,3.819583938025062e-08,-5.832832528085419e-08,-2.443599322887735e-08,1.589647524724569e-08,1.6289391641111095e-09,1.649159683814183e-09,7.719854644427926e-09,-1.93982811915063e-10,8.946773277784814e-08,0,True,True,,converged
cheq_0059,Jakobsen,40.0,0.3,0.99,101325.0,phase2_epcsaft_activity_speciation,0.015629020841456457,direct_positive,0.0014005880740057346,direct_positive,0.08535785478793112,direct_positive,0.031198543902480537,direct_positive,0.06887118012809647,direct_positive,0.0010993907394860338,direct_positive,0.016910650721617956,balance_inferred,9.999999999999998e-13,balance_inferred,0.08675844286193686,aggregate_direct_positive,0.019622812588814934,0.09882948575283387,0.00013836853617930106,-1.0052730775148953,0.08936037081134462,0.019901470394737265,0.02054484441222333,-0.18143146844927116,0.06873545756896934,-0.0008566967204297138,4.003340064790686e-05,-1.4387295915133247,2.1592634674350366e-10,,2.292710442352791e-09,,0.08949873934752392,0.013505169309703167,-3.4682290817045214e-08,-6.472841818094821e-08,-6.043833167268531e-08,2.6606745695545442e-08,-3.1839931580179837e-08,2.703658685820898e-10,2.2811860733717992e-10,8.036418197576722e-10,-4.399804015837387e-11,6.472841818094821e-08,0,True,True,,converged
cheq_0060,Bottinger,60.0,0.3,0.131,101325.0,phase2_epcsaft_activity_speciation,0.00269370226901012,balance_inferred,0.10644687294189824,balance_inferred,0.01223958503041976,balance_inferred,0.014678085117245825,direct_positive,1.0000000000013284e-12,direct_zero,9.931960531311703e-05,balance_inferred,0.0026371392984522995,balance_inferred,1e-12,balance_inferred,0.118686457972318,aggregate_direct_positive,8.129038155831467e-09,,0.08287338459960983,,0.014858609712370267,,0.014514174021872907,-0.004877075940310488,5.5556450094848987e-05,,0.00013450944219128952,,1.4242775810516995e-12,,1.986049772052362e-05,,0.0977319943119801,-0.0843644080941386,6.694944687524185e-08,5.329847851953673e-08,3.7367186678238795e-08,-1.5910845974076437e-09,7.219253816970195e-08,1.3943481785849698e-12,7.487152564600308e-11,1.3982148772129221e-12,-1.3824354845143024e-10,7.219253816970195e-08,0,True,True,,converged
cheq_0061,Bottinger,60.0,0.3,0.203,101325.0,phase2_epcsaft_activity_speciation,0.0041735514302666,balance_inferred,0.09299582198792017,balance_inferred,0.01910616963212731,balance_inferred,0.02306928860855935,direct_positive,1.0000000000000002e-12,direct_zero,0.00019747490050036644,balance_inferred,0.00435806877843277,balance_inferred,1.0000000000000002e-12,balance_inferred,0.11210199162004748,aggregate_direct_positive,3.2522962362831666e-08,,0.06677942745255917,,0.022934380135442155,,0.02253235794651682,-0.010227560545681956,0.0001146804738224055,,0.00013890065945570336,,2.1857935088956083e-12,,9.540437726918485e-06,,0.08971380758800132,-0.09675403922813193,1.9895018965598865e-10,-3.5312801571762975e-09,8.163369003000298e-08,-1.951518058262991e-09,1.999368848260019e-08,6.414938025223194e-13,6.771833094276758e-12,6.397105067890152e-13,-3.847295872759038e-11,8.163369003000298e-08,0,True,True,,converged
cheq_0062,Bottinger,60.0,0.3,0.277,101325.0,phase2_epcsaft_activity_speciation,0.005801835832779823,balance_inferred,0.07513560156870003,balance_inferred,0.025686317872765874,balance_inferred,0.030186922923996346,direct_positive,1e-12,direct_zero,0.0003009483674116272,balance_inferred,0.005102501787053727,balance_inferred,1e-12,balance_inferred,0.1008219194414659,aggregate_direct_positive,1.2183639708835164e-07,,0.05028460126443607,,0.031234586018511735,,0.030726968546893052,0.007700869986267416,0.00022724316494973778,,0.00013785161855453564,,3.2552686715428885e-12,,4.671076391905555e-06,,0.0815191872829478,-0.09229511999254761,-8.178665211744374e-08,-7.613932240246868e-08,-9.714498716562048e-08,1.7820367403942328e-08,-5.747288867041789e-08,1.0187028304242673e-10,3.610106241724864e-10,3.4253266889550105e-11,-3.468906354350853e-12,9.714498716562048e-08,0,True,True,,converged
cheq_0063,Bottinger,60.0,0.3,0.415,101325.0,phase2_epcsaft_activity_speciation,0.008741498150691942,balance_inferred,0.05300868070630042,balance_inferred,0.03806049424281818,balance_inferred,0.04169624203823402,direct_positive,0.004199925734444995,direct_positive,0.0004600905464161587,balance_inferred,0.008755854622693154,balance_inferred,1e-12,balance_inferred,0.0910691749491186,aggregate_direct_positive,2.4466633689135436e-06,,0.02013660682031894,,0.04671233646451467,,0.04539695145228348,0.036929774568045845,0.0010508281769532738,-0.6017099015539116,0.00013182002546600083,,9.348811991066543e-12,,9.167966897271928e-07,,0.06684894328483361,-0.13427685551757074,-6.475732305943893e-08,-5.989762641434027e-08,-7.966781367940712e-08,2.457718828452471e-08,-3.880611743056761e-08,8.955453739689645e-11,2.1080229228864766e-10,7.806599811033266e-11,-2.861699192136384e-12,7.966781367940712e-08,0,True,True,,converged
cheq_0064,Bottinger,60.0,0.3,0.489,101325.0,phase2_epcsaft_activity_speciation,0.010592186837492839,balance_inferred,0.03983825571595502,balance_inferred,0.042014998252982334,balance_inferred,0.04242348587877391,direct_positive,0.007201320482920129,direct_positive,0.0005533827801452388,balance_inferred,0.008716573669002184,balance_inferred,9.999999999999998e-13,balance_inferred,0.08185325396893736,aggregate_direct_positive,3.832800152172892e-05,,0.006654920862161095,,0.054969505438092814,,0.05061744082219216,0.07669383277179156,0.004109153933971696,-0.24365972813912384,0.00012135026814146713,,3.026614413530983e-11,,2.1018038875576612e-07,,0.06162442630025391,-0.12328305971038425,-4.372999384827381e-08,-4.2982318149142884e-08,-5.505653533077748e-08,1.803781479736699e-08,-2.4046538982247512e-08,7.386245781670908e-11,1.453271530893474e-10,1.80085280021558e-10,-4.243824508183179e-12,5.505653533077748e-08,0,True,True,,converged
cheq_0065,Bottinger,60.0,0.3,0.559,101325.0,phase2_epcsaft_activity_speciation,0.011519612801398247,balance_inferred,0.033235365699416784,balance_inferred,0.05349848278744414,balance_inferred,0.04548319582599983,direct_positive,0.016295083037270817,direct_positive,0.0006124488399420424,balance_inferred,0.009504693755710586,balance_inferred,1e-12,balance_inferred,0.08673384848686091,aggregate_direct_positive,0.0005457821562951404,,0.0020536485819425375,,0.06225984910491425,,0.04787140972857957,0.02222524457178708,0.0141999524706023,-0.059769687169694184,9.421889395550698e-05,,9.974443572501666e-11,,4.9221342604014216e-08,,0.06431349768685679,-0.12988648768267977,-7.819509661999291e-08,-7.739054908029175e-08,-9.72131566356893e-08,3.787353630713142e-08,-4.14423624306437e-08,1.2938162347042592e-10,2.2437222912952137e-10,1.585580555740762e-10,-3.555761735748424e-12,9.72131566356893e-08,0,True,True,,converged
cheq_0066,Bottinger,60.0,0.3,0.613,101325.0,phase2_epcsaft_activity_speciation,0.011912962434720982,balance_inferred,0.026719965147076186,balance_inferred,0.06693449062372188,balance_inferred,0.03746803701069384,direct_positive,0.030345647882009264,direct_positive,0.0006552705636026206,balance_inferred,0.0021897353961864707,balance_inferred,1e-12,balance_inferred,0.09365445577079806,aggregate_direct_positive,0.0017118124438778865,,0.0012390912004592598,,0.06705248241814503,,0.043762451355032615,0.0674407004736218,0.02313970126666253,-0.11773866623336664,7.515225483740911e-05,,1.62733948764877e-10,,2.5455920607850713e-08,,0.06829157361860429,-0.13716132437700337,-7.757030218158434e-08,-7.823092929015729e-08,-9.794593580636501e-08,4.014986565437084e-08,-4.1298367392528235e-08,1.4534219661133108e-10,2.1940868566439065e-10,2.0066470707291728e-10,-6.009122905089198e-12,9.794593580636501e-08,0,True,True,,converged
cheq_0067,Bottinger,60.0,0.3,0.766,101325.0,phase2_epcsaft_activity_speciation,0.018291002328027748,balance_inferred,0.005463460840437523,balance_inferred,0.06032119959410831,balance_inferred,0.035706116097741,direct_positive,0.02291069929742697,direct_positive,0.0008328641113007585,balance_inferred,1e-12,balance_inferred,3.865597633882084e-05,balance_inferred,0.06578466043454584,aggregate_direct_positive,0.008570616865877559,,0.0005960383970632173,,0.0767178900655684,,0.033970221735487055,-0.02164423107992483,0.04265798189431987,0.26996196031842434,4.483856945831845e-05,,3.026497326806592e-10,,9.608361019267723e-09,,0.07731392846263162,0.07013310382831726,8.101056181430977e-08,7.598392315344427e-08,9.821055968473047e-08,-4.87681242056226e-08,4.0476606955053285e-08,4.519440377492856e-12,-1.032815499790729e-11,4.99240426776737e-10,-8.23504628268883e-12,9.821055968473047e-08,0,True,True,,converged
cheq_0068,Bottinger,80.0,0.3,0.064,101325.0,phase2_epcsaft_activity_speciation,0.0012945178330855775,balance_inferred,0.1137072499202661,balance_inferred,0.00591639745958339,balance_inferred,0.006792714341568815,direct_positive,1.0000000058792696e-12,direct_zero,3.518022163874488e-06,balance_inferred,0.0008833529273131746,balance_inferred,1e-12,balance_inferred,0.11962364737984948,aggregate_direct_positive,1.0490602780330277e-08,,0.09788442255925678,,0.007274838882527823,,0.007086906845982103,0.01841337289812424,4.051151097237025e-05,,5.632590522016841e-05,,2.6284208925972197e-12,,3.4768586043801374e-05,,0.1051592614417846,-0.055969512823030934,-5.665976132718242e-08,-5.5840036594645426e-08,-6.704406629864934e-08,-4.173232426296636e-09,-4.815967358240414e-08,3.0416884289063972e-12,3.2118001314085376e-10,7.971512339111086e-12,1.3077815570652473e-10,6.704406629864934e-08,0,True,True,,converged
cheq_0069,Bottinger,80.0,0.3,0.141,101325.0,phase2_epcsaft_activity_speciation,0.002975437028450438,balance_inferred,0.09442953972202715,balance_inferred,0.012987583682879703,balance_inferred,0.013995932836522102,direct_positive,1.0000000000183327e-12,direct_zero,0.00014793604999258853,balance_inferred,0.0013042212546275774,balance_inferred,1.0000000000000002e-12,balance_inferred,0.10741712340490686,aggregate_direct_positive,7.541006243843995e-08,,0.08069481825736868,,0.015904269150906345,,0.01564707360766781,0.04843127586629484,0.00011468505956730925,,6.487462720284636e-05,,5.433391251615575e-12,,1.2761237199462427e-05,,0.09659908740827503,-0.046100494368065605,-3.9181808020316566e-08,-3.876980514405659e-08,-5.893591392691633e-08,2.969123613638658e-09,-2.2399749610713116e-08,4.9277373848077843e-11,3.4074060240030235e-10,5.146838510938778e-11,-2.461577725101959e-12,5.893591392691633e-08,0,True,True,,converged
cheq_0070,Bottinger,80.0,0.3,0.245,101325.0,phase2_epcsaft_activity_speciation,0.005319626771645135,balance_inferred,0.07013473075103777,balance_inferred,0.0218523223717942,balance_inferred,0.022417155371721967,direct_positive,1.7270925032969362e-07,direct_zero,0.0002917113397102596,balance_inferred,0.0011484283885986148,balance_inferred,9.999999999999998e-13,balance_inferred,0.09198705312283197,aggregate_direct_positive,5.120278206675576e-07,,0.05755119045724007,,0.027569770859338066,,0.027125150563209265,0.08279165560371012,0.0003092390129410415,,6.539580920992012e-05,,9.931891886818866e-12,,4.5896796235205066e-06,,0.08512096131657813,-0.03369018641873495,-2.0672382916586685e-08,-3.222072564312839e-08,-7.72257706671553e-08,-1.3224997985616938e-08,1.3796697118095835e-08,7.969761656179131e-11,3.1483717022329216e-10,9.819923763032534e-10,-4.791930913894014e-12,7.72257706671553e-08,0,True,True,,converged
cheq_0071,Bottinger,80.0,0.3,0.336,101325.0,phase2_epcsaft_activity_speciation,0.007265135192138352,balance_inferred,0.059685241673310394,balance_inferred,0.029731298253811368,balance_inferred,0.03372249821361151,direct_positive,1.1149175021521961e-07,direct_zero,0.00038645726346677454,balance_inferred,0.004764225978483903,balance_inferred,1.0000000000000002e-12,balance_inferred,0.08941653992712176,aggregate_direct_positive,2.7237178722697566e-06,,0.03754891198252651,,0.037777266230484774,,0.036919685433323406,0.03933825171598484,0.0007286735063368896,,6.35275290645558e-05,,1.7148887037147997e-11,,1.8522518976685423e-06,,0.07532617821301128,-0.07447192693957674,-4.5352164690370955e-08,-4.504462580712243e-08,-6.844720701337792e-08,1.1449900583215822e-08,-2.873837701145021e-08,8.125310840823019e-11,2.3772724067061546e-10,2.128377474264198e-10,-1.9787947964007997e-12,6.844720701337792e-08,0,True,True,,converged
cheq_0072,Bottinger,80.0,0.3,0.398,101325.0,phase2_epcsaft_activity_speciation,0.008658056056332315,balance_inferred,0.050832285093454575,balance_inferred,0.034487677410011915,balance_inferred,0.03362318636773896,direct_positive,0.004600714814531884,direct_positive,0.0004566317492559154,balance_inferred,0.004649487270770761,balance_inferred,1e-12,balance_inferred,0.08531996250346649,aggregate_direct_positive,1.060313310968301e-05,,0.024369703448324894,,0.04472546304664047,,0.04314981277683244,0.10834004786148002,0.0014514071745187192,-0.501036047864359,6.167867059602764e-05,,2.8215209871510948e-11,,8.857884386972997e-07,,0.06909516649496536,-0.09160298824926359,-5.63785835794306e-08,-5.8852073436810315e-08,-8.872160606188118e-08,1.7357473680590374e-08,-2.4090304862056655e-08,1.4814045129485365e-10,3.6047186069421144e-10,6.861112789025015e-10,-5.864322195335309e-12,8.872160606188118e-08,0,True,True,,converged
cheq_0073,Bottinger,80.0,0.3,0.51,101325.0,phase2_epcsaft_activity_speciation,0.009803281507231032,balance_inferred,0.045526424725059335,balance_inferred,0.055466758723199554,balance_inferred,0.05019884380596114,direct_positive,0.016577523338520195,direct_positive,0.0005331803463142579,balance_inferred,0.012375969113910291,balance_inferred,1e-12,balance_inferred,0.10099318344825889,aggregate_direct_positive,0.00033295580737908043,,0.006264841117228702,,0.05694588036851124,,0.04899807486920566,-0.010514697501122537,0.007843242181094051,-0.32502402278052994,5.221328557009201e-05,,1.2074628357197278e-10,,1.3687198354922352e-07,,0.06321072148573995,-0.20350131461002002,-7.350068109701624e-08,-7.271766477856545e-08,-9.00676937476419e-08,3.192975661647779e-08,-4.687414900672593e-08,1.0517685333777393e-10,2.0209819928673767e-10,-1.5853984791647235e-12,-3.9416701784523096e-12,9.00676937476419e-08,0,True,True,,converged
