role,temperature_C,species,CO2_loading,mole_fraction
curve,60.0,CO2,0.001,1.8021701869346046e-12
curve,60.0,CO2,0.00599375,1.7588670386412404e-11
curve,60.0,CO2,0.0109875,4.6516599349515377e-11
curve,60.0,CO2,0.01598125,8.964441417942844e-11
curve,60.0,CO2,0.020975,1.4758703377468948e-10
curve,60.0,CO2,0.02596875,2.2102760937254782e-10
curve,60.0,CO2,0.0309625,3.1079307083652273e-10
curve,60.0,CO2,0.03595625,4.1785648456997015e-10
curve,60.0,CO2,0.04095,5.433171004179091e-10
curve,60.0,CO2,0.04594375,6.88407949542e-10
curve,60.0,CO2,0.0509375,8.54494478819903e-10
curve,60.0,CO2,0.05593125,1.0430719027421986e-09
curve,60.0,CO2,0.060925,1.2557553289263174e-09
curve,60.0,CO2,0.06591875,1.494341441957367e-09
curve,60.0,CO2,0.0709125,1.760745922663003e-09
curve,60.0,CO2,0.07590625,2.057067448667562e-09
curve,60.0,CO2,0.0809,2.38557908847304e-09
curve,60.0,CO2,0.08589375,2.7487261545049244e-09
curve,60.0,CO2,0.0908875,3.1491907195759263e-09
curve,60.0,CO2,0.09588125,3.589837376409453e-09
curve,60.0,CO2,0.1008749999999999,4.073874998444747e-09
curve,60.0,CO2,0.10586875,4.604649271444261e-09
curve,60.0,CO2,0.1108625,5.185850869260034e-09
curve,60.0,CO2,0.11585625,5.821519658700931e-09
curve,60.0,CO2,0.12085,6.516048237256783e-09
curve,60.0,CO2,0.12584375,7.274115624323169e-09
curve,60.0,CO2,0.1308375,8.100912495991254e-09
curve,60.0,CO2,0.13583125,9.002054121869773e-09
curve,60.0,CO2,0.140825,9.98373907019831e-09
curve,60.0,CO2,0.14581875,1.105245475827266e-08
curve,60.0,CO2,0.1508125,1.2215688057839851e-08
curve,60.0,CO2,0.15580625,1.3481356384722149e-08
curve,60.0,CO2,0.1608,1.4857996885668218e-08
curve,60.0,CO2,0.16579375,1.6355411637678655e-08
curve,60.0,CO2,0.1707875,1.7983704465350583e-08
curve,60.0,CO2,0.17578125,1.9754427052374466e-08
curve,60.0,CO2,0.180775,2.168025089709627e-08
curve,60.0,CO2,0.18576875,2.37749009954308e-08
curve,60.0,CO2,0.1907625,2.6053428301213872e-08
curve,60.0,CO2,0.19575625,2.853247346555541e-08
curve,60.0,CO2,0.2007499999999999,3.123051840983551e-08
curve,60.0,CO2,0.20574375,3.416775993981563e-08
curve,60.0,CO2,0.2107375,3.736655617710816e-08
curve,60.0,CO2,0.2157312499999999,4.0851760052583855e-08
curve,60.0,CO2,0.220725,4.4650761075904496e-08
curve,60.0,CO2,0.22571875,4.8793666802767885e-08
curve,60.0,CO2,0.2307125,5.331456401959004e-08
curve,60.0,CO2,0.23570625,5.82507402814676e-08
curve,60.0,CO2,0.2407,6.364439938085586e-08
curve,60.0,CO2,0.24569375,6.954178642241396e-08
curve,60.0,CO2,0.2506875,7.599459414897338e-08
curve,60.0,CO2,0.2556812499999999,8.306181285828956e-08
curve,60.0,CO2,0.260675,9.08080157371895e-08
curve,60.0,CO2,0.26566875,9.930726906625506e-08
curve,60.0,CO2,0.2706625,1.0864111131083117e-07
curve,60.0,CO2,0.27565625,1.1890326940595749e-07
curve,60.0,CO2,0.28065,1.30197854855546e-07
curve,60.0,CO2,0.28564375,1.4264406951814477e-07
curve,60.0,CO2,0.2906375,1.56376885121605e-07
curve,60.0,CO2,0.29563125,1.7154675893791925e-07
curve,60.0,CO2,0.300625,1.883315562891246e-07
curve,60.0,CO2,0.30561875,2.0692874524758722e-07
curve,60.0,CO2,0.3106125,2.2756379424362635e-07
curve,60.0,CO2,0.31560625,2.505027228531597e-07
curve,60.0,CO2,0.3206,2.7604411304736377e-07
curve,60.0,CO2,0.32559375,3.0453427188791226e-07
curve,60.0,CO2,0.3305875,3.36376403870676e-07
curve,60.0,CO2,0.33558125,3.720384875798206e-07
curve,60.0,CO2,0.340575,4.1206463928996404e-07
curve,60.0,CO2,0.34556875,4.570915473580698e-07
curve,60.0,CO2,0.3505625,5.078651641803275e-07
curve,60.0,CO2,0.35555625,5.652712007032929e-07
curve,60.0,CO2,0.36055,6.303436091357354e-07
curve,60.0,CO2,0.36554375,7.043312598704e-07
curve,60.0,CO2,0.3705375,7.886972598372817e-07
curve,60.0,CO2,0.37553125,8.852200743509603e-07
curve,60.0,CO2,0.380525,9.96032800553956e-07
curve,60.0,CO2,0.38551875,1.123701164947334e-06
curve,60.0,CO2,0.3905125,1.271374315198632e-06
curve,60.0,CO2,0.39550625,1.4429000323457712e-06
curve,60.0,CO2,0.4004999999999999,1.642984165191438e-06
curve,60.0,CO2,0.40549375,1.8774777497942351e-06
curve,60.0,CO2,0.4104875,2.153677041871915e-06
curve,60.0,CO2,0.4154812499999999,2.4806931599839394e-06
curve,60.0,CO2,0.420475,2.8700446894915365e-06
curve,60.0,CO2,0.42546875,3.336318780232696e-06
curve,60.0,CO2,0.4304624999999999,3.898184987416982e-06
curve,60.0,CO2,0.43545625,4.57958236300265e-06
curve,60.0,CO2,0.44045,5.411496331098516e-06
curve,60.0,CO2,0.4454437499999999,6.4341080211869725e-06
curve,60.0,CO2,0.4504375,7.699801615853077e-06
curve,60.0,CO2,0.45543125,9.276883072115885e-06
curve,60.0,CO2,0.460425,1.1254729259514576e-05
curve,60.0,CO2,0.46541875,1.3749435248285248e-05
curve,60.0,CO2,0.4704125,1.6911127745925506e-05
curve,60.0,CO2,0.47540625,2.093143031398726e-05
curve,60.0,CO2,0.4804,2.605066878905915e-05
curve,60.0,CO2,0.48539375,3.2563378264503304e-05
curve,60.0,CO2,0.4903875,4.0818715481197625e-05
curve,60.0,CO2,0.49538125,5.1217027743325975e-05
curve,60.0,CO2,0.500375,6.419656287710196e-05
curve,60.0,CO2,0.50536875,8.02175909466596e-05
curve,60.0,CO2,0.5103624999999999,9.974126092888224e-05
curve,60.0,CO2,0.51535625,0.0001232103314583
curve,60.0,CO2,0.52035,0.0001510350308014
curve,60.0,CO2,0.52534375,0.0001835822160264
curve,60.0,CO2,0.5303375,0.000221172830351
curve,60.0,CO2,0.53533125,0.0002640792907712
curve,60.0,CO2,0.5403249999999999,0.0003125326242972
curve,60.0,CO2,0.54531875,0.0003667265722359
curve,60.0,CO2,0.5503125,0.0004268193147819
curve,60.0,CO2,0.55530625,0.0004929391734068
curve,60.0,CO2,0.5603,0.0005651884559203
curve,60.0,CO2,0.56529375,0.0006436474768128
curve,60.0,CO2,0.5702875,0.0007283795052821
curve,60.0,CO2,0.57528125,0.0008194216947287
curve,60.0,CO2,0.580275,0.0009168152536069
curve,60.0,CO2,0.58526875,0.0010205566542789
curve,60.0,CO2,0.5902625,0.0011306582096568
curve,60.0,CO2,0.59525625,0.0012471048952391
curve,60.0,CO2,0.60025,0.001369885137211
curve,60.0,CO2,0.60524375,0.0014989487470311
curve,60.0,CO2,0.6102375,0.0016342752676664
curve,60.0,CO2,0.61523125,0.0017758141236125
curve,60.0,CO2,0.620225,0.0019235113978517
curve,60.0,CO2,0.62521875,0.0020773076539529
curve,60.0,CO2,0.6302125,0.0022371253268024
curve,60.0,CO2,0.63520625,0.0024029143115239
curve,60.0,CO2,0.6402,0.0025745748572372
curve,60.0,CO2,0.64519375,0.002752063367784
curve,60.0,CO2,0.6501875,0.0029352653467019
curve,60.0,CO2,0.6551812499999999,0.0031240926577914
curve,60.0,CO2,0.660175,0.0033184872937236
curve,60.0,CO2,0.66516875,0.0035183170801479
curve,60.0,CO2,0.6701625,0.0037235310597102
curve,60.0,CO2,0.67515625,0.0039340022750868
curve,60.0,CO2,0.68015,0.0041496625596183
curve,60.0,CO2,0.6851437499999999,0.0043704038137568
curve,60.0,CO2,0.6901375,0.0045961072038481
curve,60.0,CO2,0.69513125,0.0048267231164769
curve,60.0,CO2,0.700125,0.0050621118043338
curve,60.0,CO2,0.70511875,0.0053022059089675
curve,60.0,CO2,0.7101125,0.0055468847639571
curve,60.0,CO2,0.7151062499999999,0.0057960515071149
curve,60.0,CO2,0.7201,0.0060496555906295
curve,60.0,CO2,0.72509375,0.0063075476594949
curve,60.0,CO2,0.7300875,0.006569634877011
curve,60.0,CO2,0.73508125,0.0068359002056642
curve,60.0,CO2,0.740075,0.0071061459062626
curve,60.0,CO2,0.74506875,0.0073803520367937
curve,60.0,CO2,0.7500625,0.0076584266730111
curve,60.0,CO2,0.75505625,0.0079402391462287
curve,60.0,CO2,0.76005,0.0082257543089095
curve,60.0,CO2,0.76504375,0.0085148516363559
curve,60.0,CO2,0.7700375,0.0088074728579891
curve,60.0,CO2,0.77503125,0.0091035115318866
curve,60.0,CO2,0.780025,0.0094028959794622
curve,60.0,CO2,0.78501875,0.0097055668083605
curve,60.0,CO2,0.7900125,0.0100114009160786
curve,60.0,CO2,0.79500625,0.0103203401492563
curve,60.0,CO2,0.8,0.0106323772430049
curve,60.0,MEA,0.001,0.1115350552555801
curve,60.0,MEA,0.00599375,0.1105930208899524
curve,60.0,MEA,0.0109875,0.1095635017712138
curve,60.0,MEA,0.01598125,0.1084949360275747
curve,60.0,MEA,0.020975,0.1074076738874029
curve,60.0,MEA,0.02596875,0.1063103821512776
curve,60.0,MEA,0.0309625,0.1052071618758538
curve,60.0,MEA,0.03595625,0.1041001698786829
curve,60.0,MEA,0.04095,0.102990634748673
curve,60.0,MEA,0.04594375,0.1018793112421947
curve,60.0,MEA,0.0509375,0.1007666842468231
curve,60.0,MEA,0.05593125,0.0996530823418801
curve,60.0,MEA,0.060925,0.0985387359463253
curve,60.0,MEA,0.06591875,0.0974238116552203
curve,60.0,MEA,0.0709125,0.0963084344495811
curve,60.0,MEA,0.07590625,0.0951926978558713
curve,60.0,MEA,0.0809,0.0940766759762678
curve,60.0,MEA,0.08589375,0.0929604273522831
curve,60.0,MEA,0.0908875,0.0918439990006949
curve,60.0,MEA,0.09588125,0.0907274297824543
curve,60.0,MEA,0.1008749999999999,0.0896107524296555
curve,60.0,MEA,0.10586875,0.088493994067341
curve,60.0,MEA,0.1108625,0.0873771789853212
curve,60.0,MEA,0.11585625,0.08626032732608
curve,60.0,MEA,0.12085,0.0851434572570274
curve,60.0,MEA,0.12584375,0.0840265858115523
curve,60.0,MEA,0.1308375,0.0829097278247656
curve,60.0,MEA,0.13583125,0.0817928972429294
curve,60.0,MEA,0.140825,0.0806761057886689
curve,60.0,MEA,0.14581875,0.079559367337656
curve,60.0,MEA,0.1508125,0.0784426927739742
curve,60.0,MEA,0.15580625,0.0773260931618739
curve,60.0,MEA,0.1608,0.0762095810253622
curve,60.0,MEA,0.16579375,0.0750931657162269
curve,60.0,MEA,0.1707875,0.0739768588567871
curve,60.0,MEA,0.17578125,0.072860671420173
curve,60.0,MEA,0.180775,0.0717446142778365
curve,60.0,MEA,0.18576875,0.070628700119681
curve,60.0,MEA,0.1907625,0.0695129401077683
curve,60.0,MEA,0.19575625,0.0683973459082603
curve,60.0,MEA,0.2007499999999999,0.0672819307519596
curve,60.0,MEA,0.20574375,0.0661667085204678
curve,60.0,MEA,0.2107375,0.0650516911136326
curve,60.0,MEA,0.2157312499999999,0.0639368953143453
curve,60.0,MEA,0.220725,0.0628223361456685
curve,60.0,MEA,0.22571875,0.061708028612777
curve,60.0,MEA,0.2307125,0.0605939914508942
curve,60.0,MEA,0.23570625,0.0594802427156582
curve,60.0,MEA,0.2407,0.0583668027281994
curve,60.0,MEA,0.24569375,0.0572536924927206
curve,60.0,MEA,0.2506875,0.056140934035792
curve,60.0,MEA,0.2556812499999999,0.0550285522851588
curve,60.0,MEA,0.260675,0.0539165743038197
curve,60.0,MEA,0.26566875,0.0528050282561569
curve,60.0,MEA,0.2706625,0.0516939442457326
curve,60.0,MEA,0.27565625,0.0505833565932404
curve,60.0,MEA,0.28065,0.0494733005889527
curve,60.0,MEA,0.28564375,0.0483638160984224
curve,60.0,MEA,0.2906375,0.0472549487836836
curve,60.0,MEA,0.29563125,0.0461467410966674
curve,60.0,MEA,0.300625,0.0450392479878569
curve,60.0,MEA,0.30561875,0.0439325245472747
curve,60.0,MEA,0.3106125,0.0428266320448748
curve,60.0,MEA,0.31560625,0.041721643162316
curve,60.0,MEA,0.3206,0.0406176282043608
curve,60.0,MEA,0.32559375,0.0395146723927899
curve,60.0,MEA,0.3305875,0.0384128709947821
curve,60.0,MEA,0.33558125,0.0373123248423115
curve,60.0,MEA,0.340575,0.0362131480321753
curve,60.0,MEA,0.34556875,0.0351154709776739
curve,60.0,MEA,0.3505625,0.0340194359167094
curve,60.0,MEA,0.35555625,0.0329252084264676
curve,60.0,MEA,0.36055,0.031832966426591
curve,60.0,MEA,0.36554375,0.030742917949771
curve,60.0,MEA,0.3705375,0.0296552997631455
curve,60.0,MEA,0.37553125,0.0285703722717487
curve,60.0,MEA,0.380525,0.0274884409105746
curve,60.0,MEA,0.38551875,0.0264098568347362
curve,60.0,MEA,0.3905125,0.025335018495302
curve,60.0,MEA,0.39550625,0.0242643835200443
curve,60.0,MEA,0.4004999999999999,0.0231984898295592
curve,60.0,MEA,0.40549375,0.022137957866894
curve,60.0,MEA,0.4104875,0.0210835073576121
curve,60.0,MEA,0.4154812499999999,0.0200359836599161
curve,60.0,MEA,0.420475,0.0189963833904678
curve,60.0,MEA,0.42546875,0.0179658686061368
curve,60.0,MEA,0.4304624999999999,0.0169458217964355
curve,60.0,MEA,0.43545625,0.0159378532055327
curve,60.0,MEA,0.44045,0.0149438943537042
curve,60.0,MEA,0.4454437499999999,0.0139662055150006
curve,60.0,MEA,0.4504375,0.0130074238949054
curve,60.0,MEA,0.45543125,0.0120706491856477
curve,60.0,MEA,0.460425,0.0111594478778418
curve,60.0,MEA,0.46541875,0.0102778491615731
curve,60.0,MEA,0.4704125,0.0094303386852198
curve,60.0,MEA,0.47540625,0.0086216864969331
curve,60.0,MEA,0.4804,0.0078567380425554
curve,60.0,MEA,0.48539375,0.0071401191417414
curve,60.0,MEA,0.4903875,0.006475769579157
curve,60.0,MEA,0.49538125,0.0058665146411223
curve,60.0,MEA,0.500375,0.0053137261155661
curve,60.0,MEA,0.50536875,0.0048170902483327
curve,60.0,MEA,0.5103624999999999,0.0043746847246475
curve,60.0,MEA,0.51535625,0.0039832162898928
curve,60.0,MEA,0.52035,0.0036384576640176
curve,60.0,MEA,0.52534375,0.0033356567491563
curve,60.0,MEA,0.5303375,0.0030699701919378
curve,60.0,MEA,0.53533125,0.0028367206631958
curve,60.0,MEA,0.5403249999999999,0.0026315920106455
curve,60.0,MEA,0.54531875,0.0024507172401777
curve,60.0,MEA,0.5503125,0.0022907134012807
curve,60.0,MEA,0.55530625,0.002148657331217
curve,60.0,MEA,0.5603,0.0020220437964378
curve,60.0,MEA,0.56529375,0.0019087629462119
curve,60.0,MEA,0.5702875,0.0018069894318558
curve,60.0,MEA,0.57528125,0.0017152100176412
curve,60.0,MEA,0.580275,0.0016321200020667
curve,60.0,MEA,0.58526875,0.0015566278869765
curve,60.0,MEA,0.5902625,0.0014877939363866
curve,60.0,MEA,0.59525625,0.0014248191630217
curve,60.0,MEA,0.60025,0.0013670175543208
curve,60.0,MEA,0.60524375,0.0013138113919052
curve,60.0,MEA,0.6102375,0.0012646797580293
curve,60.0,MEA,0.61523125,0.0012191934392782
curve,60.0,MEA,0.620225,0.001176968570337
curve,60.0,MEA,0.62521875,0.0011376749264494
curve,60.0,MEA,0.6302125,0.0011010235841985
curve,60.0,MEA,0.63520625,0.0010667570513366
curve,60.0,MEA,0.6402,0.0010346560211688
curve,60.0,MEA,0.64519375,0.0010045137893935
curve,60.0,MEA,0.6501875,0.0009761636997613
curve,60.0,MEA,0.6551812499999999,0.0009494502050971
curve,60.0,MEA,0.660175,0.0009242294593941
curve,60.0,MEA,0.66516875,0.0009003821900709
curve,60.0,MEA,0.6701625,0.0008777955268803
curve,60.0,MEA,0.67515625,0.0008563693732748
curve,60.0,MEA,0.68015,0.000836015154706
curve,60.0,MEA,0.6851437499999999,0.0008166515922689
curve,60.0,MEA,0.6901375,0.0007982099164365
curve,60.0,MEA,0.69513125,0.0007806159278277
curve,60.0,MEA,0.700125,0.0007638151306654
curve,60.0,MEA,0.70511875,0.0007477521924103
curve,60.0,MEA,0.7101125,0.0007323768978021
curve,60.0,MEA,0.7151062499999999,0.0007176436100242
curve,60.0,MEA,0.7201,0.0007035089084068
curve,60.0,MEA,0.72509375,0.0006899375218958
curve,60.0,MEA,0.7300875,0.0006768944666843
curve,60.0,MEA,0.73508125,0.0006643447107779
curve,60.0,MEA,0.740075,0.0006522612189517
curve,60.0,MEA,0.74506875,0.0006406162423935
curve,60.0,MEA,0.7500625,0.0006293838047604
curve,60.0,MEA,0.75505625,0.0006185410555223
curve,60.0,MEA,0.76005,0.0006080660740463
curve,60.0,MEA,0.76504375,0.0005979402200072
curve,60.0,MEA,0.7700375,0.0005881426966474
curve,60.0,MEA,0.77503125,0.0005786568577217
curve,60.0,MEA,0.780025,0.0005694679591591
curve,60.0,MEA,0.78501875,0.0005605582488283
curve,60.0,MEA,0.7900125,0.0005519187446469
curve,60.0,MEA,0.79500625,0.000543531280846
curve,60.0,MEA,0.8,0.0005353850329207
curve,60.0,MEAH+,0.001,0.0006081416164325
curve,60.0,MEAH+,0.00599375,0.0010208376270187
curve,60.0,MEAH+,0.0109875,0.0015079884029847
curve,60.0,MEAH+,0.01598125,0.0020289579779932
curve,60.0,MEAH+,0.020975,0.0025660498406732
curve,60.0,MEAH+,0.02596875,0.0031116380847135
curve,60.0,MEAH+,0.0309625,0.0036621138764787
curve,60.0,MEAH+,0.03595625,0.0042155989907729
curve,60.0,MEAH+,0.04095,0.0047710299292364
curve,60.0,MEAH+,0.04594375,0.0053277725578865
curve,60.0,MEAH+,0.0509375,0.0058854256177028
curve,60.0,MEAH+,0.05593125,0.0064437265801873
curve,60.0,MEAH+,0.060925,0.007002492899633
curve,60.0,MEAH+,0.06591875,0.0075616052166027
curve,60.0,MEAH+,0.0709125,0.0081209722689975
curve,60.0,MEAH+,0.07590625,0.0086805315618427
curve,60.0,MEAH+,0.0809,0.009240232787406
curve,60.0,MEAH+,0.08589375,0.0098000436236877
curve,60.0,MEAH+,0.0908875,0.0103599359415061
curve,60.0,MEAH+,0.09588125,0.0109198893353892
curve,60.0,MEAH+,0.1008749999999999,0.0114798917542448
curve,60.0,MEAH+,0.10586875,0.0120399273389021
curve,60.0,MEAH+,0.1108625,0.0125999898004225
curve,60.0,MEAH+,0.11585625,0.0131600702791002
curve,60.0,MEAH+,0.12085,0.0137201658544381
curve,60.0,MEAH+,0.12584375,0.0142802713697073
curve,60.0,MEAH+,0.1308375,0.0148403826721752
curve,60.0,MEAH+,0.13583125,0.0154004970375213
curve,60.0,MEAH+,0.140825,0.0159606166307622
curve,60.0,MEAH+,0.14581875,0.0165207344467398
curve,60.0,MEAH+,0.1508125,0.0170808544153241
curve,60.0,MEAH+,0.15580625,0.0176409770477909
curve,60.0,MEAH+,0.1608,0.0182010943436815
curve,60.0,MEAH+,0.16579375,0.0187612128324101
curve,60.0,MEAH+,0.1707875,0.0193213275404275
curve,60.0,MEAH+,0.17578125,0.019881443981999
curve,60.0,MEAH+,0.180775,0.0204415603948128
curve,60.0,MEAH+,0.18576875,0.0210016731760199
curve,60.0,MEAH+,0.1907625,0.0215617879172182
curve,60.0,MEAH+,0.19575625,0.022121902071509
curve,60.0,MEAH+,0.2007499999999999,0.0226820147455701
curve,60.0,MEAH+,0.20574375,0.023242126750149
curve,60.0,MEAH+,0.2107375,0.023802241645983
curve,60.0,MEAH+,0.2157312499999999,0.0243623563398861
curve,60.0,MEAH+,0.220725,0.0249224714030754
curve,60.0,MEAH+,0.22571875,0.0254825884084443
curve,60.0,MEAH+,0.2307125,0.0260427049739476
curve,60.0,MEAH+,0.23570625,0.0266028255313435
curve,60.0,MEAH+,0.2407,0.0271629478460035
curve,60.0,MEAH+,0.24569375,0.027723071049976
curve,60.0,MEAH+,0.2506875,0.0282831953141171
curve,60.0,MEAH+,0.2556812499999999,0.0288433245749103
curve,60.0,MEAH+,0.260675,0.0294034539916758
curve,60.0,MEAH+,0.26566875,0.0299635859604516
curve,60.0,MEAH+,0.2706625,0.0305237216236256
curve,60.0,MEAH+,0.27565625,0.0310838597350206
curve,60.0,MEAH+,0.28065,0.0316439980617935
curve,60.0,MEAH+,0.28564375,0.0322041411878804
curve,60.0,MEAH+,0.2906375,0.0327642869592696
curve,60.0,MEAH+,0.29563125,0.0333244311935663
curve,60.0,MEAH+,0.300625,0.0338845808465865
curve,60.0,MEAH+,0.30561875,0.0344447297335648
curve,60.0,MEAH+,0.3106125,0.0350048799770934
curve,60.0,MEAH+,0.31560625,0.035565031521929
curve,60.0,MEAH+,0.3206,0.0361251841290648
curve,60.0,MEAH+,0.32559375,0.0366853367022022
curve,60.0,MEAH+,0.3305875,0.0372454881057846
curve,60.0,MEAH+,0.33558125,0.0378056380548306
curve,60.0,MEAH+,0.340575,0.0383657837737465
curve,60.0,MEAH+,0.34556875,0.0389259283309708
curve,60.0,MEAH+,0.3505625,0.0394860674622271
curve,60.0,MEAH+,0.35555625,0.0400462019490016
curve,60.0,MEAH+,0.36055,0.0406063267475894
curve,60.0,MEAH+,0.36554375,0.041166442883831
curve,60.0,MEAH+,0.3705375,0.0417265469710694
curve,60.0,MEAH+,0.37553125,0.0422866379664513
curve,60.0,MEAH+,0.380525,0.0428467107916554
curve,60.0,MEAH+,0.38551875,0.0434067605411954
curve,60.0,MEAH+,0.3905125,0.0439667840922079
curve,60.0,MEAH+,0.39550625,0.0445267792316549
curve,60.0,MEAH+,0.4004999999999999,0.0450867344792139
curve,60.0,MEAH+,0.40549375,0.0456466410462044
curve,60.0,MEAH+,0.4104875,0.0462064952268475
curve,60.0,MEAH+,0.4154812499999999,0.0467662800101655
curve,60.0,MEAH+,0.420475,0.047325981284796
curve,60.0,MEAH+,0.42546875,0.0478855802443231
curve,60.0,MEAH+,0.4304624999999999,0.0484450529452446
curve,60.0,MEAH+,0.43545625,0.0490043681144864
curve,60.0,MEAH+,0.44045,0.049563490142981
curve,60.0,MEAH+,0.4454437499999999,0.0501223685173437
curve,60.0,MEAH+,0.4504375,0.0506809409028407
curve,60.0,MEAH+,0.45543125,0.0512391254369298
curve,60.0,MEAH+,0.460425,0.0517968192964941
curve,60.0,MEAH+,0.46541875,0.0523538878388298
curve,60.0,MEAH+,0.4704125,0.0529101605538882
curve,60.0,MEAH+,0.47540625,0.0534654227775595
curve,60.0,MEAH+,0.4804,0.054019409116438
curve,60.0,MEAH+,0.48539375,0.0545718000342572
curve,60.0,MEAH+,0.4903875,0.0551222151002453
curve,60.0,MEAH+,0.49538125,0.0556702292211716
curve,60.0,MEAH+,0.500375,0.0562153807334772
curve,60.0,MEAH+,0.50536875,0.0567571845585297
curve,60.0,MEAH+,0.5103624999999999,0.0572951633151085
curve,60.0,MEAH+,0.51535625,0.0578288582113807
curve,60.0,MEAH+,0.52035,0.0583578489224602
curve,60.0,MEAH+,0.52534375,0.0588817587945613
curve,60.0,MEAH+,0.5303375,0.0594002567917066
curve,60.0,MEAH+,0.53533125,0.0599130620986484
curve,60.0,MEAH+,0.5403249999999999,0.0604199343842169
curve,60.0,MEAH+,0.54531875,0.0609206724678821
curve,60.0,MEAH+,0.5503125,0.0614151080202693
curve,60.0,MEAH+,0.55530625,0.0619031011339573
curve,60.0,MEAH+,0.5603,0.0623845397718581
curve,60.0,MEAH+,0.56529375,0.062859333987125
curve,60.0,MEAH+,0.5702875,0.0633274083291537
curve,60.0,MEAH+,0.57528125,0.0637887144771138
curve,60.0,MEAH+,0.580275,0.0642432015907295
curve,60.0,MEAH+,0.58526875,0.064690861699834
curve,60.0,MEAH+,0.5902625,0.0651316738098232
curve,60.0,MEAH+,0.59525625,0.0655656401648188
curve,60.0,MEAH+,0.60025,0.0659927651928592
curve,60.0,MEAH+,0.60524375,0.0664130894479695
curve,60.0,MEAH+,0.6102375,0.066826623614426
curve,60.0,MEAH+,0.61523125,0.0672334110691276
curve,60.0,MEAH+,0.620225,0.0676334976567941
curve,60.0,MEAH+,0.62521875,0.0680269358915307
curve,60.0,MEAH+,0.6302125,0.0684137971108568
curve,60.0,MEAH+,0.63520625,0.0687941235618533
curve,60.0,MEAH+,0.6402,0.069168010740932
curve,60.0,MEAH+,0.64519375,0.0695354948509767
curve,60.0,MEAH+,0.6501875,0.0698966880633573
curve,60.0,MEAH+,0.6551812499999999,0.0702516728637964
curve,60.0,MEAH+,0.660175,0.0706005014615245
curve,60.0,MEAH+,0.66516875,0.0709433050787869
curve,60.0,MEAH+,0.6701625,0.071280129325721
curve,60.0,MEAH+,0.67515625,0.0716110991470825
curve,60.0,MEAH+,0.68015,0.0719362787154314
curve,60.0,MEAH+,0.6851437499999999,0.0722557747837844
curve,60.0,MEAH+,0.6901375,0.0725697053083801
curve,60.0,MEAH+,0.69513125,0.0728781148088302
curve,60.0,MEAH+,0.700125,0.0731811448002332
curve,60.0,MEAH+,0.70511875,0.0734788589876611
curve,60.0,MEAH+,0.7101125,0.0737713783060562
curve,60.0,MEAH+,0.7151062499999999,0.0740587991674287
curve,60.0,MEAH+,0.7201,0.0743411675138958
curve,60.0,MEAH+,0.72509375,0.0746186370096158
curve,60.0,MEAH+,0.7300875,0.0748912995391152
curve,60.0,MEAH+,0.73508125,0.0751591666029833
curve,60.0,MEAH+,0.740075,0.0754224437634552
curve,60.0,MEAH+,0.74506875,0.0756811457147699
curve,60.0,MEAH+,0.7500625,0.0759353648664768
curve,60.0,MEAH+,0.75505625,0.0761852349917784
curve,60.0,MEAH+,0.76005,0.0764307879482267
curve,60.0,MEAH+,0.76504375,0.0766721482859192
curve,60.0,MEAH+,0.7700375,0.0769093718652642
curve,60.0,MEAH+,0.77503125,0.0771425681986085
curve,60.0,MEAH+,0.780025,0.077371808703583
curve,60.0,MEAH+,0.78501875,0.0775971525859659
curve,60.0,MEAH+,0.7900125,0.077818727064629
curve,60.0,MEAH+,0.79500625,0.0780365897308289
curve,60.0,MEAH+,0.8,0.078250743618988
curve,60.0,MEACOO-,0.001,0.0001029723065093
curve,60.0,MEACOO-,0.00599375,0.0006323109255397
curve,60.0,MEACOO-,0.0109875,0.0011746790321221
curve,60.0,MEACOO-,0.01598125,0.0017222752076474
curve,60.0,MEACOO-,0.020975,0.0022724454677916
curve,60.0,MEACOO-,0.02596875,0.0028241489448805
curve,60.0,MEACOO-,0.0309625,0.0033768934138775
curve,60.0,MEACOO-,0.03595625,0.0039304002814303
curve,60.0,MEACOO-,0.04095,0.0044845044564019
curve,60.0,MEACOO-,0.04594375,0.005039085316
curve,60.0,MEACOO-,0.0509375,0.0055940592377416
curve,60.0,MEACOO-,0.05593125,0.0061493601513702
curve,60.0,MEACOO-,0.060925,0.0067049402129773
curve,60.0,MEACOO-,0.06591875,0.0072607521585327
curve,60.0,MEACOO-,0.0709125,0.007816762280333
curve,60.0,MEACOO-,0.07590625,0.0083729395466027
curve,60.0,MEACOO-,0.0809,0.0089292601626041
curve,60.0,MEACOO-,0.08589375,0.0094856979085204
curve,60.0,MEACOO-,0.0908875,0.0100422338964318
curve,60.0,MEACOO-,0.09588125,0.0105988496705198
curve,60.0,MEACOO-,0.1008749999999999,0.0111555245494074
curve,60.0,MEACOO-,0.10586875,0.011712247266836
curve,60.0,MEACOO-,0.1108625,0.0122689998215097
curve,60.0,MEACOO-,0.11585625,0.0128257709301893
curve,60.0,MEACOO-,0.12085,0.0133825453454617
curve,60.0,MEACOO-,0.12584375,0.0139393111901362
curve,60.0,MEACOO-,0.1308375,0.0144960577812473
curve,60.0,MEACOO-,0.13583125,0.0150527739043144
curve,60.0,MEACOO-,0.140825,0.0156094456467101
curve,60.0,MEACOO-,0.14581875,0.0161660661689222
curve,60.0,MEACOO-,0.1508125,0.0167226206328798
curve,60.0,MEACOO-,0.15580625,0.0172790974630227
curve,60.0,MEACOO-,0.1608,0.0178354921555333
curve,60.0,MEACOO-,0.16579375,0.0183917888074129
curve,60.0,MEACOO-,0.1707875,0.0189479807756522
curve,60.0,MEACOO-,0.17578125,0.0195040515715552
curve,60.0,MEACOO-,0.180775,0.0200599920787019
curve,60.0,MEACOO-,0.18576875,0.0206157932203701
curve,60.0,MEACOO-,0.1907625,0.0211714382351765
curve,60.0,MEACOO-,0.19575625,0.0217269180019897
curve,60.0,MEACOO-,0.2007499999999999,0.0222822201812535
curve,60.0,MEACOO-,0.20574375,0.0228373300783512
curve,60.0,MEACOO-,0.2107375,0.0233922322301872
curve,60.0,MEACOO-,0.2157312499999999,0.023946912944266
curve,60.0,MEACOO-,0.220725,0.0245013566232328
curve,60.0,MEACOO-,0.22571875,0.0250555466856392
curve,60.0,MEACOO-,0.2307125,0.0256094667744807
curve,60.0,MEACOO-,0.23570625,0.0261630943981745
curve,60.0,MEACOO-,0.2407,0.0267164114654811
curve,60.0,MEACOO-,0.24569375,0.0272693978349582
curve,60.0,MEACOO-,0.2506875,0.0278220313033765
curve,60.0,MEACOO-,0.2556812499999999,0.028374282999885
curve,60.0,MEACOO-,0.260675,0.0289261306949166
curve,60.0,MEACOO-,0.26566875,0.0294775438197368
curve,60.0,MEACOO-,0.2706625,0.0300284911192424
curve,60.0,MEACOO-,0.27565625,0.030578939508396
curve,60.0,MEACOO-,0.28065,0.0311288559180817
curve,60.0,MEACOO-,0.28564375,0.0316781958854297
curve,60.0,MEACOO-,0.2906375,0.0322269158872669
curve,60.0,MEACOO-,0.29563125,0.0327749776371685
curve,60.0,MEACOO-,0.300625,0.0333223192088689
curve,60.0,MEACOO-,0.30561875,0.033868891674946
curve,60.0,MEACOO-,0.3106125,0.034414631617544
curve,60.0,MEACOO-,0.31560625,0.034959466380387
curve,60.0,MEACOO-,0.3206,0.0355033258642034
curve,60.0,MEACOO-,0.32559375,0.0360461259046378
curve,60.0,MEACOO-,0.3305875,0.036587772324809
curve,60.0,MEACOO-,0.33558125,0.0371281645251936
curve,60.0,MEACOO-,0.340575,0.0376671911235115
curve,60.0,MEACOO-,0.34556875,0.0382047185665555
curve,60.0,MEACOO-,0.3505625,0.0387406087969676
curve,60.0,MEACOO-,0.35555625,0.0392746953566551
curve,60.0,MEACOO-,0.36055,0.0398068052536209
curve,60.0,MEACOO-,0.36554375,0.0403367292891483
curve,60.0,MEACOO-,0.3705375,0.0408642339185245
curve,60.0,MEACOO-,0.37553125,0.0413890595799383
curve,60.0,MEACOO-,0.380525,0.0419109056772801
curve,60.0,MEACOO-,0.38551875,0.0424294256729246
curve,60.0,MEACOO-,0.3905125,0.0429442238851806
curve,60.0,MEACOO-,0.39550625,0.0434548444674076
curve,60.0,MEACOO-,0.4004999999999999,0.0439607604511109
curve,60.0,MEACOO-,0.40549375,0.0444613595251586
curve,60.0,MEACOO-,0.4104875,0.0449559248507795
curve,60.0,MEACOO-,0.4154812499999999,0.0454436270580509
curve,60.0,MEACOO-,0.420475,0.0459234823487463
curve,60.0,MEACOO-,0.42546875,0.0463943458350509
curve,60.0,MEACOO-,0.4304624999999999,0.0468548568753611
curve,60.0,MEACOO-,0.43545625,0.0473034338115132
curve,60.0,MEACOO-,0.44045,0.0477381772543076
curve,60.0,MEACOO-,0.4454437499999999,0.0481568729329181
curve,60.0,MEACOO-,0.4504375,0.0485569400967096
curve,60.0,MEACOO-,0.45543125,0.0489353532489814
curve,60.0,MEACOO-,0.460425,0.0492886386901384
curve,60.0,MEACOO-,0.46541875,0.0496128888417474
curve,60.0,MEACOO-,0.4704125,0.049903771714584
curve,60.0,MEACOO-,0.47540625,0.0501567104159372
curve,60.0,MEACOO-,0.4804,0.0503670979181346
curve,60.0,MEACOO-,0.48539375,0.0505305948778046
curve,60.0,MEACOO-,0.4903875,0.050643602749937
curve,60.0,MEACOO-,0.49538125,0.0507036764041742
curve,60.0,MEACOO-,0.500375,0.0507098565243339
curve,60.0,MEACOO-,0.50536875,0.0506628902790465
curve,60.0,MEACOO-,0.5103624999999999,0.0505651256011487
curve,60.0,MEACOO-,0.51535625,0.0504202648380796
curve,60.0,MEACOO-,0.52035,0.0502329095473649
curve,60.0,MEACOO-,0.52534375,0.0500081473018545
curve,60.0,MEACOO-,0.5303375,0.0497511164661179
curve,60.0,MEACOO-,0.53533125,0.0494667446069343
curve,60.0,MEACOO-,0.5403249999999999,0.04915956227613
curve,60.0,MEACOO-,0.54531875,0.0488336159019347
curve,60.0,MEACOO-,0.5503125,0.0484924390094121
curve,60.0,MEACOO-,0.55530625,0.0481390802653865
curve,60.0,MEACOO-,0.5603,0.0477761454570468
curve,60.0,MEACOO-,0.56529375,0.0474058253671507
curve,60.0,MEACOO-,0.5702875,0.0470300136933867
curve,60.0,MEACOO-,0.57528125,0.0466502678220923
curve,60.0,MEACOO-,0.580275,0.0462679386278945
curve,60.0,MEACOO-,0.58526875,0.0458841261003389
curve,60.0,MEACOO-,0.5902625,0.0454997894214536
curve,60.0,MEACOO-,0.59525625,0.045115727145354
curve,60.0,MEACOO-,0.60025,0.04473262211419
curve,60.0,MEACOO-,0.60524375,0.0443510171257975
curve,60.0,MEACOO-,0.6102375,0.043971424709873
curve,60.0,MEACOO-,0.61523125,0.0435942363798455
curve,60.0,MEACOO-,0.620225,0.0432197962082911
curve,60.0,MEACOO-,0.62521875,0.0428483885773748
curve,60.0,MEACOO-,0.6302125,0.0424802397793824
curve,60.0,MEACOO-,0.63520625,0.0421155706835599
curve,60.0,MEACOO-,0.6402,0.0417545162968463
curve,60.0,MEACOO-,0.64519375,0.041397252014157
curve,60.0,MEACOO-,0.6501875,0.0410438451721626
curve,60.0,MEACOO-,0.6551812499999999,0.0406943787252647
curve,60.0,MEACOO-,0.660175,0.0403489508213366
curve,60.0,MEACOO-,0.66516875,0.0400075643467788
curve,60.0,MEACOO-,0.6701625,0.0396702922814657
curve,60.0,MEACOO-,0.67515625,0.0393371240276602
curve,60.0,MEACOO-,0.68015,0.039008091638795
curve,60.0,MEACOO-,0.6851437499999999,0.0386831817745162
curve,60.0,MEACOO-,0.6901375,0.0383623585867337
curve,60.0,MEACOO-,0.69513125,0.038045657324127
curve,60.0,MEACOO-,0.700125,0.0377330066534753
curve,60.0,MEACOO-,0.70511875,0.0374244057629704
curve,60.0,MEACOO-,0.7101125,0.0371197974772718
curve,60.0,MEACOO-,0.7151062499999999,0.0368191418935933
curve,60.0,MEACOO-,0.7201,0.0365224421642811
curve,60.0,MEACOO-,0.72509375,0.0362295966607585
curve,60.0,MEACOO-,0.7300875,0.0359405588641196
curve,60.0,MEACOO-,0.73508125,0.0356553543344033
curve,60.0,MEACOO-,0.740075,0.0353738265824165
curve,60.0,MEACOO-,0.74506875,0.0350959910213245
curve,60.0,MEACOO-,0.7500625,0.0348217914960034
curve,60.0,MEACOO-,0.75505625,0.0345511317508411
curve,60.0,MEACOO-,0.76005,0.0342840057940922
curve,60.0,MEACOO-,0.76504375,0.0340203212444202
curve,60.0,MEACOO-,0.7700375,0.0337600495788218
curve,60.0,MEACOO-,0.77503125,0.0335031098788927
curve,60.0,MEACOO-,0.780025,0.0332494535167193
curve,60.0,MEACOO-,0.78501875,0.0329990457052173
curve,60.0,MEACOO-,0.7900125,0.0327517820253823
curve,60.0,MEACOO-,0.79500625,0.0325076295792167
curve,60.0,MEACOO-,0.8,0.0322665969722568
reference_point,60.0,MEACOO-,0.131,0.0146780851172127
reference_point,60.0,MEACOO-,0.203,0.0230692882503551
reference_point,60.0,MEACOO-,0.277,0.0301869229240283
reference_point,60.0,MEACOO-,0.415,0.041696242038234
reference_point,60.0,MEACOO-,0.489,0.0424234858787762
reference_point,60.0,MEACOO-,0.559,0.0454831958254769
reference_point,60.0,MEACOO-,0.613,0.0374680370104344
reference_point,60.0,MEACOO-,0.766,0.0357061160977426
curve,60.0,HCO3-,0.001,2.678067596744945e-07
curve,60.0,HCO3-,0.00599375,1.6656098657806172e-06
curve,60.0,HCO3-,0.0109875,3.134302778736646e-06
curve,60.0,HCO3-,0.01598125,4.655228968252456e-06
curve,60.0,HCO3-,0.020975,6.223038841920639e-06
curve,60.0,HCO3-,0.02596875,7.836557667483638e-06
curve,60.0,HCO3-,0.0309625,9.49616347420787e-06
curve,60.0,HCO3-,0.03595625,1.1202917423244024e-05
curve,60.0,HCO3-,0.04095,1.2958253437680226e-05
curve,60.0,HCO3-,0.04594375,1.4763768747560688e-05
curve,60.0,HCO3-,0.0509375,1.6621267642795268e-05
curve,60.0,HCO3-,0.05593125,1.853268342587096e-05
curve,60.0,HCO3-,0.060925,2.050022783268741e-05
curve,60.0,HCO3-,0.06591875,2.252603130627053e-05
curve,60.0,HCO3-,0.0709125,2.461258362364469e-05
curve,60.0,HCO3-,0.07590625,2.6762162808349293e-05
curve,60.0,HCO3-,0.0809,2.8977821327928236e-05
curve,60.0,HCO3-,0.08589375,3.1261980330428026e-05
curve,60.0,HCO3-,0.0908875,3.3617773466239184e-05
curve,60.0,HCO3-,0.09588125,3.604813232819621e-05
curve,60.0,HCO3-,0.1008749999999999,3.855682507769108e-05
curve,60.0,HCO3-,0.10586875,4.114680419067949e-05
curve,60.0,HCO3-,0.1108625,4.382193015874015e-05
curve,60.0,HCO3-,0.11585625,4.658629526629858e-05
curve,60.0,HCO3-,0.12085,4.944357332109513e-05
curve,60.0,HCO3-,0.12584375,5.239830185091709e-05
curve,60.0,HCO3-,0.1308375,5.5455144467839794e-05
curve,60.0,HCO3-,0.13583125,5.8618859744329386e-05
curve,60.0,HCO3-,0.140825,6.189455858877892e-05
curve,60.0,HCO3-,0.14581875,6.528729419558582e-05
curve,60.0,HCO3-,0.1508125,6.880352128583881e-05
curve,60.0,HCO3-,0.15580625,7.24489829740056e-05
curve,60.0,HCO3-,0.1608,7.623014671276396e-05
curve,60.0,HCO3-,0.16579375,8.015381546790638e-05
curve,60.0,HCO3-,0.1707875,8.422747288425148e-05
curve,60.0,HCO3-,0.17578125,8.845837628018846e-05
curve,60.0,HCO3-,0.180775,9.285535146923584e-05
curve,60.0,HCO3-,0.18576875,9.742737001600544e-05
curve,60.0,HCO3-,0.1907625,0.0001021833408297
curve,60.0,HCO3-,0.19575625,0.0001071330314848
curve,60.0,HCO3-,0.2007499999999999,0.000112287706691
curve,60.0,HCO3-,0.20574375,0.000117659366817
curve,60.0,HCO3-,0.2107375,0.0001232581425643
curve,60.0,HCO3-,0.2157312499999999,0.0001290993867979
curve,60.0,HCO3-,0.220725,0.0001351966846983
curve,60.0,HCO3-,0.22571875,0.0001415637424524
curve,60.0,HCO3-,0.2307125,0.0001482181873677
curve,60.0,HCO3-,0.23570625,0.0001551767982267
curve,60.0,HCO3-,0.2407,0.0001624589148749
curve,60.0,HCO3-,0.24569375,0.000170084615693
curve,60.0,HCO3-,0.2506875,0.0001780749289673
curve,60.0,HCO3-,0.2556812499999999,0.0001864538586039
curve,60.0,HCO3-,0.260675,0.0001952477558023
curve,60.0,HCO3-,0.26566875,0.0002044839124205
curve,60.0,HCO3-,0.2706625,0.0002141916266179
curve,60.0,HCO3-,0.27565625,0.0002244045001105
curve,60.0,HCO3-,0.28065,0.0002351571324573
curve,60.0,HCO3-,0.28564375,0.0002464885695225
curve,60.0,HCO3-,0.2906375,0.0002584437574698
curve,60.0,HCO3-,0.29563125,0.0002710645022495
curve,60.0,HCO3-,0.300625,0.0002844048794966
curve,60.0,HCO3-,0.30561875,0.0002985193221857
curve,60.0,HCO3-,0.3106125,0.0003134681798692
curve,60.0,HCO3-,0.31560625,0.0003293233644383
curve,60.0,HCO3-,0.3206,0.0003461542263103
curve,60.0,HCO3-,0.32559375,0.0003640450132823
curve,60.0,HCO3-,0.3305875,0.0003830898744787
curve,60.0,HCO3-,0.33558125,0.000403388520597
curve,60.0,HCO3-,0.340575,0.0004250537096046
curve,60.0,HCO3-,0.34556875,0.0004482142956782
curve,60.0,HCO3-,0.3505625,0.0004730108486423
curve,60.0,HCO3-,0.35555625,0.000499606971362
curve,60.0,HCO3-,0.36055,0.0005281783310786
curve,60.0,HCO3-,0.36554375,0.0005589303005693
curve,60.0,HCO3-,0.3705375,0.0005920965365154
curve,60.0,HCO3-,0.37553125,0.0006279337350916
curve,60.0,HCO3-,0.380525,0.0006667429592199
curve,60.0,HCO3-,0.38551875,0.0007088700642773
curve,60.0,HCO3-,0.3905125,0.0007547071073746
curve,60.0,HCO3-,0.39550625,0.0008047038985004
curve,60.0,HCO3-,0.4004999999999999,0.0008593888672811
curve,60.0,HCO3-,0.40549375,0.0009193706693984
curve,60.0,HCO3-,0.4104875,0.0009853543375532
curve,60.0,HCO3-,0.4154812499999999,0.0010581669692107
curve,60.0,HCO3-,0.420475,0.0011387820801316
curve,60.0,HCO3-,0.42546875,0.0012283325061089
curve,60.0,HCO3-,0.4304624999999999,0.0013281633665751
curve,60.0,HCO3-,0.43545625,0.0014398369968666
curve,60.0,HCO3-,0.44045,0.0015652228862754
curve,60.0,HCO3-,0.4454437499999999,0.0017065009093433
curve,60.0,HCO3-,0.4504375,0.0018662034120775
curve,60.0,HCO3-,0.45543125,0.0020472933211057
curve,60.0,HCO3-,0.460425,0.0022531581118506
curve,60.0,HCO3-,0.46541875,0.0024875943392087
curve,60.0,HCO3-,0.4704125,0.0027547866670633
curve,60.0,HCO3-,0.47540625,0.0030591207107207
curve,60.0,HCO3-,0.4804,0.0034049594358175
curve,60.0,HCO3-,0.48539375,0.0037963368386228
curve,60.0,HCO3-,0.4903875,0.0042364904089793
curve,60.0,HCO3-,0.49538125,0.0047274392071885
curve,60.0,HCO3-,0.500375,0.0052696711452865
curve,60.0,HCO3-,0.50536875,0.0058619425222061
curve,60.0,HCO3-,0.5103624999999999,0.0065013972131987
curve,60.0,HCO3-,0.51535625,0.0071838429080224
curve,60.0,HCO3-,0.52035,0.0079042164834176
curve,60.0,HCO3-,0.52534375,0.0086570151544044
curve,60.0,HCO3-,0.5303375,0.0094367353919789
curve,60.0,HCO3-,0.53533125,0.0102381357075158
curve,60.0,HCO3-,0.5403249999999999,0.0110564177481294
curve,60.0,HCO3-,0.54531875,0.011887306256128
curve,60.0,HCO3-,0.5503125,0.0127270806980872
curve,60.0,HCO3-,0.55530625,0.0135725397264926
curve,60.0,HCO3-,0.5603,0.014420951744139
curve,60.0,HCO3-,0.56529375,0.0152700244032632
curve,60.0,HCO3-,0.5702875,0.0161177838696281
curve,60.0,HCO3-,0.57528125,0.0169626208218183
curve,60.0,HCO3-,0.580275,0.0178031262714239
curve,60.0,HCO3-,0.58526875,0.0186381940240378
curve,60.0,HCO3-,0.5902625,0.0194668386113869
curve,60.0,HCO3-,0.59525625,0.0202882696335469
curve,60.0,HCO3-,0.60025,0.021101803244751
curve,60.0,HCO3-,0.60524375,0.0219069419694353
curve,60.0,HCO3-,0.6102375,0.0227031851615266
curve,60.0,HCO3-,0.61523125,0.0234901849891922
curve,60.0,HCO3-,0.620225,0.0242676459705488
curve,60.0,HCO3-,0.62521875,0.0250353377020789
curve,60.0,HCO3-,0.6302125,0.0257931081365603
curve,60.0,HCO3-,0.63520625,0.0265407812533013
curve,60.0,HCO3-,0.6402,0.0272783202970375
curve,60.0,HCO3-,0.64519375,0.028005587423189
curve,60.0,HCO3-,0.6501875,0.0287226292227943
curve,60.0,HCO3-,0.6551812499999999,0.0294294502716037
curve,60.0,HCO3-,0.660175,0.0301260059005124
curve,60.0,HCO3-,0.66516875,0.030812427358678
curve,60.0,HCO3-,0.6701625,0.0314886873545015
curve,60.0,HCO3-,0.67515625,0.0321549265869441
curve,60.0,HCO3-,0.68015,0.0328111778880043
curve,60.0,HCO3-,0.6851437499999999,0.0334575632164586
curve,60.0,HCO3-,0.6901375,0.03409423945215
curve,60.0,HCO3-,0.69513125,0.034721217105108
curve,60.0,HCO3-,0.700125,0.0353387109291109
curve,60.0,HCO3-,0.70511875,0.0359467873569307
curve,60.0,HCO3-,0.7101125,0.0365456273711885
curve,60.0,HCO3-,0.7151062499999999,0.0371353683161083
curve,60.0,HCO3-,0.7201,0.0377160552695673
curve,60.0,HCO3-,0.72509375,0.0382879442929203
curve,60.0,HCO3-,0.7300875,0.0388511762670062
curve,60.0,HCO3-,0.73508125,0.0394057375693427
curve,60.0,HCO3-,0.740075,0.0399519925089173
curve,60.0,HCO3-,0.74506875,0.0404899414936067
curve,60.0,HCO3-,0.7500625,0.0410197340478363
curve,60.0,HCO3-,0.75505625,0.0415416031292488
curve,60.0,HCO3-,0.76005,0.0420555865925334
curve,60.0,HCO3-,0.76504375,0.0425619015644269
curve,60.0,HCO3-,0.7700375,0.0430606352740499
curve,60.0,HCO3-,0.77503125,0.0435519786787913
curve,60.0,HCO3-,0.780025,0.044036053403949
curve,60.0,HCO3-,0.78501875,0.0445129530292753
curve,60.0,HCO3-,0.7900125,0.0449829117394422
curve,60.0,HCO3-,0.79500625,0.0454460208874971
curve,60.0,HCO3-,0.8,0.0459022742246067
reference_point,60.0,HCO3-,0.415,0.0041999257344449
reference_point,60.0,HCO3-,0.489,0.0072013204829205
reference_point,60.0,HCO3-,0.559,0.0162950830374003
reference_point,60.0,HCO3-,0.613,0.0303456478820731
reference_point,60.0,HCO3-,0.766,0.0229106992974261
curve,60.0,CO3^2-,0.001,9.006054349804225e-06
curve,60.0,CO3^2-,0.00599375,3.879915016736319e-05
curve,60.0,CO3^2-,0.0109875,5.549135703389598e-05
curve,60.0,CO3^2-,0.01598125,6.690345863480352e-05
curve,60.0,CO3^2-,0.020975,7.569463221966763e-05
curve,60.0,CO3^2-,0.02596875,8.290686728901838e-05
curve,60.0,CO3^2-,0.0309625,8.903200828967007e-05
curve,60.0,CO3^2-,0.03595625,9.434758577068095e-05
curve,60.0,CO3^2-,0.04095,9.901725551668476e-05
curve,60.0,CO3^2-,0.04594375,0.000103160041671
curve,60.0,CO3^2-,0.0509375,0.0001068577025072
curve,60.0,CO3^2-,0.05593125,0.0001101745486749
curve,60.0,CO3^2-,0.060925,0.0001131559186507
curve,60.0,CO3^2-,0.06591875,0.0001158472361182
curve,60.0,CO3^2-,0.0709125,0.0001182796001993
curve,60.0,CO3^2-,0.07590625,0.0001204817624673
curve,60.0,CO3^2-,0.0809,0.0001224744628348
curve,60.0,CO3^2-,0.08589375,0.0001242814974444
curve,60.0,CO3^2-,0.0908875,0.0001259186177917
curve,60.0,CO3^2-,0.09588125,0.0001274013451413
curve,60.0,CO3^2-,0.1008749999999999,0.0001287465893994
curve,60.0,CO3^2-,0.10586875,0.0001299626608849
curve,60.0,CO3^2-,0.1108625,0.0001310636965914
curve,60.0,CO3^2-,0.11585625,0.0001320568832945
curve,60.0,CO3^2-,0.12085,0.0001329537900593
curve,60.0,CO3^2-,0.12584375,0.0001337617517056
curve,60.0,CO3^2-,0.1308375,0.0001344867822135
curve,60.0,CO3^2-,0.13583125,0.0001351350994172
curve,60.0,CO3^2-,0.140825,0.0001357161953945
curve,60.0,CO3^2-,0.14581875,0.0001362309204147
curve,60.0,CO3^2-,0.1508125,0.0001366883472451
curve,60.0,CO3^2-,0.15580625,0.0001370943006284
curve,60.0,CO3^2-,0.1608,0.000137446109369
curve,60.0,CO3^2-,0.16579375,0.00013775356203
curve,60.0,CO3^2-,0.1707875,0.0001380155745746
curve,60.0,CO3^2-,0.17578125,0.0001382413663936
curve,60.0,CO3^2-,0.180775,0.0001384314489597
curve,60.0,CO3^2-,0.18576875,0.000138585445344
curve,60.0,CO3^2-,0.1907625,0.0001387114261563
curve,60.0,CO3^2-,0.19575625,0.0001388087276369
curve,60.0,CO3^2-,0.2007499999999999,0.0001388784053968
curve,60.0,CO3^2-,0.20574375,0.0001389231326552
curve,60.0,CO3^2-,0.2107375,0.0001389482185209
curve,60.0,CO3^2-,0.2157312499999999,0.000138951976728
curve,60.0,CO3^2-,0.220725,0.0001389363909037
curve,60.0,CO3^2-,0.22571875,0.0001389043049132
curve,60.0,CO3^2-,0.2307125,0.0001388544129054
curve,60.0,CO3^2-,0.23570625,0.0001387923887765
curve,60.0,CO3^2-,0.2407,0.000138716939877
curve,60.0,CO3^2-,0.24569375,0.0001386280809799
curve,60.0,CO3^2-,0.2506875,0.0001385269330362
curve,60.0,CO3^2-,0.2556812499999999,0.0001384183013773
curve,60.0,CO3^2-,0.260675,0.0001382979968744
curve,60.0,CO3^2-,0.26566875,0.0001381692189909
curve,60.0,CO3^2-,0.2706625,0.0001380338393914
curve,60.0,CO3^2-,0.27565625,0.0001378912433689
curve,60.0,CO3^2-,0.28065,0.0001377397915291
curve,60.0,CO3^2-,0.28564375,0.0001375847761238
curve,60.0,CO3^2-,0.2906375,0.0001374246328534
curve,60.0,CO3^2-,0.29563125,0.0001372556845782
curve,60.0,CO3^2-,0.300625,0.0001370855956553
curve,60.0,CO3^2-,0.30561875,0.0001369086535741
curve,60.0,CO3^2-,0.3106125,0.0001367276902665
curve,60.0,CO3^2-,0.31560625,0.0001365431712534
curve,60.0,CO3^2-,0.3206,0.0001363555321936
curve,60.0,CO3^2-,0.32559375,0.0001361643263113
curve,60.0,CO3^2-,0.3305875,0.000135969158246
curve,60.0,CO3^2-,0.33558125,0.0001357704255878
curve,60.0,CO3^2-,0.340575,0.0001355661813167
curve,60.0,CO3^2-,0.34556875,0.0001353604557533
curve,60.0,CO3^2-,0.3505625,0.0001351499527252
curve,60.0,CO3^2-,0.35555625,0.0001349365967517
curve,60.0,CO3^2-,0.36055,0.0001347166256495
curve,60.0,CO3^2-,0.36554375,0.0001344925523726
curve,60.0,CO3^2-,0.3705375,0.0001342627260192
curve,60.0,CO3^2-,0.37553125,0.0001340281413627
curve,60.0,CO3^2-,0.380525,0.0001337860869633
curve,60.0,CO3^2-,0.38551875,0.0001335345443132
curve,60.0,CO3^2-,0.3905125,0.0001332738224933
curve,60.0,CO3^2-,0.39550625,0.0001330059059525
curve,60.0,CO3^2-,0.4004999999999999,0.000132724376087
curve,60.0,CO3^2-,0.40549375,0.0001324267230211
curve,60.0,CO3^2-,0.4104875,0.0001321170625815
curve,60.0,CO3^2-,0.4154812499999999,0.0001317880611212
curve,60.0,CO3^2-,0.420475,0.000131437853494
curve,60.0,CO3^2-,0.42546875,0.0001310631031767
curve,60.0,CO3^2-,0.4304624999999999,0.00013065963144
curve,60.0,CO3^2-,0.43545625,0.0001302214912886
curve,60.0,CO3^2-,0.44045,0.0001297458644071
curve,60.0,CO3^2-,0.4454437499999999,0.0001292247038852
curve,60.0,CO3^2-,0.4504375,0.0001286510610068
curve,60.0,CO3^2-,0.45543125,0.0001280152993144
curve,60.0,CO3^2-,0.460425,0.0001273091233605
curve,60.0,CO3^2-,0.46541875,0.0001265207225634
curve,60.0,CO3^2-,0.4704125,0.0001256384991316
curve,60.0,CO3^2-,0.47540625,0.0001246507593036
curve,60.0,CO3^2-,0.4804,0.0001235468356245
curve,60.0,CO3^2-,0.48539375,0.0001223196438853
curve,60.0,CO3^2-,0.4903875,0.0001209595191907
curve,60.0,CO3^2-,0.49538125,0.0001194669918008
curve,60.0,CO3^2-,0.500375,0.0001178469996647
curve,60.0,CO3^2-,0.50536875,0.0001161053556661
curve,60.0,CO3^2-,0.5103624999999999,0.000114257571709
curve,60.0,CO3^2-,0.51535625,0.0001123193513272
curve,60.0,CO3^2-,0.52035,0.0001103114387461
curve,60.0,CO3^2-,0.52534375,0.0001082532332316
curve,60.0,CO3^2-,0.5303375,0.0001061619104021
curve,60.0,CO3^2-,0.53533125,0.0001040541253759
curve,60.0,CO3^2-,0.5403249999999999,0.0001019437016305
curve,60.0,CO3^2-,0.54531875,9.984454080433052e-05
curve,60.0,CO3^2-,0.5503125,9.776604666286528e-05
curve,60.0,CO3^2-,0.55530625,9.571466043266756e-05
curve,60.0,CO3^2-,0.5603,9.369731463665928e-05
curve,60.0,CO3^2-,0.56529375,9.17198562468076e-05
curve,60.0,CO3^2-,0.5702875,8.978466011760756e-05
curve,60.0,CO3^2-,0.57528125,8.789355997872118e-05
curve,60.0,CO3^2-,0.580275,8.605015660876588e-05
curve,60.0,CO3^2-,0.58526875,8.425376125490373e-05
curve,60.0,CO3^2-,0.5902625,8.250679815262755e-05
curve,60.0,CO3^2-,0.59525625,8.080650592928397e-05
curve,60.0,CO3^2-,0.60025,7.915555195348087e-05
curve,60.0,CO3^2-,0.60524375,7.755156163071481e-05
curve,60.0,CO3^2-,0.6102375,7.599394351830209e-05
curve,60.0,CO3^2-,0.61523125,7.448255245383017e-05
curve,60.0,CO3^2-,0.620225,7.301602171915124e-05
curve,60.0,CO3^2-,0.62521875,7.159362429296538e-05
curve,60.0,CO3^2-,0.6302125,7.021391109395699e-05
curve,60.0,CO3^2-,0.63520625,6.887558531713441e-05
curve,60.0,CO3^2-,0.6402,6.757727296102738e-05
curve,60.0,CO3^2-,0.64519375,6.631830352474943e-05
curve,60.0,CO3^2-,0.6501875,6.509780158809313e-05
curve,60.0,CO3^2-,0.6551812499999999,6.39132471547903e-05
curve,60.0,CO3^2-,0.660175,6.276400773823777e-05
curve,60.0,CO3^2-,0.66516875,6.164862866642769e-05
curve,60.0,CO3^2-,0.6701625,6.056707248571028e-05
curve,60.0,CO3^2-,0.67515625,5.951676259503981e-05
curve,60.0,CO3^2-,0.68015,5.84973438328306e-05
curve,60.0,CO3^2-,0.6851437499999999,5.7507884813828654e-05
curve,60.0,CO3^2-,0.6901375,5.654684882422737e-05
curve,60.0,CO3^2-,0.69513125,5.561361741169865e-05
curve,60.0,CO3^2-,0.700125,5.470723872643175e-05
curve,60.0,CO3^2-,0.70511875,5.382675561458792e-05
curve,60.0,CO3^2-,0.7101125,5.2970732654804605e-05
curve,60.0,CO3^2-,0.7151062499999999,5.213865586077831e-05
curve,60.0,CO3^2-,0.7201,5.132938173220609e-05
curve,60.0,CO3^2-,0.72509375,5.054252658442239e-05
curve,60.0,CO3^2-,0.7300875,4.9776768486471845e-05
curve,60.0,CO3^2-,0.73508125,4.903214061860422e-05
curve,60.0,CO3^2-,0.740075,4.830717522975313e-05
curve,60.0,CO3^2-,0.74506875,4.7601567244941e-05
curve,60.0,CO3^2-,0.7500625,4.691475120189372e-05
curve,60.0,CO3^2-,0.75505625,4.624526299016392e-05
curve,60.0,CO3^2-,0.76005,4.559310022272928e-05
curve,60.0,CO3^2-,0.76504375,4.4958165651479525e-05
curve,60.0,CO3^2-,0.7700375,4.433903655499974e-05
curve,60.0,CO3^2-,0.77503125,4.373544997588896e-05
curve,60.0,CO3^2-,0.780025,4.314661617513255e-05
curve,60.0,CO3^2-,0.78501875,4.257274200445907e-05
curve,60.0,CO3^2-,0.7900125,4.201255418773601e-05
curve,60.0,CO3^2-,0.79500625,4.14656211011964e-05
curve,60.0,CO3^2-,0.8,4.09322817449268e-05
curve,60.0,H3O+,0.001,6.859372021081708e-14
curve,60.0,H3O+,0.00599375,1.1459307790947957e-13
curve,60.0,H3O+,0.0109875,1.6806761158085958e-13
curve,60.0,H3O+,0.01598125,2.2430194952727711e-13
curve,60.0,H3O+,0.020975,2.8129512701986705e-13
curve,60.0,H3O+,0.02596875,3.382252715746933e-13
curve,60.0,H3O+,0.0309625,3.947327248385526e-13
curve,60.0,H3O+,0.03595625,4.506592391228802e-13
curve,60.0,H3O+,0.04095,5.059437839822468e-13
curve,60.0,H3O+,0.04594375,5.60565262196875e-13
curve,60.0,H3O+,0.0509375,6.145381805857173e-13
curve,60.0,H3O+,0.05593125,6.678852917452143e-13
curve,60.0,H3O+,0.060925,7.2063939034122e-13
curve,60.0,H3O+,0.06591875,7.728397128280225e-13
curve,60.0,H3O+,0.0709125,8.245309994021459e-13
curve,60.0,H3O+,0.07590625,8.757566811119337e-13
curve,60.0,H3O+,0.0809,9.265667905158857e-13
curve,60.0,H3O+,0.08589375,9.77006343547312e-13
curve,60.0,H3O+,0.0908875,1.0271267072730877e-12
curve,60.0,H3O+,0.09588125,1.0769751147813025e-12
curve,60.0,H3O+,0.1008749999999999,1.1266006804347146e-12
curve,60.0,H3O+,0.10586875,1.1760628499584317e-12
curve,60.0,H3O+,0.1108625,1.225405300273524e-12
curve,60.0,H3O+,0.11585625,1.274683204274779e-12
curve,60.0,H3O+,0.12085,1.3239468910482959e-12
curve,60.0,H3O+,0.12584375,1.3732572025479038e-12
curve,60.0,H3O+,0.1308375,1.4226680013897556e-12
curve,60.0,H3O+,0.13583125,1.4722311508135405e-12
curve,60.0,H3O+,0.140825,1.5220098649472046e-12
curve,60.0,H3O+,0.14581875,1.572058316722611e-12
curve,60.0,H3O+,0.1508125,1.6224431208302194e-12
curve,60.0,H3O+,0.15580625,1.6732209946405348e-12
curve,60.0,H3O+,0.1608,1.7244602709777897e-12
curve,60.0,H3O+,0.16579375,1.7762277250584577e-12
curve,60.0,H3O+,0.1707875,1.828588733791299e-12
curve,60.0,H3O+,0.17578125,1.881617211360204e-12
curve,60.0,H3O+,0.180775,1.935381833817689e-12
curve,60.0,H3O+,0.18576875,1.989976153561092e-12
curve,60.0,H3O+,0.1907625,2.045463786446103e-12
curve,60.0,H3O+,0.19575625,2.1019392271114466e-12
curve,60.0,H3O+,0.2007499999999999,2.159488966480726e-12
curve,60.0,H3O+,0.20574375,2.2182065428689835e-12
curve,60.0,H3O+,0.2107375,2.2781852160900298e-12
curve,60.0,H3O+,0.2157312499999999,2.3395422976663818e-12
curve,60.0,H3O+,0.220725,2.402382777486889e-12
curve,60.0,H3O+,0.22571875,2.4668115253801175e-12
curve,60.0,H3O+,0.2307125,2.532969659818064e-12
curve,60.0,H3O+,0.23570625,2.600968034127961e-12
curve,60.0,H3O+,0.2407,2.670964763198893e-12
curve,60.0,H3O+,0.24569375,2.743100317067998e-12
curve,60.0,H3O+,0.2506875,2.8175449255920825e-12
curve,60.0,H3O+,0.2556812499999999,2.8944640499870338e-12
curve,60.0,H3O+,0.260675,2.974035071076272e-12
curve,60.0,H3O+,0.26566875,3.056470636315243e-12
curve,60.0,H3O+,0.2706625,3.141974636092632e-12
curve,60.0,H3O+,0.27565625,3.2307780263887888e-12
curve,60.0,H3O+,0.28065,3.3231469099970887e-12
curve,60.0,H3O+,0.28564375,3.41932619892695e-12
curve,60.0,H3O+,0.2906375,3.519634652536574e-12
curve,60.0,H3O+,0.29563125,3.6243827111819962e-12
curve,60.0,H3O+,0.300625,3.733930220173928e-12
curve,60.0,H3O+,0.30561875,3.8486619818739426e-12
curve,60.0,H3O+,0.3106125,3.96899148553294e-12
curve,60.0,H3O+,0.31560625,4.095391101250108e-12
curve,60.0,H3O+,0.3206,4.228362744006077e-12
curve,60.0,H3O+,0.32559375,4.368470024832901e-12
curve,60.0,H3O+,0.3305875,4.516351520019832e-12
curve,60.0,H3O+,0.33558125,4.672686875614726e-12
curve,60.0,H3O+,0.340575,4.838256594812706e-12
curve,60.0,H3O+,0.34556875,5.013899288709893e-12
curve,60.0,H3O+,0.3505625,5.2006053464251776e-12
curve,60.0,H3O+,0.35555625,5.399437691858963e-12
curve,60.0,H3O+,0.36055,5.611631352065596e-12
curve,60.0,H3O+,0.36554375,5.838546479774015e-12
curve,60.0,H3O+,0.3705375,6.081724343919456e-12
curve,60.0,H3O+,0.37553125,6.342944736131409e-12
curve,60.0,H3O+,0.380525,6.624236649136762e-12
curve,60.0,H3O+,0.38551875,6.927881308455411e-12
curve,60.0,H3O+,0.3905125,7.2565396765116406e-12
curve,60.0,H3O+,0.39550625,7.61325299327799e-12
curve,60.0,H3O+,0.4004999999999999,8.001516766370219e-12
curve,60.0,H3O+,0.40549375,8.425470903887047e-12
curve,60.0,H3O+,0.4104875,8.889831443782905e-12
curve,60.0,H3O+,0.4154812499999999,9.400176532141123e-12
curve,60.0,H3O+,0.420475,9.963039448828328e-12
curve,60.0,H3O+,0.42546875,1.058604408068512e-11
curve,60.0,H3O+,0.4304624999999999,1.127821455424364e-11
curve,60.0,H3O+,0.43545625,1.205010819987095e-11
curve,60.0,H3O+,0.44045,1.291434294174746e-11
curve,60.0,H3O+,0.4454437499999999,1.3885493033442782e-11
curve,60.0,H3O+,0.4504375,1.4980815379404106e-11
curve,60.0,H3O+,0.45543125,1.6220271360720283e-11
curve,60.0,H3O+,0.460425,1.7626813861897483e-11
curve,60.0,H3O+,0.46541875,1.9226391591729928e-11
curve,60.0,H3O+,0.4704125,2.1047243882208198e-11
curve,60.0,H3O+,0.47540625,2.3119582816674415e-11
curve,60.0,H3O+,0.4804,2.547350978678009e-11
curve,60.0,H3O+,0.48539375,2.8136937885213267e-11
curve,60.0,H3O+,0.4903875,3.113296354321609e-11
curve,60.0,H3O+,0.49538125,3.447652121136807e-11
curve,60.0,H3O+,0.500375,3.817225168657053e-11
curve,60.0,H3O+,0.50536875,4.221366585023498e-11
curve,60.0,H3O+,0.5103624999999999,4.6582820418203856e-11
curve,60.0,H3O+,0.51535625,5.125296815532579e-11
curve,60.0,H3O+,0.52035,5.6191389082009693e-11
curve,60.0,H3O+,0.52534375,6.136189797355406e-11
curve,60.0,H3O+,0.5303375,6.67280146104397e-11
curve,60.0,H3O+,0.53533125,7.225452720235414e-11
curve,60.0,H3O+,0.5403249999999999,7.790939517083938e-11
curve,60.0,H3O+,0.54531875,8.366376224228831e-11
curve,60.0,H3O+,0.5503125,8.949209899314655e-11
curve,60.0,H3O+,0.55530625,9.537256754985356e-11
curve,60.0,H3O+,0.5603,1.0128639728273252e-10
curve,60.0,H3O+,0.56529375,1.0721686339158172e-10
curve,60.0,H3O+,0.5702875,1.1315031812643596e-10
curve,60.0,H3O+,0.57528125,1.1907518306027446e-10
curve,60.0,H3O+,0.580275,1.2498181207374538e-10
curve,60.0,H3O+,0.58526875,1.3086129353945286e-10
curve,60.0,H3O+,0.5902625,1.3670573393101176e-10
curve,60.0,H3O+,0.59525625,1.425099725227251e-10
curve,60.0,H3O+,0.60025,1.4826849989545012e-10
curve,60.0,H3O+,0.60524375,1.5397655835957478e-10
curve,60.0,H3O+,0.6102375,1.5963069711882623e-10
curve,60.0,H3O+,0.61523125,1.6522709172834886e-10
curve,60.0,H3O+,0.620225,1.707643351251453e-10
curve,60.0,H3O+,0.62521875,1.7623909806056271e-10
curve,60.0,H3O+,0.6302125,1.8164911526304602e-10
curve,60.0,H3O+,0.63520625,1.8699365139900904e-10
curve,60.0,H3O+,0.6402,1.9227066112446908e-10
curve,60.0,H3O+,0.64519375,1.9748116740789662e-10
curve,60.0,H3O+,0.6501875,2.0262225062599068e-10
curve,60.0,H3O+,0.6551812499999999,2.0769346254633398e-10
curve,60.0,H3O+,0.660175,2.1269544447848726e-10
curve,60.0,H3O+,0.66516875,2.1762746971209744e-10
curve,60.0,H3O+,0.6701625,2.2248850624066368e-10
curve,60.0,H3O+,0.67515625,2.2728006912772723e-10
curve,60.0,H3O+,0.68015,2.3200154073836554e-10
curve,60.0,H3O+,0.6851437499999999,2.3665354993958206e-10
curve,60.0,H3O+,0.6901375,2.412346285102578e-10
curve,60.0,H3O+,0.69513125,2.4574796634893754e-10
curve,60.0,H3O+,0.700125,2.5019134249879177e-10
curve,60.0,H3O+,0.70511875,2.545669254864753e-10
curve,60.0,H3O+,0.7101125,2.588746359592602e-10
curve,60.0,H3O+,0.7151062499999999,2.631142717372032e-10
curve,60.0,H3O+,0.7201,2.6728895629109065e-10
curve,60.0,H3O+,0.72509375,2.7139617925453776e-10
curve,60.0,H3O+,0.7300875,2.7543845225710913e-10
curve,60.0,H3O+,0.73508125,2.794161621458108e-10
curve,60.0,H3O+,0.740075,2.8333004549525706e-10
curve,60.0,H3O+,0.74506875,2.871808292473201e-10
curve,60.0,H3O+,0.7500625,2.9096899412323916e-10
curve,60.0,H3O+,0.75505625,2.946954987915843e-10
curve,60.0,H3O+,0.76005,2.9836084295020755e-10
curve,60.0,H3O+,0.76504375,3.0196642852957103e-10
curve,60.0,H3O+,0.7700375,3.0551221312691263e-10
curve,60.0,H3O+,0.77503125,3.0899999239433537e-10
curve,60.0,H3O+,0.780025,3.1242950032604086e-10
curve,60.0,H3O+,0.78501875,3.1580233931506604e-10
curve,60.0,H3O+,0.7900125,3.1911792163563165e-10
curve,60.0,H3O+,0.79500625,3.2237925270267275e-10
curve,60.0,H3O+,0.8,3.2558680558638647e-10
curve,60.0,OH-,0.001,0.0004868893952638
curve,60.0,OH-,0.00599375,0.0003092630802388
curve,60.0,OH-,0.0109875,0.0002191923616041
curve,60.0,OH-,0.01598125,0.0001682206318266
curve,60.0,OH-,0.020975,0.0001359920789246
curve,60.0,OH-,0.02596875,0.0001138388597839
curve,60.0,OH-,0.0309625,9.766029763120908e-05
curve,60.0,OH-,0.03595625,8.530063812931568e-05
curve,60.0,OH-,0.04095,7.553272852831437e-05
curve,60.0,OH-,0.04594375,6.760341214283376e-05
curve,60.0,OH-,0.0509375,6.102974347488415e-05
curve,60.0,OH-,0.05593125,5.548467415085898e-05
curve,60.0,OH-,0.060925,5.074067626896615e-05
curve,60.0,OH-,0.06591875,4.663261218716545e-05
curve,60.0,OH-,0.0709125,4.303826495602697e-05
curve,60.0,OH-,0.07590625,3.986639023468723e-05
curve,60.0,OH-,0.0809,3.704594275192925e-05
curve,60.0,OH-,0.08589375,3.452080691791964e-05
curve,60.0,OH-,0.0908875,3.224710484235732e-05
curve,60.0,OH-,0.09588125,3.018891276349474e-05
curve,60.0,OH-,0.1008749999999999,2.8317273014384317e-05
curve,60.0,OH-,0.10586875,2.6608019571093325e-05
curve,60.0,OH-,0.1108625,2.5040730330685197e-05
curve,60.0,OH-,0.11585625,2.3599362995396432e-05
curve,60.0,OH-,0.12085,2.2269432557072104e-05
curve,60.0,OH-,0.12584375,2.103845231740662e-05
curve,60.0,OH-,0.1308375,1.989626094252633e-05
curve,60.0,OH-,0.13583125,1.883423261592422e-05
curve,60.0,OH-,0.140825,1.7844115155816622e-05
curve,60.0,OH-,0.14581875,1.6919303547832864e-05
curve,60.0,OH-,0.1508125,1.605372862138664e-05
curve,60.0,OH-,0.15580625,1.5242082898244215e-05
curve,60.0,OH-,0.1608,1.4479986726626675e-05
curve,60.0,OH-,0.16579375,1.3763250392616313e-05
curve,60.0,OH-,0.1707875,1.3088308464955865e-05
curve,60.0,OH-,0.17578125,1.2451467833156415e-05
curve,60.0,OH-,0.180775,1.185015125189422e-05
curve,60.0,OH-,0.18576875,1.1281779800656526e-05
curve,60.0,OH-,0.1907625,1.074357405753752e-05
curve,60.0,OH-,0.19575625,1.0233668197623933e-05
curve,60.0,OH-,0.2007499999999999,9.750132524050166e-06
curve,60.0,OH-,0.20574375,9.291125598986913e-06
curve,60.0,OH-,0.2107375,8.854922344453331e-06
curve,60.0,OH-,0.2157312499999999,8.440141732863736e-06
curve,60.0,OH-,0.220725,8.04539990601914e-06
curve,60.0,OH-,0.22571875,7.66945729208267e-06
curve,60.0,OH-,0.2307125,7.311273243654843e-06
curve,60.0,OH-,0.23570625,6.969644537616627e-06
curve,60.0,OH-,0.2407,6.643673235809561e-06
curve,60.0,OH-,0.24569375,6.332524903499515e-06
curve,60.0,OH-,0.2506875,6.035303441616885e-06
curve,60.0,OH-,0.2556812499999999,5.7512016227249385e-06
curve,60.0,OH-,0.260675,5.479635389172235e-06
curve,60.0,OH-,0.26566875,5.219878734832427e-06
curve,60.0,OH-,0.2706625,4.9712876662702485e-06
curve,60.0,OH-,0.27565625,4.733328744085857e-06
curve,60.0,OH-,0.28065,4.505517470866408e-06
curve,60.0,OH-,0.28564375,4.287270294603759e-06
curve,60.0,OH-,0.2906375,4.078138814550053e-06
curve,60.0,OH-,0.29563125,3.877775385910818e-06
curve,60.0,OH-,0.300625,3.6856577587277504e-06
curve,60.0,OH-,0.30561875,3.50152063185954e-06
curve,60.0,OH-,0.3106125,3.32489104504187e-06
curve,60.0,OH-,0.31560625,3.155527105793986e-06
curve,60.0,OH-,0.3206,2.99306735107255e-06
curve,60.0,OH-,0.32559375,2.837225598008867e-06
curve,60.0,OH-,0.3305875,2.687684776029612e-06
curve,60.0,OH-,0.33558125,2.54425355797168e-06
curve,60.0,OH-,0.340575,2.4066747103663614e-06
curve,60.0,OH-,0.34556875,2.274655079374896e-06
curve,60.0,OH-,0.3505625,2.148010274072264e-06
curve,60.0,OH-,0.35555625,2.026527988173025e-06
curve,60.0,OH-,0.36055,1.910013648311804e-06
curve,60.0,OH-,0.36554375,1.7982931501148783e-06
curve,60.0,OH-,0.3705375,1.6911696911646086e-06
curve,60.0,OH-,0.37553125,1.5884765316718632e-06
curve,60.0,OH-,0.380525,1.4900914411875974e-06
curve,60.0,OH-,0.38551875,1.3958282268260305e-06
curve,60.0,OH-,0.3905125,1.305570479023279e-06
curve,60.0,OH-,0.39550625,1.2191729577108232e-06
curve,60.0,OH-,0.4004999999999999,1.1365314535085625e-06
curve,60.0,OH-,0.40549375,1.0575325367794815e-06
curve,60.0,OH-,0.4104875,9.82044911454127e-07
curve,60.0,OH-,0.4154812499999999,9.099974087738188e-07
curve,60.0,OH-,0.420475,8.412914999920964e-07
curve,60.0,OH-,0.42546875,7.758459165500701e-07
curve,60.0,OH-,0.4304624999999999,7.135968760755416e-07
curve,60.0,OH-,0.43545625,6.544882107189648e-07
curve,60.0,OH-,0.44045,5.984474961494703e-07
curve,60.0,OH-,0.4454437499999999,5.454515414348917e-07
curve,60.0,OH-,0.4504375,4.954677456621866e-07
curve,60.0,OH-,0.45543125,4.484765953220169e-07
curve,60.0,OH-,0.460425,4.044700237249702e-07
curve,60.0,OH-,0.46541875,3.634499018578245e-07
curve,60.0,OH-,0.4704125,3.254268400751809e-07
curve,60.0,OH-,0.47540625,2.9040118627197065e-07
curve,60.0,OH-,0.4804,2.5837576968353173e-07
curve,60.0,OH-,0.48539375,2.2932890666050314e-07
curve,60.0,OH-,0.4903875,2.0321369420640945e-07
curve,60.0,OH-,0.49538125,1.7994542673402025e-07
curve,60.0,OH-,0.500375,1.5938816511695853e-07
curve,60.0,OH-,0.50536875,1.4136996780429054e-07
curve,60.0,OH-,0.5103624999999999,1.2567847523096232e-07
curve,60.0,OH-,0.51535625,1.120788432976406e-07
curve,60.0,OH-,0.52035,1.0032484156908104e-07
curve,60.0,OH-,0.52534375,9.017743481300737e-08
curve,60.0,OH-,0.5303375,8.141463426763688e-08
curve,60.0,OH-,0.53533125,7.383324487742083e-08
curve,60.0,OH-,0.5403249999999999,6.725638117968901e-08
curve,60.0,OH-,0.54531875,6.152971223244328e-08
curve,60.0,OH-,0.5503125,5.652461109428856e-08
curve,60.0,OH-,0.55530625,5.2131767513935184e-08
curve,60.0,OH-,0.5603,4.825892392850506e-08
curve,60.0,OH-,0.56529375,4.4830158408426247e-08
curve,60.0,OH-,0.5702875,4.1781570825390897e-08
curve,60.0,OH-,0.57528125,3.90598320463851e-08
curve,60.0,OH-,0.580275,3.661997922851621e-08
curve,60.0,OH-,0.58526875,3.442452881430147e-08
curve,60.0,OH-,0.5902625,3.2441767841558595e-08
curve,60.0,OH-,0.59525625,3.0645409581755584e-08
curve,60.0,OH-,0.60025,2.9011975394027294e-08
curve,60.0,OH-,0.60524375,2.7522373987571754e-08
curve,60.0,OH-,0.6102375,2.6160110592952192e-08
curve,60.0,OH-,0.61523125,2.4910785977359288e-08
curve,60.0,OH-,0.620225,2.3761837489324838e-08
curve,60.0,OH-,0.62521875,2.2702741573818667e-08
curve,60.0,OH-,0.6302125,2.1724095059423656e-08
curve,60.0,OH-,0.63520625,2.081801264851872e-08
curve,60.0,OH-,0.6402,1.9977217942747026e-08
curve,60.0,OH-,0.64519375,1.9195241447213995e-08
curve,60.0,OH-,0.6501875,1.8466570339371897e-08
curve,60.0,OH-,0.6551812499999999,1.7786751267392137e-08
curve,60.0,OH-,0.660175,1.7151204827547872e-08
curve,60.0,OH-,0.66516875,1.6555952003396914e-08
curve,60.0,OH-,0.6701625,1.5997745300748984e-08
curve,60.0,OH-,0.67515625,1.5473311572588306e-08
curve,60.0,OH-,0.68015,1.4980088601637603e-08
curve,60.0,OH-,0.6851437499999999,1.4515432833796196e-08
curve,60.0,OH-,0.6901375,1.4077249711143447e-08
curve,60.0,OH-,0.69513125,1.3663335061133252e-08
curve,60.0,OH-,0.700125,1.3271923545961004e-08
curve,60.0,OH-,0.70511875,1.2901422857781264e-08
curve,60.0,OH-,0.7101125,1.2550332510332252e-08
curve,60.0,OH-,0.7151062499999999,1.2217189543820249e-08
curve,60.0,OH-,0.7201,1.1900881828755492e-08
curve,60.0,OH-,0.72509375,1.1600155492857591e-08
curve,60.0,OH-,0.7300875,1.1313958783299038e-08
curve,60.0,OH-,0.73508125,1.1041463176018985e-08
curve,60.0,OH-,0.740075,1.0781548957174746e-08
curve,60.0,OH-,0.74506875,1.0533629793617224e-08
curve,60.0,OH-,0.7500625,1.029685029117046e-08
curve,60.0,OH-,0.75505625,1.0070607649320588e-08
curve,60.0,OH-,0.76005,9.854278091215528e-09
curve,60.0,OH-,0.76504375,9.647057839269717e-09
curve,60.0,OH-,0.7700375,9.448677344418857e-09
curve,60.0,OH-,0.77503125,9.2584153819197e-09
curve,60.0,OH-,0.780025,9.075994517765642e-09
curve,60.0,OH-,0.78501875,8.900820537257572e-09
curve,60.0,OH-,0.7900125,8.732651380858019e-09
curve,60.0,OH-,0.79500625,8.570942547881751e-09
curve,60.0,OH-,0.8,8.415407941935791e-09
curve,60.0,MEA + MEAH+,0.001,0.1121431968720127
curve,60.0,MEA + MEAH+,0.00599375,0.1116138585169711
curve,60.0,MEA + MEAH+,0.0109875,0.1110714901741985
curve,60.0,MEA + MEAH+,0.01598125,0.110523894005568
curve,60.0,MEA + MEAH+,0.020975,0.1099737237280761
curve,60.0,MEA + MEAH+,0.02596875,0.1094220202359912
curve,60.0,MEA + MEAH+,0.0309625,0.1088692757523326
curve,60.0,MEA + MEAH+,0.03595625,0.1083157688694559
curve,60.0,MEA + MEAH+,0.04095,0.1077616646779095
curve,60.0,MEA + MEAH+,0.04594375,0.1072070838000812
curve,60.0,MEA + MEAH+,0.0509375,0.106652109864526
curve,60.0,MEA + MEAH+,0.05593125,0.1060968089220675
curve,60.0,MEA + MEAH+,0.060925,0.1055412288459583
curve,60.0,MEA + MEAH+,0.06591875,0.104985416871823
curve,60.0,MEA + MEAH+,0.0709125,0.1044294067185786
curve,60.0,MEA + MEAH+,0.07590625,0.103873229417714
curve,60.0,MEA + MEAH+,0.0809,0.1033169087636739
curve,60.0,MEA + MEAH+,0.08589375,0.1027604709759708
curve,60.0,MEA + MEAH+,0.0908875,0.102203934942201
curve,60.0,MEA + MEAH+,0.09588125,0.1016473191178436
curve,60.0,MEA + MEAH+,0.1008749999999999,0.1010906441839004
curve,60.0,MEA + MEAH+,0.10586875,0.1005339214062432
curve,60.0,MEA + MEAH+,0.1108625,0.0999771687857438
curve,60.0,MEA + MEAH+,0.11585625,0.0994203976051802
curve,60.0,MEA + MEAH+,0.12085,0.0988636231114656
curve,60.0,MEA + MEAH+,0.12584375,0.0983068571812597
curve,60.0,MEA + MEAH+,0.1308375,0.0977501104969409
curve,60.0,MEA + MEAH+,0.13583125,0.0971933942804507
curve,60.0,MEA + MEAH+,0.140825,0.0966367224194312
curve,60.0,MEA + MEAH+,0.14581875,0.0960801017843959
curve,60.0,MEA + MEAH+,0.1508125,0.0955235471892983
curve,60.0,MEA + MEAH+,0.15580625,0.0949670702096648
curve,60.0,MEA + MEAH+,0.1608,0.0944106753690438
curve,60.0,MEA + MEAH+,0.16579375,0.0938543785486371
curve,60.0,MEA + MEAH+,0.1707875,0.0932981863972147
curve,60.0,MEA + MEAH+,0.17578125,0.0927421154021721
curve,60.0,MEA + MEAH+,0.180775,0.0921861746726493
curve,60.0,MEA + MEAH+,0.18576875,0.0916303732957009
curve,60.0,MEA + MEAH+,0.1907625,0.0910747280249865
curve,60.0,MEA + MEAH+,0.19575625,0.0905192479797693
curve,60.0,MEA + MEAH+,0.2007499999999999,0.0899639454975298
curve,60.0,MEA + MEAH+,0.20574375,0.0894088352706169
curve,60.0,MEA + MEAH+,0.2107375,0.0888539327596157
curve,60.0,MEA + MEAH+,0.2157312499999999,0.0882992516542314
curve,60.0,MEA + MEAH+,0.220725,0.0877448075487439
curve,60.0,MEA + MEAH+,0.22571875,0.0871906170212214
curve,60.0,MEA + MEAH+,0.2307125,0.0866366964248418
curve,60.0,MEA + MEAH+,0.23570625,0.0860830682470018
curve,60.0,MEA + MEAH+,0.2407,0.0855297505742029
curve,60.0,MEA + MEAH+,0.24569375,0.0849767635426967
curve,60.0,MEA + MEAH+,0.2506875,0.0844241293499092
curve,60.0,MEA + MEAH+,0.2556812499999999,0.0838718768600692
curve,60.0,MEA + MEAH+,0.260675,0.0833200282954956
curve,60.0,MEA + MEAH+,0.26566875,0.0827686142166086
curve,60.0,MEA + MEAH+,0.2706625,0.0822176658693583
curve,60.0,MEA + MEAH+,0.27565625,0.0816672163282611
curve,60.0,MEA + MEAH+,0.28065,0.0811172986507463
curve,60.0,MEA + MEAH+,0.28564375,0.0805679572863029
curve,60.0,MEA + MEAH+,0.2906375,0.0800192357429533
curve,60.0,MEA + MEAH+,0.29563125,0.0794711722902337
curve,60.0,MEA + MEAH+,0.300625,0.0789238288344434
curve,60.0,MEA + MEAH+,0.30561875,0.0783772542808395
curve,60.0,MEA + MEAH+,0.3106125,0.0778315120219682
curve,60.0,MEA + MEAH+,0.31560625,0.077286674684245
curve,60.0,MEA + MEAH+,0.3206,0.0767428123334256
curve,60.0,MEA + MEAH+,0.32559375,0.0762000090949922
curve,60.0,MEA + MEAH+,0.3305875,0.0756583591005667
curve,60.0,MEA + MEAH+,0.33558125,0.0751179628971421
curve,60.0,MEA + MEAH+,0.340575,0.0745789318059218
curve,60.0,MEA + MEAH+,0.34556875,0.0740413993086447
curve,60.0,MEA + MEAH+,0.3505625,0.0735055033789365
curve,60.0,MEA + MEAH+,0.35555625,0.0729714103754692
curve,60.0,MEA + MEAH+,0.36055,0.0724392931741805
curve,60.0,MEA + MEAH+,0.36554375,0.0719093608336021
curve,60.0,MEA + MEAH+,0.3705375,0.071381846734215
curve,60.0,MEA + MEAH+,0.37553125,0.0708570102382001
curve,60.0,MEA + MEAH+,0.380525,0.07033515170223
curve,60.0,MEA + MEAH+,0.38551875,0.0698166173759316
curve,60.0,MEA + MEAH+,0.3905125,0.0693018025875099
curve,60.0,MEA + MEAH+,0.39550625,0.0687911627516992
curve,60.0,MEA + MEAH+,0.4004999999999999,0.0682852243087732
curve,60.0,MEA + MEAH+,0.40549375,0.0677845989130984
curve,60.0,MEA + MEAH+,0.4104875,0.0672900025844597
curve,60.0,MEA + MEAH+,0.4154812499999999,0.0668022636700816
curve,60.0,MEA + MEAH+,0.420475,0.0663223646752638
curve,60.0,MEA + MEAH+,0.42546875,0.0658514488504599
curve,60.0,MEA + MEAH+,0.4304624999999999,0.0653908747416801
curve,60.0,MEA + MEAH+,0.43545625,0.0649422213200191
curve,60.0,MEA + MEAH+,0.44045,0.0645073844966852
curve,60.0,MEA + MEAH+,0.4454437499999999,0.0640885740323444
curve,60.0,MEA + MEAH+,0.4504375,0.0636883647977461
curve,60.0,MEA + MEAH+,0.45543125,0.0633097746225776
curve,60.0,MEA + MEAH+,0.460425,0.062956267174336
curve,60.0,MEA + MEAH+,0.46541875,0.0626317370004029
curve,60.0,MEA + MEAH+,0.4704125,0.0623404992391081
curve,60.0,MEA + MEAH+,0.47540625,0.0620871092744926
curve,60.0,MEA + MEAH+,0.4804,0.0618761471589935
curve,60.0,MEA + MEAH+,0.48539375,0.0617119191759987
curve,60.0,MEA + MEAH+,0.4903875,0.0615979846794024
curve,60.0,MEA + MEAH+,0.49538125,0.061536743862294
curve,60.0,MEA + MEAH+,0.500375,0.0615291068490433
curve,60.0,MEA + MEAH+,0.50536875,0.0615742748068624
curve,60.0,MEA + MEAH+,0.5103624999999999,0.0616698480397561
curve,60.0,MEA + MEAH+,0.51535625,0.0618120745012735
curve,60.0,MEA + MEAH+,0.52035,0.0619963065864778
curve,60.0,MEA + MEAH+,0.52534375,0.0622174155437176
curve,60.0,MEA + MEAH+,0.5303375,0.0624702269836445
curve,60.0,MEA + MEAH+,0.53533125,0.0627497827618443
curve,60.0,MEA + MEAH+,0.5403249999999999,0.0630515263948625
curve,60.0,MEA + MEAH+,0.54531875,0.0633713897080599
curve,60.0,MEA + MEAH+,0.5503125,0.0637058214215501
curve,60.0,MEA + MEAH+,0.55530625,0.0640517584651743
curve,60.0,MEA + MEAH+,0.5603,0.0644065835682959
curve,60.0,MEA + MEAH+,0.56529375,0.0647680969333369
curve,60.0,MEA + MEAH+,0.5702875,0.0651343977610096
curve,60.0,MEA + MEAH+,0.57528125,0.065503924494755
curve,60.0,MEA + MEAH+,0.580275,0.0658753215927963
curve,60.0,MEA + MEAH+,0.58526875,0.0662474895868106
curve,60.0,MEA + MEAH+,0.5902625,0.0666194677462099
curve,60.0,MEA + MEAH+,0.59525625,0.0669904593278405
curve,60.0,MEA + MEAH+,0.60025,0.06735978274718
curve,60.0,MEA + MEAH+,0.60524375,0.0677269008398747
curve,60.0,MEA + MEAH+,0.6102375,0.0680913033724554
curve,60.0,MEA + MEAH+,0.61523125,0.0684526045084058
curve,60.0,MEA + MEAH+,0.620225,0.0688104662271312
curve,60.0,MEA + MEAH+,0.62521875,0.0691646108179802
curve,60.0,MEA + MEAH+,0.6302125,0.0695148206950553
curve,60.0,MEA + MEAH+,0.63520625,0.0698608806131899
curve,60.0,MEA + MEAH+,0.6402,0.0702026667621008
curve,60.0,MEA + MEAH+,0.64519375,0.0705400086403703
curve,60.0,MEA + MEAH+,0.6501875,0.0708728517631187
curve,60.0,MEA + MEAH+,0.6551812499999999,0.0712011230688935
curve,60.0,MEA + MEAH+,0.660175,0.0715247309209186
curve,60.0,MEA + MEAH+,0.66516875,0.0718436872688578
curve,60.0,MEA + MEAH+,0.6701625,0.0721579248526013
curve,60.0,MEA + MEAH+,0.67515625,0.0724674685203573
curve,60.0,MEA + MEAH+,0.68015,0.0727722938701374
curve,60.0,MEA + MEAH+,0.6851437499999999,0.0730724263760533
curve,60.0,MEA + MEAH+,0.6901375,0.0733679152248167
curve,60.0,MEA + MEAH+,0.69513125,0.073658730736658
curve,60.0,MEA + MEAH+,0.700125,0.0739449599308986
curve,60.0,MEA + MEAH+,0.70511875,0.0742266111800714
curve,60.0,MEA + MEAH+,0.7101125,0.0745037552038584
curve,60.0,MEA + MEAH+,0.7151062499999999,0.0747764427774529
curve,60.0,MEA + MEAH+,0.7201,0.0750446764223026
curve,60.0,MEA + MEAH+,0.72509375,0.0753085745315116
curve,60.0,MEA + MEAH+,0.7300875,0.0755681940057995
curve,60.0,MEA + MEAH+,0.73508125,0.0758235113137613
curve,60.0,MEA + MEAH+,0.740075,0.0760747049824069
curve,60.0,MEA + MEAH+,0.74506875,0.0763217619571634
curve,60.0,MEA + MEAH+,0.7500625,0.0765647486712372
curve,60.0,MEA + MEAH+,0.75505625,0.0768037760473007
curve,60.0,MEA + MEAH+,0.76005,0.0770388540222731
curve,60.0,MEA + MEAH+,0.76504375,0.0772700885059264
curve,60.0,MEA + MEAH+,0.7700375,0.0774975145619116
curve,60.0,MEA + MEAH+,0.77503125,0.0777212250563302
curve,60.0,MEA + MEAH+,0.780025,0.0779412766627422
curve,60.0,MEA + MEAH+,0.78501875,0.0781577108347942
curve,60.0,MEA + MEAH+,0.7900125,0.0783706458092759
curve,60.0,MEA + MEAH+,0.79500625,0.078580121011675
curve,60.0,MEA + MEAH+,0.8,0.0787861286519087
reference_point,60.0,MEA + MEAH+,0.131,0.1186864579687951
reference_point,60.0,MEA + MEAH+,0.203,0.1121019905724947
reference_point,60.0,MEA + MEAH+,0.277,0.1008219194419872
reference_point,60.0,MEA + MEAH+,0.415,0.0910691749491186
reference_point,60.0,MEA + MEAH+,0.489,0.0818532539689363
reference_point,60.0,MEA + MEAH+,0.559,0.086733848484811
reference_point,60.0,MEA + MEAH+,0.613,0.0936544557706192
reference_point,60.0,MEA + MEAH+,0.766,0.0657846604343829
