parameter_set,role,record_id,source,group_id,temperature_K,mea_weight_fraction,co2_loading_mol_per_mol_mea,observed_co2_pressure_kPa,predicted_co2_pressure_kPa,log10_model_over_data,accepted,failure_reason
baseline,active_training,vle_0001,Aronu2011,vle|Aronu2011|w=0.3|T=40,313.15,0.3,0.102,0.0016,0.00010447070423137933,8.0,False,state_evaluation_failed
baseline,active_training,vle_0018,Hilliard2008,vle|Hilliard2008|w=0.3|T=40,313.15,0.3,0.153,0.0057,0.00035966870718532506,-1.1999722018070753,True,
baseline,active_training,vle_0019,Hilliard2008,vle|Hilliard2008|w=0.3|T=40,313.15,0.3,0.163,0.00664,0.0004472705406099064,-1.1715977849778052,True,
baseline,active_training,vle_0020,Hilliard2008,vle|Hilliard2008|w=0.3|T=40,313.15,0.3,0.17,0.00721,0.000519550615827933,-1.1423074007878184,True,
baseline,active_training,vle_0021,Hilliard2008,vle|Hilliard2008|w=0.3|T=40,313.15,0.3,0.191,0.00995,0.000805830388150929,-1.0915794399849759,True,
baseline,active_training,vle_0022,Hilliard2008,vle|Hilliard2008|w=0.3|T=40,313.15,0.3,0.194,0.00985,0.0008571135051423877,-1.0603978923633448,True,
baseline,active_training,vle_0002,Aronu2011,vle|Aronu2011|w=0.3|T=40,313.15,0.3,0.206,0.0123,0.001095061527756158,-1.0504665900584353,True,
baseline,active_training,vle_0023,Hilliard2008,vle|Hilliard2008|w=0.3|T=40,313.15,0.3,0.232,0.0146,0.0018510157329802276,-0.8969427456660772,True,
baseline,active_training,vle_0042,Idris2014,vle|Idris2014|w=0.3|T=40,313.15,0.3,0.242,0.021,0.002263774240195044,-0.9673861810190558,True,
baseline,active_training,vle_0024,Hilliard2008,vle|Hilliard2008|w=0.3|T=40,313.15,0.3,0.246,0.0191,0.0024538243065601395,-0.8911899031611443,True,
baseline,active_training,vle_0003,Aronu2011,vle|Aronu2011|w=0.3|T=40,313.15,0.3,0.25,0.0246,0.0026600991341573185,-0.9660372852786114,True,
baseline,active_training,vle_0025,Hilliard2008,vle|Hilliard2008|w=0.3|T=40,313.15,0.3,0.269,0.0231,0.0039123242886608825,-0.7711771340478244,True,
baseline,active_training,vle_0026,Hilliard2008,vle|Hilliard2008|w=0.3|T=40,313.15,0.3,0.272,0.0224,0.0041600983155070225,-0.7311444239147176,True,
baseline,active_training,vle_0043,Idris2014,vle|Idris2014|w=0.3|T=40,313.15,0.3,0.321,0.038,0.01174885338591834,-0.5097881123466742,True,
baseline,active_training,vle_0027,Hilliard2008,vle|Hilliard2008|w=0.3|T=40,313.15,0.3,0.326,0.0485,0.013130780670164249,-0.5674511914415163,True,
baseline,active_training,vle_0044,Idris2014,vle|Idris2014|w=0.3|T=40,313.15,0.3,0.33,0.043,0.014366010280472583,-0.4761322826963592,True,
baseline,active_training,vle_0004,Aronu2011,vle|Aronu2011|w=0.3|T=40,313.15,0.3,0.337,0.0603,0.016850399109684208,-0.5537071203404618,True,
baseline,active_training,vle_0045,Idris2014,vle|Idris2014|w=0.3|T=40,313.15,0.3,0.345,0.05,0.020295261698531523,-0.3915753486090315,True,
baseline,active_training,vle_0028,Hilliard2008,vle|Hilliard2008|w=0.3|T=40,313.15,0.3,0.348,0.0662,0.021785660235754328,-0.48268726324918043,True,
baseline,active_training,vle_0029,Hilliard2008,vle|Hilliard2008|w=0.3|T=40,313.15,0.3,0.35,0.0721,0.022848039345210888,-0.4990863267507442,True,
baseline,active_training,vle_0046,Idris2014,vle|Idris2014|w=0.3|T=40,313.15,0.3,0.352,0.064,0.02396916973569488,-0.42652698314803006,True,
baseline,active_training,vle_0005,Aronu2011,vle|Aronu2011|w=0.3|T=40,313.15,0.3,0.353,0.0851,0.024552928002830595,-0.5398262697499376,True,
baseline,active_training,vle_0047,Idris2014,vle|Idris2014|w=0.3|T=40,313.15,0.3,0.355,0.097,0.025769749179702067,-0.5756615427390674,True,
baseline,active_training,vle_0030,Hilliard2008,vle|Hilliard2008|w=0.3|T=40,313.15,0.3,0.36,0.0966,0.029123494758294552,-0.5207336382203864,True,
baseline,active_training,vle_0048,Idris2014,vle|Idris2014|w=0.3|T=40,313.15,0.3,0.375,0.107,0.042612427223397684,-0.39984750516733014,True,
baseline,active_training,vle_0049,Idris2014,vle|Idris2014|w=0.3|T=40,313.15,0.3,0.377,0.123,0.04490759370748151,-0.4375853266407759,True,
baseline,active_training,vle_0031,Hilliard2008,vle|Hilliard2008|w=0.3|T=40,313.15,0.3,0.382,0.131,0.051302720119200805,-0.4071309032254143,True,
baseline,active_training,vle_0032,Hilliard2008,vle|Hilliard2008|w=0.3|T=40,313.15,0.3,0.386,0.12,0.05719037729476017,-0.32185828437607233,True,
baseline,active_training,vle_0033,Hilliard2008,vle|Hilliard2008|w=0.3|T=40,313.15,0.3,0.389,0.113,0.062128430268801896,-0.2597880625760755,True,
baseline,active_training,vle_0034,Hilliard2008,vle|Hilliard2008|w=0.3|T=40,313.15,0.3,0.4,0.128,0.08508097323879527,-0.17737752050672942,True,
baseline,active_training,vle_0006,Aronu2011,vle|Aronu2011|w=0.3|T=40,313.15,0.3,0.401,0.1835,0.0876277059044304,-0.32099462658665073,True,
baseline,active_training,vle_0007,Aronu2011,vle|Aronu2011|w=0.3|T=40,313.15,0.3,0.417,0.2928,0.1438783455086278,-0.30857563726687964,True,
baseline,active_training,vle_0008,Aronu2011,vle|Aronu2011|w=0.3|T=40,313.15,0.3,0.421,0.3188,0.16417157914466105,-0.28822033709640815,True,
baseline,active_training,vle_0009,Aronu2011,vle|Aronu2011|w=0.3|T=40,313.15,0.3,0.433,0.3809,0.24958047463714836,-0.18360036636623406,True,
baseline,active_training,vle_0050,Idris2014,vle|Idris2014|w=0.3|T=40,313.15,0.3,0.436,0.445,0.27881398445658506,-0.2030454581259287,True,
baseline,active_training,vle_0010,Aronu2011,vle|Aronu2011|w=0.3|T=40,313.15,0.3,0.447,0.5702,0.4287164151508053,-0.12385710041468385,True,
baseline,active_training,vle_0051,Idris2014,vle|Idris2014|w=0.3|T=40,313.15,0.3,0.46,0.813,0.754477565165309,-0.03244421529262394,True,
baseline,active_training,vle_0011,Aronu2011,vle|Aronu2011|w=0.3|T=40,313.15,0.3,0.464,1.0662,0.9105135243007947,-0.06855227722265732,True,
baseline,active_training,vle_0035,Hilliard2008,vle|Hilliard2008|w=0.3|T=40,313.15,0.3,0.464,0.75,0.910512320044366,0.0842245631709643,True,
baseline,active_training,vle_0036,Hilliard2008,vle|Hilliard2008|w=0.3|T=40,313.15,0.3,0.466,0.574,1.0028835748978346,0.2423386261516199,True,
baseline,active_training,vle_0012,Aronu2011,vle|Aronu2011|w=0.3|T=40,313.15,0.3,0.476,1.8326,1.6695138735218888,-0.040477649872466874,True,
baseline,active_training,vle_0013,Aronu2011,vle|Aronu2011|w=0.3|T=40,313.15,0.3,0.477,1.8278,1.7609497243773677,-0.016181716079111796,True,
baseline,active_training,vle_0037,Hilliard2008,vle|Hilliard2008|w=0.3|T=40,313.15,0.3,0.481,0.883,2.188117167249019,0.3941098699006943,True,
baseline,active_training,vle_0014,Aronu2011,vle|Aronu2011|w=0.3|T=40,313.15,0.3,0.485,2.3193,2.734015575018775,0.07144405631818053,True,
baseline,active_training,vle_0015,Aronu2011,vle|Aronu2011|w=0.3|T=40,313.15,0.3,0.489,2.8577,3.4307790602646184,0.07937611588270338,True,
baseline,active_training,vle_0038,Hilliard2008,vle|Hilliard2008|w=0.3|T=40,313.15,0.3,0.491,1.1,3.847441698124075,0.5437793623511804,True,
baseline,active_training,vle_0039,Hilliard2008,vle|Hilliard2008|w=0.3|T=40,313.15,0.3,0.501,1.87,6.832440119514821,0.5627342276257483,True,
baseline,active_training,vle_0016,Aronu2011,vle|Aronu2011|w=0.3|T=40,313.15,0.3,0.516,8.5583,15.389720000968728,0.254843212353728,True,
baseline,active_training,vle_0040,Hilliard2008,vle|Hilliard2008|w=0.3|T=40,313.15,0.3,0.518,3.03,17.009279653571873,0.7492432930407067,True,
baseline,active_training,vle_0017,Aronu2011,vle|Aronu2011|w=0.3|T=40,313.15,0.3,0.524,11.812,22.651601198977847,0.2827754685989427,True,
baseline,active_training,vle_0041,Hilliard2008,vle|Hilliard2008|w=0.3|T=40,313.15,0.3,0.591,28.3,182.2853794247835,0.80896540104196,True,
baseline,active_training,vle_0060,Aronu2011,vle|Aronu2011|w=0.3|T=60,333.15,0.3,0.053,0.0045,0.0002188826876404397,-1.3130011010404834,True,
baseline,active_training,vle_0061,Aronu2011,vle|Aronu2011|w=0.3|T=60,333.15,0.3,0.105,0.0154,0.0011866258826149436,-1.1132069039256602,True,
baseline,active_training,vle_0062,Aronu2011,vle|Aronu2011|w=0.3|T=60,333.15,0.3,0.162,0.0427,0.004517339672294465,-0.975545127333488,True,
baseline,active_training,vle_0063,Aronu2011,vle|Aronu2011|w=0.3|T=60,333.15,0.3,0.244,0.1348,0.023837867941499204,-0.7524224826851643,True,
baseline,active_training,vle_0064,Aronu2011,vle|Aronu2011|w=0.3|T=60,333.15,0.3,0.303,0.3015,0.07868670703848699,-0.5833859455839742,True,
baseline,active_training,vle_0065,Aronu2011,vle|Aronu2011|w=0.3|T=60,333.15,0.3,0.36,0.6436,0.27922416641938963,-0.3626630323340441,True,
baseline,active_training,vle_0066,Aronu2011,vle|Aronu2011|w=0.3|T=60,333.15,0.3,0.393,1.097,0.6456183262889412,-0.23023077795921146,True,
baseline,active_training,vle_0067,Aronu2011,vle|Aronu2011|w=0.3|T=60,333.15,0.3,0.428,2.5014,1.8166945291932244,-0.13890123715548788,True,
baseline,active_training,vle_0068,Aronu2011,vle|Aronu2011|w=0.3|T=60,333.15,0.3,0.491,13.558,20.67603214022219,0.1832715690194581,True,
baseline,active_training,vle_0083,Aronu2011,vle|Aronu2011|w=0.3|T=80,353.15,0.3,0.017,0.0056,0.00018454497681352937,-1.4820857985086915,True,
baseline,active_training,vle_0084,Aronu2011,vle|Aronu2011|w=0.3|T=80,353.15,0.3,0.04,0.0219,0.0010194234142074936,-1.332089510558653,True,
baseline,active_training,vle_0085,Aronu2011,vle|Aronu2011|w=0.3|T=80,353.15,0.3,0.075,0.0557,0.0042593085769782775,-1.1165160903372855,True,
baseline,active_training,vle_0086,Aronu2011,vle|Aronu2011|w=0.3|T=80,353.15,0.3,0.122,0.1406,0.015665262159080835,-0.9530476534616443,True,
baseline,active_training,vle_0087,Aronu2011,vle|Aronu2011|w=0.3|T=80,353.15,0.3,0.155,0.2485,0.03317353518789078,-0.8745346378361485,True,
baseline,active_training,vle_0088,Aronu2011,vle|Aronu2011|w=0.3|T=80,353.15,0.3,0.216,0.6137,0.11510850892333739,-0.726848695033235,True,
baseline,active_training,vle_0089,Aronu2011,vle|Aronu2011|w=0.3|T=80,353.15,0.3,0.271,1.2538,0.3378567962738617,-0.5694956059549885,True,
baseline,active_training,vle_0090,Aronu2011,vle|Aronu2011|w=0.3|T=80,353.15,0.3,0.347,3.7522,1.631561795633801,-0.3616824517153917,True,
baseline,active_training,vle_0092,Aronu2011,vle|Aronu2011|w=0.3|T=80,353.15,0.3,0.398,8.3031,5.52512063945467,-0.17689850330632237,True,
baseline,active_training,vle_0091,Aronu2011,vle|Aronu2011|w=0.3|T=80,353.15,0.3,0.4,7.9387,5.820732261861006,-0.13477176709802718,True,
baseline,active_training,vle_0133,Mamun2005,vle|Mamun2005|w=0.3|T=120,393.15,0.3,0.155,7.354,1.5134790508559786,-0.6865472115786169,True,
baseline,active_training,vle_0134,Mamun2005,vle|Mamun2005|w=0.3|T=120,393.15,0.3,0.1766,9.314,2.3603617232164686,-0.5961576703050002,True,
baseline,active_training,vle_0135,Mamun2005,vle|Mamun2005|w=0.3|T=120,393.15,0.3,0.1843,9.045,2.7517686522482943,-0.516796652270205,True,
baseline,active_training,vle_0136,Mamun2005,vle|Mamun2005|w=0.3|T=120,393.15,0.3,0.2085,15.51,4.403372537956343,-0.5468263682399418,True,
baseline,active_training,vle_0137,Mamun2005,vle|Mamun2005|w=0.3|T=120,393.15,0.3,0.2326,19.62,6.948216380987359,-0.4508256682824652,True,
baseline,active_training,vle_0138,Mamun2005,vle|Mamun2005|w=0.3|T=120,393.15,0.3,0.2381,25.2,7.702888466506384,-0.5147469312147075,True,
baseline,active_training,vle_0139,Mamun2005,vle|Mamun2005|w=0.3|T=120,393.15,0.3,0.256,27.71,10.761954670433152,-0.41074536732488887,True,
baseline,active_training,vle_0140,Mamun2005,vle|Mamun2005|w=0.3|T=120,393.15,0.3,0.2901,39.18,20.373672231218556,-0.28399511664889976,True,
baseline,active_training,vle_0141,Mamun2005,vle|Mamun2005|w=0.3|T=120,393.15,0.3,0.2967,40.4,23.07586925771017,-0.2432232954249456,True,
baseline,active_training,vle_0142,Mamun2005,vle|Mamun2005|w=0.3|T=120,393.15,0.3,0.3004,43.49,24.750230614342307,-0.24481015776666942,True,
baseline,active_training,vle_0143,Mamun2005,vle|Mamun2005|w=0.3|T=120,393.15,0.3,0.3125,51.82,31.162335602165395,-0.22086740826547666,True,
baseline,active_training,vle_0144,Mamun2005,vle|Mamun2005|w=0.3|T=120,393.15,0.3,0.3191,58.57,35.36875589562799,-0.2190554403558799,True,
baseline,active_training,vle_0145,Mamun2005,vle|Mamun2005|w=0.3|T=120,393.15,0.3,0.3298,62.88,43.49826142816621,-0.16004063394436607,True,
baseline,active_training,vle_0146,Mamun2005,vle|Mamun2005|w=0.3|T=120,393.15,0.3,0.3424,77.59,55.65477831856883,-0.144303294638505,True,
baseline,active_training,vle_0147,Mamun2005,vle|Mamun2005|w=0.3|T=120,393.15,0.3,0.3424,74.95,55.65472592425383,-0.12926958880681078,True,
baseline,active_training,vle_0148,Mamun2005,vle|Mamun2005|w=0.3|T=120,393.15,0.3,0.35,83.61,64.67547911913638,-0.11151856875754565,True,
baseline,active_training,vle_0149,Mamun2005,vle|Mamun2005|w=0.3|T=120,393.15,0.3,0.3594,92.79,78.01061134043863,-0.07534749340218835,True,
baseline,active_training,vle_0150,Mamun2005,vle|Mamun2005|w=0.3|T=120,393.15,0.3,0.3882,137.9,140.0351820832795,0.006672894253049004,True,
baseline,active_training,vle_0151,Mamun2005,vle|Mamun2005|w=0.3|T=120,393.15,0.3,0.4182,191.9,260.19703168250305,0.13222736310399838,True,
baseline,reserved_validation,vle_0052,Jou1995,vle|Jou1995|w=0.3|T=40,313.15,0.3,0.0888,0.00147,7.200351624858096e-05,8.0,False,state_evaluation_failed
baseline,reserved_validation,vle_obs_0001,Aronu2011,vle|Aronu2011|w=0.15|T=40,313.15,0.15,0.111,0.0017,0.000133319998449589,-1.1055536214402986,True,
baseline,reserved_validation,vle_obs_0150,Hilliard2008,vle|Hilliard2008|w=0.4|T=40,313.15,0.4,0.115,0.00505,0.00014760319318604198,-1.534195625183962,True,
baseline,reserved_validation,vle_obs_0107,Hilliard2008,vle|Hilliard2008|w=0.17|T=40,313.15,0.17,0.121,0.00555,0.00017135028059580326,-1.5104081631743616,True,
baseline,reserved_validation,vle_obs_0070,Aronu2011,vle|Aronu2011|w=0.45|T=40,313.15,0.45,0.141,0.0035,0.0002748203552681231,-1.1050191476467868,True,
baseline,reserved_validation,vle_obs_0002,Aronu2011,vle|Aronu2011|w=0.15|T=40,313.15,0.15,0.148,0.0035,0.00032187523706170897,-1.0363804781062003,True,
baseline,reserved_validation,vle_obs_0071,Aronu2011,vle|Aronu2011|w=0.45|T=40,313.15,0.45,0.148,0.0035,0.00032187524036513443,-1.0363804736490092,True,
baseline,reserved_validation,vle_obs_0003,Aronu2011,vle|Aronu2011|w=0.15|T=40,313.15,0.15,0.186,0.0068,0.0007267390316320441,-0.9711304268391068,True,
baseline,reserved_validation,vle_obs_0072,Aronu2011,vle|Aronu2011|w=0.45|T=40,313.15,0.45,0.195,0.0077,0.0008748817608928977,-0.9445413625062663,True,
baseline,reserved_validation,vle_obs_0151,Hilliard2008,vle|Hilliard2008|w=0.4|T=40,313.15,0.4,0.201,0.0108,0.0009891025628785436,-1.038182428315705,True,
baseline,reserved_validation,vle_0053,Jou1995,vle|Jou1995|w=0.3|T=40,313.15,0.3,0.203,0.00896,0.0010302388756766223,-0.9393700758693733,True,
baseline,reserved_validation,vle_obs_0108,Hilliard2008,vle|Hilliard2008|w=0.17|T=40,313.15,0.17,0.212,0.014,0.0012367185736910044,-1.0538571523776088,True,
baseline,reserved_validation,vle_obs_0073,Aronu2011,vle|Aronu2011|w=0.45|T=40,313.15,0.45,0.217,0.0099,0.0013682374459289854,-0.8594737225729067,True,
baseline,reserved_validation,vle_obs_0004,Aronu2011,vle|Aronu2011|w=0.15|T=40,313.15,0.15,0.22,0.017,0.0014536246613826391,-1.0679966390186213,True,
baseline,reserved_validation,vle_obs_0074,Aronu2011,vle|Aronu2011|w=0.45|T=40,313.15,0.45,0.234,0.0123,0.0019270317790327726,-0.8050162346953246,True,
baseline,reserved_validation,vle_obs_0005,Aronu2011,vle|Aronu2011|w=0.15|T=40,313.15,0.15,0.236,0.0215,0.002006182584119545,-1.0300680039793955,True,
baseline,reserved_validation,vle_obs_0076,Aronu2011,vle|Aronu2011|w=0.45|T=40,313.15,0.45,0.271,0.0178,0.004075743815557606,-0.6402131240761402,True,
baseline,reserved_validation,vle_obs_0075,Aronu2011,vle|Aronu2011|w=0.45|T=40,313.15,0.45,0.276,0.0164,0.004516282347820554,-0.5600627628312302,True,
baseline,reserved_validation,vle_obs_0006,Aronu2011,vle|Aronu2011|w=0.15|T=40,313.15,0.15,0.295,0.0427,0.006706917042004406,-0.8039049404485787,True,
baseline,reserved_validation,vle_obs_0007,Aronu2011,vle|Aronu2011|w=0.15|T=40,313.15,0.15,0.298,0.045,0.0071458455928305525,-0.7991588860267713,True,
baseline,reserved_validation,vle_obs_0152,Hilliard2008,vle|Hilliard2008|w=0.4|T=40,313.15,0.4,0.298,0.0295,0.007145846420755231,-0.615768337911809,True,
baseline,reserved_validation,vle_obs_0077,Aronu2011,vle|Aronu2011|w=0.45|T=40,313.15,0.45,0.3,0.0364,0.00745553750230559,-0.688622424542742,True,
baseline,reserved_validation,vle_obs_0109,Hilliard2008,vle|Hilliard2008|w=0.17|T=40,313.15,0.17,0.3,0.0362,0.007455536936148264,-0.6862296444062327,True,
baseline,reserved_validation,vle_obs_0008,Aronu2011,vle|Aronu2011|w=0.15|T=40,313.15,0.15,0.342,0.0845,0.01891842863807422,-0.6499716478222948,True,
baseline,reserved_validation,vle_obs_0078,Aronu2011,vle|Aronu2011|w=0.45|T=40,313.15,0.45,0.354,0.0598,0.025152931265655112,-0.3761125799516152,True,
baseline,reserved_validation,vle_0054,Jou1995,vle|Jou1995|w=0.3|T=40,313.15,0.3,0.365,0.0677,0.03298446762842937,-0.3122791897548415,True,
baseline,reserved_validation,vle_obs_0110,Hilliard2008,vle|Hilliard2008|w=0.17|T=40,313.15,0.17,0.369,0.116,0.036498983921832324,-0.5021772147234191,True,
baseline,reserved_validation,vle_obs_0153,Hilliard2008,vle|Hilliard2008|w=0.4|T=40,313.15,0.4,0.373,0.104,0.04045196453637056,-0.4100937214694629,True,
baseline,reserved_validation,vle_obs_0079,Aronu2011,vle|Aronu2011|w=0.45|T=40,313.15,0.45,0.39,0.1087,0.0638843347583831,-0.23083516733719778,True,
baseline,reserved_validation,vle_obs_0009,Aronu2011,vle|Aronu2011|w=0.15|T=40,313.15,0.15,0.398,0.222,0.08024657710752936,-0.44192645767299016,True,
baseline,reserved_validation,vle_obs_0080,Aronu2011,vle|Aronu2011|w=0.45|T=40,313.15,0.45,0.404,0.1781,0.09582758295034419,-0.26917338534365454,True,
baseline,reserved_validation,vle_obs_0081,Aronu2011,vle|Aronu2011|w=0.45|T=40,313.15,0.45,0.428,0.2787,0.20867357648608068,-0.12566950916778863,True,
baseline,reserved_validation,vle_obs_0010,Aronu2011,vle|Aronu2011|w=0.15|T=40,313.15,0.15,0.442,0.6634,0.350823468574663,-0.2766868290927754,True,
baseline,reserved_validation,vle_obs_0011,Aronu2011,vle|Aronu2011|w=0.15|T=40,313.15,0.15,0.45,0.7013,0.485598223851763,-0.15962674932579282,True,
baseline,reserved_validation,vle_obs_0082,Aronu2011,vle|Aronu2011|w=0.45|T=40,313.15,0.45,0.464,0.9173,0.9105147217071,-0.0032244214057957276,True,
baseline,reserved_validation,vle_obs_0111,Hilliard2008,vle|Hilliard2008|w=0.17|T=40,313.15,0.17,0.467,0.879,1.0532270223639186,0.07853311808052754,True,
baseline,reserved_validation,vle_0055,Jou1995,vle|Jou1995|w=0.3|T=40,313.15,0.3,0.4735,0.604,1.4638021827053185,0.3844454517868834,True,
baseline,reserved_validation,vle_obs_0083,Aronu2011,vle|Aronu2011|w=0.45|T=40,313.15,0.45,0.475,2.1609,1.5834644351373195,-0.13502635600191437,True,
baseline,reserved_validation,vle_obs_0154,Hilliard2008,vle|Hilliard2008|w=0.4|T=40,313.15,0.4,0.485,1.62,2.734015827216911,0.22728600982709218,True,
baseline,reserved_validation,vle_obs_0084,Aronu2011,vle|Aronu2011|w=0.45|T=40,313.15,0.45,0.497,5.4871,5.4346537998875135,-0.004170991362538804,True,
baseline,reserved_validation,vle_0056,Jou1995,vle|Jou1995|w=0.3|T=40,313.15,0.3,0.513,2.57,13.19058156016241,0.7103308202667462,True,
baseline,reserved_validation,vle_obs_0012,Aronu2011,vle|Aronu2011|w=0.15|T=40,313.15,0.15,0.516,4.8405,15.389687395313755,0.5023395738079491,True,
baseline,reserved_validation,vle_obs_0013,Aronu2011,vle|Aronu2011|w=0.15|T=40,313.15,0.15,0.529,7.8861,28.304735294212183,0.5549968178587794,True,
baseline,reserved_validation,vle_obs_0155,Hilliard2008,vle|Hilliard2008|w=0.4|T=40,313.15,0.4,0.545,22.3,52.71827886575243,0.3736563600228466,True,
baseline,reserved_validation,vle_obs_0112,Hilliard2008,vle|Hilliard2008|w=0.17|T=40,313.15,0.17,0.552,8.56,66.61055089750846,0.891069260794128,True,
baseline,reserved_validation,vle_0057,Jou1995,vle|Jou1995|w=0.3|T=40,313.15,0.3,0.557,8.09,77.77834224613852,0.9829101608218632,True,
baseline,reserved_validation,vle_obs_0014,Aronu2011,vle|Aronu2011|w=0.15|T=40,313.15,0.15,0.565,16.0024,97.84921143086173,0.7863722080756068,True,
baseline,reserved_validation,vle_0058,Jou1995,vle|Jou1995|w=0.3|T=40,313.15,0.3,0.609,36.1,258.2794743043901,0.8545826918768706,True,
baseline,reserved_validation,vle_0059,Jou1995,vle|Jou1995|w=0.3|T=40,313.15,0.3,0.642,103.0,434.9687460107581,0.6256208278294597,True,
baseline,reserved_validation,vle_obs_0085,Aronu2011,vle|Aronu2011|w=0.45|T=60,333.15,0.45,0.045,0.0019,0.00015262357247271063,-1.0951319860482038,True,
baseline,reserved_validation,vle_obs_0015,Aronu2011,vle|Aronu2011|w=0.15|T=60,333.15,0.15,0.048,0.0042,0.00017568472940445405,-1.3785152763334423,True,
baseline,reserved_validation,vle_0075,Jou1995,vle|Jou1995|w=0.3|T=60,333.15,0.3,0.0564,0.00428,0.0002518991898565916,-1.2302169982652678,True,
baseline,reserved_validation,vle_obs_0016,Aronu2011,vle|Aronu2011|w=0.15|T=60,333.15,0.15,0.06,0.0056,0.0002903018800353999,-1.2853381786138787,True,
baseline,reserved_validation,vle_obs_0018,Aronu2011,vle|Aronu2011|w=0.15|T=60,333.15,0.15,0.069,0.0078,0.0004033920003976018,-1.2863673211529174,True,
baseline,reserved_validation,vle_obs_0017,Aronu2011,vle|Aronu2011|w=0.15|T=60,333.15,0.15,0.075,0.0068,0.0004939356105399913,-1.138838574733578,True,
baseline,reserved_validation,vle_obs_0086,Aronu2011,vle|Aronu2011|w=0.45|T=60,333.15,0.45,0.087,0.0059,0.000717782668997194,-0.9148590436434622,True,
baseline,reserved_validation,vle_obs_0019,Aronu2011,vle|Aronu2011|w=0.15|T=60,333.15,0.15,0.098,0.0094,0.0009826078839353816,-0.9807476092335276,True,
baseline,reserved_validation,vle_0069,Hilliard2008,vle|Hilliard2008|w=0.3|T=60,333.15,0.3,0.114,0.0194,0.0014965912936098177,-1.1126985155354001,True,
baseline,reserved_validation,vle_0076,Jou1995,vle|Jou1995|w=0.3|T=60,333.15,0.3,0.119,0.0193,0.0016950767480823083,-1.056367942448578,True,
baseline,reserved_validation,vle_obs_0087,Aronu2011,vle|Aronu2011|w=0.45|T=60,333.15,0.45,0.12,0.0099,0.0017372398957031469,-0.7557754002228227,True,
baseline,reserved_validation,vle_obs_0020,Aronu2011,vle|Aronu2011|w=0.15|T=60,333.15,0.15,0.135,0.0151,0.0024817070348208993,-0.7842264355093087,True,
baseline,reserved_validation,vle_obs_0156,Hilliard2008,vle|Hilliard2008|w=0.4|T=60,333.15,0.4,0.136,0.0155,0.002539618430524324,-0.7855632279936944,True,
baseline,reserved_validation,vle_obs_0021,Aronu2011,vle|Aronu2011|w=0.15|T=60,333.15,0.15,0.144,0.0234,0.00304599373504071,-0.8854868516602987,True,
baseline,reserved_validation,vle_obs_0113,Hilliard2008,vle|Hilliard2008|w=0.17|T=60,333.15,0.17,0.159,0.0212,0.004235423728525975,-0.6994389955524255,True,
baseline,reserved_validation,vle_obs_0088,Aronu2011,vle|Aronu2011|w=0.45|T=60,333.15,0.45,0.169,0.0205,0.005241722319022076,-0.5922798506471304,True,
baseline,reserved_validation,vle_obs_0022,Aronu2011,vle|Aronu2011|w=0.15|T=60,333.15,0.15,0.175,0.0417,0.00594468252513146,-0.8460073888306787,True,
baseline,reserved_validation,vle_0070,Hilliard2008,vle|Hilliard2008|w=0.3|T=60,333.15,0.3,0.191,0.0589,0.008265556847957994,-0.8528431776117557,True,
baseline,reserved_validation,vle_0077,Jou1995,vle|Jou1995|w=0.3|T=60,333.15,0.3,0.206,0.0579,0.011192081943862207,-0.7137676825048425,True,
baseline,reserved_validation,vle_obs_0114,Hilliard2008,vle|Hilliard2008|w=0.17|T=60,333.15,0.17,0.219,0.078,0.014511517538631264,-0.7303817716316572,True,
baseline,reserved_validation,vle_obs_0157,Hilliard2008,vle|Hilliard2008|w=0.4|T=60,333.15,0.4,0.225,0.0731,0.016350433380806086,-0.6503881084998899,True,
baseline,reserved_validation,vle_obs_0023,Aronu2011,vle|Aronu2011|w=0.15|T=60,333.15,0.15,0.23,0.0965,0.018056822419806693,-0.7278859863563971,True,
baseline,reserved_validation,vle_obs_0089,Aronu2011,vle|Aronu2011|w=0.45|T=60,333.15,0.45,0.232,0.0787,0.01878783854940795,-0.6220979128790698,True,
baseline,reserved_validation,vle_obs_0024,Aronu2011,vle|Aronu2011|w=0.15|T=60,333.15,0.15,0.253,0.1462,0.028506801159399325,-0.7099988861704646,True,
baseline,reserved_validation,vle_obs_0090,Aronu2011,vle|Aronu2011|w=0.45|T=60,333.15,0.45,0.269,0.1284,0.03925013910103082,-0.5147238235253704,True,
baseline,reserved_validation,vle_0071,Hilliard2008,vle|Hilliard2008|w=0.3|T=60,333.15,0.3,0.291,0.209,0.06135574238416549,-0.5322910708157738,True,
baseline,reserved_validation,vle_obs_0158,Hilliard2008,vle|Hilliard2008|w=0.4|T=60,333.15,0.4,0.291,0.199,0.061355742243791055,-0.5109978621080391,True,
baseline,reserved_validation,vle_obs_0115,Hilliard2008,vle|Hilliard2008|w=0.17|T=60,333.15,0.17,0.307,0.244,0.08557789979714117,-0.4550282022616797,True,
baseline,reserved_validation,vle_obs_0091,Aronu2011,vle|Aronu2011|w=0.45|T=60,333.15,0.45,0.352,0.4279,0.23112559046777503,-0.2674942528020733,True,
baseline,reserved_validation,vle_obs_0116,Hilliard2008,vle|Hilliard2008|w=0.17|T=60,333.15,0.17,0.38,0.794,0.45821153893132976,-0.23875448079697273,True,
baseline,reserved_validation,vle_0072,Hilliard2008,vle|Hilliard2008|w=0.3|T=60,333.15,0.3,0.386,0.763,0.5355467645340002,-0.15372713805813237,True,
baseline,reserved_validation,vle_0078,Jou1995,vle|Jou1995|w=0.3|T=60,333.15,0.3,0.389,0.528,0.579819626581411,0.040658989367784774,True,
baseline,reserved_validation,vle_obs_0092,Aronu2011,vle|Aronu2011|w=0.45|T=60,333.15,0.45,0.392,1.4259,0.6283916252353636,-0.3558586805814075,True,
baseline,reserved_validation,vle_obs_0025,Aronu2011,vle|Aronu2011|w=0.15|T=60,333.15,0.15,0.415,1.7998,1.2101488481850506,-0.17238545570087588,True,
baseline,reserved_validation,vle_obs_0159,Hilliard2008,vle|Hilliard2008|w=0.4|T=60,333.15,0.4,0.415,0.847,1.2101473209320521,0.15495483335207486,True,
baseline,reserved_validation,vle_0079,Jou1995,vle|Jou1995|w=0.3|T=60,333.15,0.3,0.438,2.01,2.536332293758796,0.10101009395478404,True,
baseline,reserved_validation,vle_obs_0093,Aronu2011,vle|Aronu2011|w=0.45|T=60,333.15,0.45,0.454,4.6349,4.5169140945301995,-0.011198537529202218,True,
baseline,reserved_validation,vle_obs_0094,Aronu2011,vle|Aronu2011|w=0.45|T=60,333.15,0.45,0.46,6.2928,5.689448847730372,-0.04377373191187516,True,
baseline,reserved_validation,vle_obs_0160,Hilliard2008,vle|Hilliard2008|w=0.4|T=60,333.15,0.4,0.464,6.98,6.6640707280552975,-0.020115824884524923,True,
baseline,reserved_validation,vle_obs_0095,Aronu2011,vle|Aronu2011|w=0.45|T=60,333.15,0.45,0.471,8.29,8.85558973204717,0.028662957488040926,True,
baseline,reserved_validation,vle_obs_0117,Hilliard2008,vle|Hilliard2008|w=0.17|T=60,333.15,0.17,0.477,4.32,11.374466624488152,0.4204472939012609,True,
baseline,reserved_validation,vle_obs_0026,Aronu2011,vle|Aronu2011|w=0.15|T=60,333.15,0.15,0.48,5.409,12.914202153432985,0.377950598942244,True,
baseline,reserved_validation,vle_0073,Hilliard2008,vle|Hilliard2008|w=0.3|T=60,333.15,0.3,0.485,4.86,15.985768142105547,0.5170972404015672,True,
baseline,reserved_validation,vle_obs_0027,Aronu2011,vle|Aronu2011|w=0.15|T=60,333.15,0.15,0.492,8.2297,21.581091880899987,0.4186894097222462,True,
baseline,reserved_validation,vle_obs_0161,Hilliard2008,vle|Hilliard2008|w=0.4|T=60,333.15,0.4,0.502,26.5,32.9660005514074,0.09482038761904756,True,
baseline,reserved_validation,vle_obs_0118,Hilliard2008,vle|Hilliard2008|w=0.17|T=60,333.15,0.17,0.504,14.8,35.82055132125776,0.38387055048258323,True,
baseline,reserved_validation,vle_0080,Jou1995,vle|Jou1995|w=0.3|T=60,333.15,0.3,0.504,11.0,35.82066394182808,0.5127409461481978,True,
baseline,reserved_validation,vle_0074,Hilliard2008,vle|Hilliard2008|w=0.3|T=60,333.15,0.3,0.544,25.8,149.1436016523199,0.7619849206473871,True,
baseline,reserved_validation,vle_0081,Jou1995,vle|Jou1995|w=0.3|T=60,333.15,0.3,0.561,34.0,235.75015094417176,0.8409730624337063,True,
baseline,reserved_validation,vle_obs_0149,Hilliard2008,vle|Hilliard2008|w=0.3|T=60,333.15,0.3,0.565,50.2,259.6815141639959,0.7137373176505653,True,
baseline,reserved_validation,vle_0082,Jou1995,vle|Jou1995|w=0.3|T=60,333.15,0.3,0.579,82.0,354.0384253844192,0.6352365481357923,True,
baseline,reserved_validation,vle_0093,Jou1995,vle|Jou1995|w=0.3|T=60,333.15,0.3,0.668,282.0,1305.6991415955697,0.6655940102757789,True,
baseline,reserved_validation,vle_obs_0096,Aronu2011,vle|Aronu2011|w=0.45|T=80,353.15,0.45,0.017,0.0008,0.00018454497681352937,-0.6369877584944347,True,
baseline,reserved_validation,vle_0094,Jou1995,vle|Jou1995|w=0.3|T=80,353.15,0.3,0.0174,0.00296,0.00019281778609254506,-1.1861446190150782,True,
baseline,reserved_validation,vle_0095,Jou1995,vle|Jou1995|w=0.3|T=80,353.15,0.3,0.0236,0.00484,0.0003469202228672823,-1.1446157449280905,True,
baseline,reserved_validation,vle_obs_0097,Aronu2011,vle|Aronu2011|w=0.45|T=80,353.15,0.45,0.027,0.0023,0.00045314447842869407,-0.7054911435402461,True,
baseline,reserved_validation,vle_obs_0098,Aronu2011,vle|Aronu2011|w=0.45|T=80,353.15,0.45,0.038,0.0056,0.0009144139739662644,-0.787045172731325,True,
baseline,reserved_validation,vle_obs_0099,Aronu2011,vle|Aronu2011|w=0.45|T=80,353.15,0.45,0.045,0.006,0.0013134262487962231,-0.6597455589791643,True,
baseline,reserved_validation,vle_obs_0100,Aronu2011,vle|Aronu2011|w=0.45|T=80,353.15,0.45,0.061,0.0099,0.0026005473645000143,-0.5805704264872111,True,
baseline,reserved_validation,vle_0096,Jou1995,vle|Jou1995|w=0.3|T=80,353.15,0.3,0.0781,0.0465,0.00470790077635575,-0.9946256518059136,True,
baseline,reserved_validation,vle_obs_0101,Aronu2011,vle|Aronu2011|w=0.45|T=80,353.15,0.45,0.086,0.0288,0.006005320383948495,-0.6808563057839582,True,
baseline,reserved_validation,vle_obs_0028,Aronu2011,vle|Aronu2011|w=0.15|T=80,353.15,0.15,0.103,0.0603,0.009685498662787832,-0.7941953266387674,True,
baseline,reserved_validation,vle_obs_0102,Aronu2011,vle|Aronu2011|w=0.45|T=80,353.15,0.45,0.109,0.0529,0.011331530576950499,-0.6691670970147743,True,
baseline,reserved_validation,vle_0097,Jou1995,vle|Jou1995|w=0.3|T=80,353.15,0.3,0.118,0.0992,0.01420978643962581,-0.8439241212350848,True,
baseline,reserved_validation,vle_obs_0103,Aronu2011,vle|Aronu2011|w=0.45|T=80,353.15,0.45,0.135,0.1236,0.021271069214227493,-0.764229150000602,True,
baseline,reserved_validation,vle_obs_0029,Aronu2011,vle|Aronu2011|w=0.15|T=80,353.15,0.15,0.147,0.1315,0.02786096003757973,-0.6739296754887387,True,
baseline,reserved_validation,vle_0098,Jou1995,vle|Jou1995|w=0.3|T=80,353.15,0.3,0.187,0.278,0.06462077263739016,-0.633672649569335,True,
baseline,reserved_validation,vle_obs_0030,Aronu2011,vle|Aronu2011|w=0.15|T=80,353.15,0.15,0.211,0.3544,0.10431583048843363,-0.5311434932632672,True,
baseline,reserved_validation,vle_obs_0104,Aronu2011,vle|Aronu2011|w=0.45|T=80,353.15,0.45,0.236,0.3981,0.17026018427290368,-0.3688790784897923,True,
baseline,reserved_validation,vle_obs_0031,Aronu2011,vle|Aronu2011|w=0.15|T=80,353.15,0.15,0.242,0.525,0.19141316984029272,-0.43818748808321406,True,
baseline,reserved_validation,vle_0099,Jou1995,vle|Jou1995|w=0.3|T=80,353.15,0.3,0.348,2.67,1.6682606389061705,-0.20424735823079046,True,
baseline,reserved_validation,vle_obs_0032,Aronu2011,vle|Aronu2011|w=0.15|T=80,353.15,0.15,0.373,3.6374,2.966883861600369,-0.08849051623117098,True,
baseline,reserved_validation,vle_obs_0105,Aronu2011,vle|Aronu2011|w=0.45|T=80,353.15,0.45,0.389,4.5002,4.390108695875705,-0.01075654213489156,True,
baseline,reserved_validation,vle_obs_0033,Aronu2011,vle|Aronu2011|w=0.15|T=80,353.15,0.15,0.409,6.3092,7.39497144654952,0.06896220679269403,True,
baseline,reserved_validation,vle_obs_0106,Aronu2011,vle|Aronu2011|w=0.45|T=80,353.15,0.45,0.435,11.249,15.496762991824294,0.13912707419245332,True,
baseline,reserved_validation,vle_0100,Jou1995,vle|Jou1995|w=0.3|T=80,353.15,0.3,0.46,16.0,33.80504906410096,0.3248615879446498,True,
baseline,reserved_validation,vle_0101,Jou1995,vle|Jou1995|w=0.3|T=80,353.15,0.3,0.517,56.0,207.59976127504868,0.56903882276276,True,
baseline,reserved_validation,vle_0102,Jou1995,vle|Jou1995|w=0.3|T=80,353.15,0.3,0.5785,235.0,831.3075612108875,0.5486938684012524,True,
baseline,reserved_validation,vle_0103,Jou1995,vle|Jou1995|w=0.3|T=80,353.15,0.3,0.64,558.0,1917.5388171082184,0.5361099652794091,True,
baseline,reserved_validation,vle_0104,Jou1995,vle|Jou1995|w=0.3|T=80,353.15,0.3,0.689,958.0,3030.6732344284214,0.5001736044138545,True,
baseline,reserved_validation,vle_0105,Jou1995,vle|Jou1995|w=0.3|T=100,373.15,0.3,0.0117,0.00724,0.0006617378516087073,-1.0390525890650624,True,
baseline,reserved_validation,vle_0106,Jou1995,vle|Jou1995|w=0.3|T=100,373.15,0.3,0.0566,0.136,0.016047780197830475,-0.9281239410689412,True,
baseline,reserved_validation,vle_0107,Jou1995,vle|Jou1995|w=0.3|T=100,373.15,0.3,0.188,1.43,0.4748624398122769,-0.4787682179090965,True,
baseline,reserved_validation,vle_0120,Xu2011,vle|Xu2011|nominal_T=100,373.15,0.3,0.315,16.0,5.606158978960336,-0.4554545733725358,True,
baseline,reserved_validation,vle_0122,Xu2011,vle|Xu2011|nominal_T=100,373.15,0.3,0.315,12.0,5.606166370168109,-0.33051526418706734,True,
baseline,reserved_validation,vle_0108,Jou1995,vle|Jou1995|w=0.3|T=100,373.15,0.3,0.381,19.0,22.88602918829226,0.08081684654004342,True,
baseline,reserved_validation,vle_0115,Xu2011,vle|Xu2011|w=0.3|T=100.0,373.15,0.3,0.388,34.0,26.883009215929555,-0.10200103611561685,True,
baseline,reserved_validation,vle_0109,Jou1995,vle|Jou1995|w=0.3|T=100,373.15,0.3,0.422,39.0,61.011533909956306,0.1943473368358361,True,
baseline,reserved_validation,vle_0116,Xu2011,vle|Xu2011|w=0.3|T=100.0,373.15,0.3,0.424,101.0,64.14444217691373,-0.19716234107581326,True,
baseline,reserved_validation,vle_0117,Xu2011,vle|Xu2011|w=0.3|T=100.0,373.15,0.3,0.425,86.0,65.7749536574294,-0.11643790047335702,True,
baseline,reserved_validation,vle_0121,Xu2011,vle|Xu2011|nominal_T=100,373.15,0.3,0.475,95.0,236.58859104825376,0.39627019263512686,True,
baseline,reserved_validation,vle_0110,Jou1995,vle|Jou1995|w=0.3|T=100,373.15,0.3,0.477,69.0,248.7934262076418,0.5569898102032946,True,
baseline,reserved_validation,vle_0111,Jou1995,vle|Jou1995|w=0.3|T=100,373.15,0.3,0.481,109.0,274.9071113215298,0.40175947641631693,True,
baseline,reserved_validation,vle_0118,Xu2011,vle|Xu2011|w=0.3|T=100.0,373.15,0.3,0.501,167.0,443.4164731547616,0.42409535219858957,True,
baseline,reserved_validation,vle_0119,Xu2011,vle|Xu2011|w=0.3|T=100.0,373.15,0.3,0.52,233.0,669.205662291419,0.4582036859378506,True,
baseline,reserved_validation,vle_0112,Jou1995,vle|Jou1995|w=0.3|T=100,373.15,0.3,0.571,509.0,1602.024131542876,0.4979512713072017,True,
baseline,reserved_validation,vle_0113,Jou1995,vle|Jou1995|w=0.3|T=100,373.15,0.3,0.589,376.0,2033.1539330793512,0.7329824160301701,True,
baseline,reserved_validation,vle_0114,Jou1995,vle|Jou1995|w=0.3|T=100,373.15,0.3,0.6135,909.0,2691.48685653407,0.47142838012399374,True,
baseline,reserved_validation,vle_0123,Jou1995,vle|Jou1995|w=0.3|T=120,393.15,0.3,0.00333,0.00202,0.00049745741484396,-0.608595460826936,True,
baseline,reserved_validation,vle_0124,Jou1995,vle|Jou1995|w=0.3|T=120,393.15,0.3,0.0112,0.0221,0.00378676587578672,-0.7661238188407803,True,
baseline,reserved_validation,vle_0125,Jou1995,vle|Jou1995|w=0.3|T=120,393.15,0.3,0.0247,0.0984,0.01743700531163671,-0.7515231985863668,True,
baseline,reserved_validation,vle_0126,Jou1995,vle|Jou1995|w=0.3|T=120,393.15,0.3,0.119,2.29,0.6733692266131189,-0.5315822173586454,True,
baseline,reserved_validation,vle_0159,Xu2011,vle|Xu2011|nominal_T=120,393.15,0.3,0.314,50.0,32.07014283311215,-0.19286911015455982,True,
baseline,reserved_validation,vle_0161,Xu2011,vle|Xu2011|nominal_T=120,393.15,0.3,0.314,45.0,32.07015454576092,-0.14711146098100208,True,
baseline,reserved_validation,vle_0127,Jou1995,vle|Jou1995|w=0.3|T=120,393.15,0.3,0.349,46.8,63.40541155237032,0.13188047274194392,True,
baseline,reserved_validation,vle_0152,Xu2011,vle|Xu2011|w=0.3|T=120.0,393.15,0.3,0.37,63.0,96.58345399165907,0.18556218301161115,True,
baseline,reserved_validation,vle_0153,Xu2011,vle|Xu2011|w=0.3|T=120.0,393.15,0.3,0.385,108.0,131.13167650315083,0.08428385816202796,True,
baseline,reserved_validation,vle_0154,Xu2011,vle|Xu2011|w=0.3|T=120.0,393.15,0.3,0.387,62.0,136.6258936500291,0.3431413261256141,True,
baseline,reserved_validation,vle_0128,Jou1995,vle|Jou1995|w=0.3|T=120,393.15,0.3,0.4115,122.0,226.5602746045185,0.26882393172597024,True,
baseline,reserved_validation,vle_0155,Xu2011,vle|Xu2011|w=0.3|T=120.0,393.15,0.3,0.422,237.0,281.39855614877104,0.07457351873670359,True,
baseline,reserved_validation,vle_0156,Xu2011,vle|Xu2011|w=0.3|T=120.0,393.15,0.3,0.423,192.0,287.2509547487127,0.17496025214296446,True,
baseline,reserved_validation,vle_0129,Jou1995,vle|Jou1995|w=0.3|T=120,393.15,0.3,0.444,222.0,440.150153821483,0.2972478835167569,True,
baseline,reserved_validation,vle_0160,Xu2011,vle|Xu2011|nominal_T=120,393.15,0.3,0.467,283.0,687.5477900190788,0.38551645493472686,True,
baseline,reserved_validation,vle_0130,Jou1995,vle|Jou1995|w=0.3|T=120,393.15,0.3,0.473,422.0,768.2175783958186,0.2601717895308016,True,
baseline,reserved_validation,vle_0157,Xu2011,vle|Xu2011|w=0.3|T=120.0,393.15,0.3,0.492,387.0,1071.7100815891135,0.44236635112602885,True,
baseline,reserved_validation,vle_0158,Xu2011,vle|Xu2011|w=0.3|T=120.0,393.15,0.3,0.508,512.0,1385.4712202565995,0.43232754784067656,True,
baseline,reserved_validation,vle_0131,Jou1995,vle|Jou1995|w=0.3|T=120,393.15,0.3,0.536,822.0,2059.6301599579297,0.39891742520312545,True,
baseline,reserved_validation,vle_0132,Jou1995,vle|Jou1995|w=0.3|T=120,393.15,0.3,0.639,2804.0,5683.835503519194,0.3068634911804326,True,
candidate,active_training,vle_0001,Aronu2011,vle|Aronu2011|w=0.3|T=40,313.15,0.3,0.102,0.0016,0.0007965366301608762,8.0,False,state_evaluation_failed
candidate,active_training,vle_0018,Hilliard2008,vle|Hilliard2008|w=0.3|T=40,313.15,0.3,0.153,0.0057,0.0066756893332960915,0.06862126203295367,True,
candidate,active_training,vle_0019,Hilliard2008,vle|Hilliard2008|w=0.3|T=40,313.15,0.3,0.163,0.00664,0.009779976959191741,0.16816975225929023,True,
candidate,active_training,vle_0020,Hilliard2008,vle|Hilliard2008|w=0.3|T=40,313.15,0.3,0.17,0.00721,0.012704032282228998,0.24600632395113167,True,
candidate,active_training,vle_0021,Hilliard2008,vle|Hilliard2008|w=0.3|T=40,313.15,0.3,0.191,0.00995,0.027091772616265837,0.4350143411304468,True,
candidate,active_training,vle_0022,Hilliard2008,vle|Hilliard2008|w=0.3|T=40,313.15,0.3,0.194,0.00985,0.030086348941321006,0.484933257646457,True,
candidate,active_training,vle_0002,Aronu2011,vle|Aronu2011|w=0.3|T=40,313.15,0.3,0.206,0.0123,0.04537310180643162,0.5668933581808362,True,
candidate,active_training,vle_0023,Hilliard2008,vle|Hilliard2008|w=0.3|T=40,313.15,0.3,0.232,0.0146,0.10527189126926463,0.8579595695675328,True,
candidate,active_training,vle_0042,Idris2014,vle|Idris2014|w=0.3|T=40,313.15,0.3,0.242,0.021,0.1428230301466246,0.8325789481344931,True,
candidate,active_training,vle_0024,Hilliard2008,vle|Hilliard2008|w=0.3|T=40,313.15,0.3,0.246,0.0191,0.16087212267082793,0.9254474250230241,True,
candidate,active_training,vle_0003,Aronu2011,vle|Aronu2011|w=0.3|T=40,313.15,0.3,0.25,0.0246,0.1808835961242738,0.8664640764743239,True,
candidate,active_training,vle_0025,Hilliard2008,vle|Hilliard2008|w=0.3|T=40,313.15,0.3,0.269,0.0231,0.308091494144097,1.125067728495309,True,
candidate,active_training,vle_0026,Hilliard2008,vle|Hilliard2008|w=0.3|T=40,313.15,0.3,0.272,0.0224,0.33387037646806106,1.173329868503394,True,
candidate,active_training,vle_0043,Idris2014,vle|Idris2014|w=0.3|T=40,313.15,0.3,0.321,0.038,1.0768334086107312,1.4523649243996197,True,
candidate,active_training,vle_0027,Hilliard2008,vle|Hilliard2008|w=0.3|T=40,313.15,0.3,0.326,0.0485,1.196271789271596,1.3920881226313198,True,
candidate,active_training,vle_0044,Idris2014,vle|Idris2014|w=0.3|T=40,313.15,0.3,0.33,0.043,1.298984777598547,1.480135606160348,True,
candidate,active_training,vle_0004,Aronu2011,vle|Aronu2011|w=0.3|T=40,313.15,0.3,0.337,0.0603,1.4948857199188466,1.3942906811185074,True,
candidate,active_training,vle_0045,Idris2014,vle|Idris2014|w=0.3|T=40,313.15,0.3,0.345,0.05,1.7454701911206505,1.5429424320611818,True,
candidate,active_training,vle_0028,Hilliard2008,vle|Hilliard2008|w=0.3|T=40,313.15,0.3,0.348,0.0662,1.847183417239938,1.4456520316855763,True,
candidate,active_training,vle_0029,Hilliard2008,vle|Hilliard2008|w=0.3|T=40,313.15,0.3,0.35,0.0721,1.9174400860128311,1.4247865377735383,True,
candidate,active_training,vle_0046,Idris2014,vle|Idris2014|w=0.3|T=40,313.15,0.3,0.352,0.064,1.9896699480628008,1.492601066434259,True,
candidate,active_training,vle_0005,Aronu2011,vle|Aronu2011|w=0.3|T=40,313.15,0.3,0.353,0.0851,2.026534729710115,1.3768244907724076,True,
candidate,active_training,vle_0047,Idris2014,vle|Idris2014|w=0.3|T=40,313.15,0.3,0.355,0.097,2.10180977844666,1.335821673948721,True,
candidate,active_training,vle_0030,Hilliard2008,vle|Hilliard2008|w=0.3|T=40,313.15,0.3,0.36,0.0966,2.299129060166553,1.3765862243861775,True,
candidate,active_training,vle_0048,Idris2014,vle|Idris2014|w=0.3|T=40,313.15,0.3,0.375,0.107,2.9738408691115263,1.443933947927838,True,
candidate,active_training,vle_0049,Idris2014,vle|Idris2014|w=0.3|T=40,313.15,0.3,0.377,0.123,3.0736995483385305,1.3977563018623165,True,
candidate,active_training,vle_0031,Hilliard2008,vle|Hilliard2008|w=0.3|T=40,313.15,0.3,0.382,0.131,3.334117383778932,1.4057095902471513,True,
candidate,active_training,vle_0032,Hilliard2008,vle|Hilliard2008|w=0.3|T=40,313.15,0.3,0.386,0.12,3.553780862303691,1.471509398235817,True,
candidate,active_training,vle_0033,Hilliard2008,vle|Hilliard2008|w=0.3|T=40,313.15,0.3,0.389,0.113,3.725313220218163,1.518084350136084,True,
candidate,active_training,vle_0034,Hilliard2008,vle|Hilliard2008|w=0.3|T=40,313.15,0.3,0.4,0.128,4.406072760781216,1.5368416950563188,True,
candidate,active_training,vle_0006,Aronu2011,vle|Aronu2011|w=0.3|T=40,313.15,0.3,0.401,0.1835,4.472147902509557,1.3868800894793443,True,
candidate,active_training,vle_0007,Aronu2011,vle|Aronu2011|w=0.3|T=40,313.15,0.3,0.417,0.2928,5.629271080673453,1.2838810904692532,True,
candidate,active_training,vle_0008,Aronu2011,vle|Aronu2011|w=0.3|T=40,313.15,0.3,0.421,0.3188,5.949298704286255,1.2709474619441303,True,
candidate,active_training,vle_0009,Aronu2011,vle|Aronu2011|w=0.3|T=40,313.15,0.3,0.433,0.3809,6.988046015983276,1.263544783469898,True,
candidate,active_training,vle_0050,Idris2014,vle|Idris2014|w=0.3|T=40,313.15,0.3,0.436,0.445,7.2668571748229835,1.2129866135310552,True,
candidate,active_training,vle_0010,Aronu2011,vle|Aronu2011|w=0.3|T=40,313.15,0.3,0.447,0.5702,8.357879871145219,1.1660689117100118,True,
candidate,active_training,vle_0051,Idris2014,vle|Idris2014|w=0.3|T=40,313.15,0.3,0.46,0.813,9.79383892926343,1.0808624116838728,True,
candidate,active_training,vle_0011,Aronu2011,vle|Aronu2011|w=0.3|T=40,313.15,0.3,0.464,1.0662,10.269288180461645,0.983701663167688,True,
candidate,active_training,vle_0035,Hilliard2008,vle|Hilliard2008|w=0.3|T=40,313.15,0.3,0.464,0.75,10.26928987273761,1.1364791495323137,True,
candidate,active_training,vle_0036,Hilliard2008,vle|Hilliard2008|w=0.3|T=40,313.15,0.3,0.466,0.574,10.513210168265536,1.262823454029088,True,
candidate,active_training,vle_0012,Aronu2011,vle|Aronu2011|w=0.3|T=40,313.15,0.3,0.476,1.8326,11.795745689282532,0.8086577185673607,True,
candidate,active_training,vle_0013,Aronu2011,vle|Aronu2011|w=0.3|T=40,313.15,0.3,0.477,1.8278,11.930025830720632,0.8147127110088944,True,
candidate,active_training,vle_0037,Hilliard2008,vle|Hilliard2008|w=0.3|T=40,313.15,0.3,0.481,0.883,12.477789811186849,1.1501769620723983,True,
candidate,active_training,vle_0014,Aronu2011,vle|Aronu2011|w=0.3|T=40,313.15,0.3,0.485,2.3193,13.043758578000695,0.750045824025597,True,
candidate,active_training,vle_0015,Aronu2011,vle|Aronu2011|w=0.3|T=40,313.15,0.3,0.489,2.8577,13.628138957021184,0.6784199183111339,True,
candidate,active_training,vle_0038,Hilliard2008,vle|Hilliard2008|w=0.3|T=40,313.15,0.3,0.491,1.1,13.927273435690456,1.1024734170707415,True,
candidate,active_training,vle_0039,Hilliard2008,vle|Hilliard2008|w=0.3|T=40,313.15,0.3,0.501,1.87,15.495683642095168,0.9183691347642005,True,
candidate,active_training,vle_0016,Aronu2011,vle|Aronu2011|w=0.3|T=40,313.15,0.3,0.516,8.5583,18.085653766607543,0.3249467063727663,True,
candidate,active_training,vle_0040,Hilliard2008,vle|Hilliard2008|w=0.3|T=40,313.15,0.3,0.518,3.03,18.45377595905033,0.784642615184883,True,
candidate,active_training,vle_0017,Aronu2011,vle|Aronu2011|w=0.3|T=40,313.15,0.3,0.524,11.812,19.590864902041922,0.21973017145833385,True,
candidate,active_training,vle_0041,Hilliard2008,vle|Hilliard2008|w=0.3|T=40,313.15,0.3,0.591,28.3,36.18481734114047,0.10673994914995609,True,
candidate,active_training,vle_0060,Aronu2011,vle|Aronu2011|w=0.3|T=60,333.15,0.3,0.053,0.0045,0.00060540085941347,-0.8711694806396544,True,
candidate,active_training,vle_0061,Aronu2011,vle|Aronu2011|w=0.3|T=60,333.15,0.3,0.105,0.0154,0.008151536341546767,-0.27628125175595464,True,
candidate,active_training,vle_0062,Aronu2011,vle|Aronu2011|w=0.3|T=60,333.15,0.3,0.162,0.0427,0.07578276484588169,0.24914257093117598,True,
candidate,active_training,vle_0063,Aronu2011,vle|Aronu2011|w=0.3|T=60,333.15,0.3,0.244,0.1348,0.987065755968335,0.8646561930974523,True,
candidate,active_training,vle_0064,Aronu2011,vle|Aronu2011|w=0.3|T=60,333.15,0.3,0.303,0.3015,3.974672089286077,1.120013988670316,True,
candidate,active_training,vle_0065,Aronu2011,vle|Aronu2011|w=0.3|T=60,333.15,0.3,0.36,0.6436,11.14755137066587,1.2385634469353404,True,
candidate,active_training,vle_0066,Aronu2011,vle|Aronu2011|w=0.3|T=60,333.15,0.3,0.393,1.097,18.182147295466272,1.2194385441331672,True,
candidate,active_training,vle_0067,Aronu2011,vle|Aronu2011|w=0.3|T=60,333.15,0.3,0.428,2.5014,28.611485690727882,1.058357264218862,True,
candidate,active_training,vle_0068,Aronu2011,vle|Aronu2011|w=0.3|T=60,333.15,0.3,0.491,13.558,56.96169404496025,0.6233872671971973,True,
candidate,active_training,vle_0083,Aronu2011,vle|Aronu2011|w=0.3|T=80,353.15,0.3,0.017,0.0056,0.00025388759197130347,-1.3435465505124373,True,
candidate,active_training,vle_0084,Aronu2011,vle|Aronu2011|w=0.3|T=80,353.15,0.3,0.04,0.0219,0.002093211984811144,-1.0196309021861893,True,
candidate,active_training,vle_0085,Aronu2011,vle|Aronu2011|w=0.3|T=80,353.15,0.3,0.075,0.0557,0.015637621392928933,-0.5516845010845917,True,
candidate,active_training,vle_0086,Aronu2011,vle|Aronu2011|w=0.3|T=80,353.15,0.3,0.122,0.1406,0.11845581093757215,-0.07442895046485837,True,
candidate,active_training,vle_0087,Aronu2011,vle|Aronu2011|w=0.3|T=80,353.15,0.3,0.155,0.2485,0.39369497718090213,0.1998334809626034,True,
candidate,active_training,vle_0088,Aronu2011,vle|Aronu2011|w=0.3|T=80,353.15,0.3,0.216,0.6137,2.5757340613938178,0.6229448978140462,True,
candidate,active_training,vle_0089,Aronu2011,vle|Aronu2011|w=0.3|T=80,353.15,0.3,0.271,1.2538,9.82732410029012,0.8942070136025635,True,
candidate,active_training,vle_0090,Aronu2011,vle|Aronu2011|w=0.3|T=80,353.15,0.3,0.347,3.7522,38.9213407867436,1.0159018135868103,True,
candidate,active_training,vle_0092,Aronu2011,vle|Aronu2011|w=0.3|T=80,353.15,0.3,0.398,8.3031,78.09681326566748,0.9733930444217981,True,
candidate,active_training,vle_0091,Aronu2011,vle|Aronu2011|w=0.3|T=80,353.15,0.3,0.4,7.9387,80.03443320337558,1.0035274831971681,True,
candidate,active_training,vle_0133,Mamun2005,vle|Mamun2005|w=0.3|T=120,393.15,0.3,0.155,7.354,11.061932570578767,0.17730738131095114,True,
candidate,active_training,vle_0134,Mamun2005,vle|Mamun2005|w=0.3|T=120,393.15,0.3,0.1766,9.314,20.506507544200193,0.342755468535001,True,
candidate,active_training,vle_0135,Mamun2005,vle|Mamun2005|w=0.3|T=120,393.15,0.3,0.1843,9.045,25.1913956105568,0.44484365700788475,True,
candidate,active_training,vle_0136,Mamun2005,vle|Mamun2005|w=0.3|T=120,393.15,0.3,0.2085,15.51,45.91438886426293,0.4713370102743525,True,
candidate,active_training,vle_0137,Mamun2005,vle|Mamun2005|w=0.3|T=120,393.15,0.3,0.2326,19.62,78.11890297296614,0.6000571327990687,True,
candidate,active_training,vle_0138,Mamun2005,vle|Mamun2005|w=0.3|T=120,393.15,0.3,0.2381,25.2,87.42371809880099,0.5402287321505682,True,
candidate,active_training,vle_0139,Mamun2005,vle|Mamun2005|w=0.3|T=120,393.15,0.3,0.256,27.71,123.4305636830011,0.6487861865514539,True,
candidate,active_training,vle_0140,Mamun2005,vle|Mamun2005|w=0.3|T=120,393.15,0.3,0.2901,39.18,219.20309527315848,0.7477822506835492,True,
candidate,active_training,vle_0141,Mamun2005,vle|Mamun2005|w=0.3|T=120,393.15,0.3,0.2967,40.4,242.22253388943898,0.7778331778608164,True,
candidate,active_training,vle_0142,Mamun2005,vle|Mamun2005|w=0.3|T=120,393.15,0.3,0.3004,43.49,255.78408511349608,0.7694841115140123,True,
candidate,active_training,vle_0143,Mamun2005,vle|Mamun2005|w=0.3|T=120,393.15,0.3,0.3125,51.82,303.47218183487706,0.7676214784276469,True,
candidate,active_training,vle_0144,Mamun2005,vle|Mamun2005|w=0.3|T=120,393.15,0.3,0.3191,58.57,331.67636750371344,0.7530393043852015,True,
candidate,active_training,vle_0145,Mamun2005,vle|Mamun2005|w=0.3|T=120,393.15,0.3,0.3298,62.88,380.6839180897953,0.7820519974935933,True,
candidate,active_training,vle_0146,Mamun2005,vle|Mamun2005|w=0.3|T=120,393.15,0.3,0.3424,77.59,443.62117159633544,0.7572065125884142,True,
candidate,active_training,vle_0147,Mamun2005,vle|Mamun2005|w=0.3|T=120,393.15,0.3,0.3424,74.95,443.64215176140533,0.772261165864705,True,
candidate,active_training,vle_0148,Mamun2005,vle|Mamun2005|w=0.3|T=120,393.15,0.3,0.35,83.61,484.3119567602232,0.7628669676678493,True,
candidate,active_training,vle_0149,Mamun2005,vle|Mamun2005|w=0.3|T=120,393.15,0.3,0.3594,92.79,537.4239897274219,0.7628158740019664,True,
candidate,active_training,vle_0150,Mamun2005,vle|Mamun2005|w=0.3|T=120,393.15,0.3,0.3882,137.9,718.8980174869312,0.7171030197786074,True,
candidate,active_training,vle_0151,Mamun2005,vle|Mamun2005|w=0.3|T=120,393.15,0.3,0.4182,191.9,936.5539639744889,0.6884578316219501,True,
candidate,reserved_validation,vle_0052,Jou1995,vle|Jou1995|w=0.3|T=40,313.15,0.3,0.0888,0.00147,0.0004290954657680337,8.0,False,state_evaluation_failed
candidate,reserved_validation,vle_obs_0001,Aronu2011,vle|Aronu2011|w=0.15|T=40,313.15,0.15,0.111,0.0017,0.0011905709828391809,-0.1546936278647012,True,
candidate,reserved_validation,vle_obs_0150,Hilliard2008,vle|Hilliard2008|w=0.4|T=40,313.15,0.4,0.115,0.00505,0.0014168230323719296,-0.5519757698359027,True,
candidate,reserved_validation,vle_obs_0107,Hilliard2008,vle|Hilliard2008|w=0.17|T=40,313.15,0.17,0.121,0.00555,0.0018312757185297553,-0.48153924612776905,True,
candidate,reserved_validation,vle_obs_0070,Aronu2011,vle|Aronu2011|w=0.45|T=40,313.15,0.45,0.141,0.0035,0.004165881910836023,0.07563891060394566,True,
candidate,reserved_validation,vle_obs_0002,Aronu2011,vle|Aronu2011|w=0.15|T=40,313.15,0.15,0.148,0.0035,0.005494868423250893,0.1958892531844412,True,
candidate,reserved_validation,vle_obs_0071,Aronu2011,vle|Aronu2011|w=0.45|T=40,313.15,0.45,0.148,0.0035,0.005494868328317921,0.1958892456812831,True,
candidate,reserved_validation,vle_obs_0003,Aronu2011,vle|Aronu2011|w=0.15|T=40,313.15,0.15,0.186,0.0068,0.022706175224355717,0.5236350722906702,True,
candidate,reserved_validation,vle_obs_0072,Aronu2011,vle|Aronu2011|w=0.45|T=40,313.15,0.45,0.195,0.0077,0.03115045745616568,0.6069737036470945,True,
candidate,reserved_validation,vle_obs_0151,Hilliard2008,vle|Hilliard2008|w=0.4|T=40,313.15,0.4,0.201,0.0108,0.03829813957015711,0.5497539220315653,True,
candidate,reserved_validation,vle_0053,Jou1995,vle|Jou1995|w=0.3|T=40,313.15,0.3,0.203,0.00896,0.04099676972275072,0.6604416288417013,True,
candidate,reserved_validation,vle_obs_0108,Hilliard2008,vle|Hilliard2008|w=0.17|T=40,313.15,0.17,0.212,0.014,0.05543150537045658,0.597628637343324,True,
candidate,reserved_validation,vle_obs_0073,Aronu2011,vle|Aronu2011|w=0.45|T=40,313.15,0.45,0.217,0.0099,0.06531999115376355,0.819410922650915,True,
candidate,reserved_validation,vle_obs_0004,Aronu2011,vle|Aronu2011|w=0.15|T=40,313.15,0.15,0.22,0.017,0.07199430710987544,0.6268492349347206,True,
candidate,reserved_validation,vle_obs_0074,Aronu2011,vle|Aronu2011|w=0.45|T=40,313.15,0.45,0.234,0.0123,0.1119901110671652,0.9592745639221065,True,
candidate,reserved_validation,vle_obs_0005,Aronu2011,vle|Aronu2011|w=0.15|T=40,313.15,0.15,0.236,0.0215,0.11908678207027892,0.7434251001187455,True,
candidate,reserved_validation,vle_obs_0076,Aronu2011,vle|Aronu2011|w=0.45|T=40,313.15,0.45,0.271,0.0178,0.3250838391186074,1.2615753776576546,True,
candidate,reserved_validation,vle_obs_0075,Aronu2011,vle|Aronu2011|w=0.45|T=40,313.15,0.45,0.276,0.0164,0.37104485021113587,1.3545825602787849,True,
candidate,reserved_validation,vle_obs_0006,Aronu2011,vle|Aronu2011|w=0.15|T=40,313.15,0.15,0.295,0.0427,0.5977290402536021,1.1460764812194228,True,
candidate,reserved_validation,vle_obs_0007,Aronu2011,vle|Aronu2011|w=0.15|T=40,313.15,0.15,0.298,0.045,0.6421065440774898,1.1543945823088202,True,
candidate,reserved_validation,vle_obs_0152,Hilliard2008,vle|Hilliard2008|w=0.4|T=40,313.15,0.4,0.298,0.0295,0.6421065561290535,1.3377850882571833,True,
candidate,reserved_validation,vle_obs_0077,Aronu2011,vle|Aronu2011|w=0.45|T=40,313.15,0.45,0.3,0.0364,0.6731392030620421,1.267003500590246,True,
candidate,reserved_validation,vle_obs_0109,Hilliard2008,vle|Hilliard2008|w=0.17|T=40,313.15,0.17,0.3,0.0362,0.6731392121610509,1.269396319576615,True,
candidate,reserved_validation,vle_obs_0008,Aronu2011,vle|Aronu2011|w=0.15|T=40,313.15,0.15,0.342,0.0845,1.6480385789268446,1.2901106649277518,True,
candidate,reserved_validation,vle_obs_0078,Aronu2011,vle|Aronu2011|w=0.45|T=40,313.15,0.45,0.354,0.0598,2.063925341740683,1.5379927995401774,True,
candidate,reserved_validation,vle_0054,Jou1995,vle|Jou1995|w=0.3|T=40,313.15,0.3,0.365,0.0677,2.5098759333154246,1.5690635855416326,True,
candidate,reserved_validation,vle_obs_0110,Hilliard2008,vle|Hilliard2008|w=0.17|T=40,313.15,0.17,0.369,0.116,2.6885260105995146,1.3650562532619481,True,
candidate,reserved_validation,vle_obs_0153,Hilliard2008,vle|Hilliard2008|w=0.4|T=40,313.15,0.4,0.373,0.104,2.8763843655781836,1.4418135802062308,True,
candidate,reserved_validation,vle_obs_0079,Aronu2011,vle|Aronu2011|w=0.45|T=40,313.15,0.45,0.39,0.1087,3.7838128873957584,1.5417001079614525,True,
candidate,reserved_validation,vle_obs_0009,Aronu2011,vle|Aronu2011|w=0.15|T=40,313.15,0.15,0.398,0.222,4.276091807590039,1.2846940464784609,True,
candidate,reserved_validation,vle_obs_0080,Aronu2011,vle|Aronu2011|w=0.45|T=40,313.15,0.45,0.404,0.1781,4.674617276586056,1.4190821403504685,True,
candidate,reserved_validation,vle_obs_0081,Aronu2011,vle|Aronu2011|w=0.45|T=40,313.15,0.45,0.428,0.2787,6.540567568139839,1.3704784678397202,True,
candidate,reserved_validation,vle_obs_0010,Aronu2011,vle|Aronu2011|w=0.15|T=40,313.15,0.15,0.442,0.6634,7.848345798252418,1.0730026626324143,True,
candidate,reserved_validation,vle_obs_0011,Aronu2011,vle|Aronu2011|w=0.15|T=40,313.15,0.15,0.45,0.7013,8.674784053962302,1.092354833573943,True,
candidate,reserved_validation,vle_obs_0082,Aronu2011,vle|Aronu2011|w=0.45|T=40,313.15,0.45,0.464,0.9173,10.269309431636389,1.049029846573292,True,
candidate,reserved_validation,vle_obs_0111,Hilliard2008,vle|Hilliard2008|w=0.17|T=40,313.15,0.17,0.467,0.879,10.636634847845412,1.08281537523751,True,
candidate,reserved_validation,vle_0055,Jou1995,vle|Jou1995|w=0.3|T=40,313.15,0.3,0.4735,0.604,11.465127377132687,1.278341945466941,True,
candidate,reserved_validation,vle_obs_0083,Aronu2011,vle|Aronu2011|w=0.45|T=40,313.15,0.45,0.475,2.1609,11.66267152175747,0.732163374431197,True,
candidate,reserved_validation,vle_obs_0154,Hilliard2008,vle|Hilliard2008|w=0.4|T=40,313.15,0.4,0.485,1.62,13.043754875686693,0.9058876142039126,True,
candidate,reserved_validation,vle_obs_0084,Aronu2011,vle|Aronu2011|w=0.45|T=40,313.15,0.45,0.497,5.4871,14.853589665053816,0.4324885471323545,True,
candidate,reserved_validation,vle_0056,Jou1995,vle|Jou1995|w=0.3|T=40,313.15,0.3,0.513,2.57,17.54399889961202,0.8341954680985206,True,
candidate,reserved_validation,vle_obs_0012,Aronu2011,vle|Aronu2011|w=0.15|T=40,313.15,0.15,0.516,4.8405,18.085809236206053,0.572447721259347,True,
candidate,reserved_validation,vle_obs_0013,Aronu2011,vle|Aronu2011|w=0.15|T=40,313.15,0.15,0.529,7.8861,20.577304585667566,0.41652620620088443,True,
candidate,reserved_validation,vle_obs_0155,Hilliard2008,vle|Hilliard2008|w=0.4|T=40,313.15,0.4,0.545,22.3,23.984482832021122,0.031625495333453324,True,
candidate,reserved_validation,vle_obs_0112,Hilliard2008,vle|Hilliard2008|w=0.17|T=40,313.15,0.17,0.552,8.56,25.6013370514725,0.47578888262349184,True,
candidate,reserved_validation,vle_0057,Jou1995,vle|Jou1995|w=0.3|T=40,313.15,0.3,0.557,8.09,26.805683134047378,0.5202783579425891,True,
candidate,reserved_validation,vle_obs_0014,Aronu2011,vle|Aronu2011|w=0.15|T=40,313.15,0.15,0.565,16.0024,28.8214029205653,0.255529994917841,True,
candidate,reserved_validation,vle_0058,Jou1995,vle|Jou1995|w=0.3|T=40,313.15,0.3,0.609,36.1,42.0861156369334,0.06663164222458091,True,
candidate,reserved_validation,vle_0059,Jou1995,vle|Jou1995|w=0.3|T=40,313.15,0.3,0.642,103.0,54.883835770058084,-0.27339276858890427,True,
candidate,reserved_validation,vle_obs_0085,Aronu2011,vle|Aronu2011|w=0.45|T=60,333.15,0.45,0.045,0.0019,0.0003647759265386346,-0.7167274317032835,True,
candidate,reserved_validation,vle_obs_0015,Aronu2011,vle|Aronu2011|w=0.15|T=60,333.15,0.15,0.048,0.0042,0.0004436045789330626,-0.9762532700643786,True,
candidate,reserved_validation,vle_0075,Jou1995,vle|Jou1995|w=0.3|T=60,333.15,0.3,0.0564,0.00428,0.0007409574720814167,-0.7616504870397793,True,
candidate,reserved_validation,vle_obs_0016,Aronu2011,vle|Aronu2011|w=0.15|T=60,333.15,0.15,0.06,0.0056,0.0009111759617532272,-0.7885857731516122,True,
candidate,reserved_validation,vle_obs_0018,Aronu2011,vle|Aronu2011|w=0.15|T=60,333.15,0.15,0.069,0.0078,0.0014870899582973731,-0.7197573616665438,True,
candidate,reserved_validation,vle_obs_0017,Aronu2011,vle|Aronu2011|w=0.15|T=60,333.15,0.15,0.075,0.0068,0.0020247448018431823,-0.5261386200373095,True,
candidate,reserved_validation,vle_obs_0086,Aronu2011,vle|Aronu2011|w=0.45|T=60,333.15,0.45,0.087,0.0059,0.0036280532429684683,-0.21117835978172295,True,
candidate,reserved_validation,vle_obs_0019,Aronu2011,vle|Aronu2011|w=0.15|T=60,333.15,0.15,0.098,0.0094,0.005997574400994097,-0.19515220942489658,True,
candidate,reserved_validation,vle_0069,Hilliard2008,vle|Hilliard2008|w=0.3|T=60,333.15,0.3,0.114,0.0194,0.011940820158484005,-0.21076757247765507,True,
candidate,reserved_validation,vle_0076,Jou1995,vle|Jou1995|w=0.3|T=60,333.15,0.3,0.119,0.0193,0.014679641018986297,-0.11884187368518817,True,
candidate,reserved_validation,vle_obs_0087,Aronu2011,vle|Aronu2011|w=0.45|T=60,333.15,0.45,0.12,0.0099,0.015291808549766328,0.18882365750771127,True,
candidate,reserved_validation,vle_obs_0020,Aronu2011,vle|Aronu2011|w=0.15|T=60,333.15,0.15,0.135,0.0151,0.02775999734018361,0.2644424728778454,True,
candidate,reserved_validation,vle_obs_0156,Hilliard2008,vle|Hilliard2008|w=0.4|T=60,333.15,0.4,0.136,0.0155,0.02885577359378981,0.269901023621527,True,
candidate,reserved_validation,vle_obs_0021,Aronu2011,vle|Aronu2011|w=0.15|T=60,333.15,0.15,0.144,0.0234,0.039159961196649454,0.2236263953815965,True,
candidate,reserved_validation,vle_obs_0113,Hilliard2008,vle|Hilliard2008|w=0.17|T=60,333.15,0.17,0.159,0.0212,0.06805480779477732,0.5065229508293512,True,
candidate,reserved_validation,vle_obs_0088,Aronu2011,vle|Aronu2011|w=0.45|T=60,333.15,0.45,0.169,0.0205,0.0970354216379148,0.6751764362391108,True,
candidate,reserved_validation,vle_obs_0022,Aronu2011,vle|Aronu2011|w=0.15|T=60,333.15,0.15,0.175,0.0417,0.11944108776833207,0.4570176949477747,True,
candidate,reserved_validation,vle_0070,Hilliard2008,vle|Hilliard2008|w=0.3|T=60,333.15,0.3,0.191,0.0589,0.2040258961862039,0.5395699993887946,True,
candidate,reserved_validation,vle_0077,Jou1995,vle|Jou1995|w=0.3|T=60,333.15,0.3,0.206,0.0579,0.3288281236452094,0.7542903905833999,True,
candidate,reserved_validation,vle_obs_0114,Hilliard2008,vle|Hilliard2008|w=0.17|T=60,333.15,0.17,0.219,0.078,0.4876159924865869,0.7959833381746075,True,
candidate,reserved_validation,vle_obs_0157,Hilliard2008,vle|Hilliard2008|w=0.4|T=60,333.15,0.4,0.225,0.0731,0.5812105345843619,0.9004161004341158,True,
candidate,reserved_validation,vle_obs_0023,Aronu2011,vle|Aronu2011|w=0.15|T=60,333.15,0.15,0.23,0.0965,0.6707481970943541,0.8420322006606004,True,
candidate,reserved_validation,vle_obs_0089,Aronu2011,vle|Aronu2011|w=0.45|T=60,333.15,0.45,0.232,0.0787,0.7097576507648982,0.9551353503000056,True,
candidate,reserved_validation,vle_obs_0024,Aronu2011,vle|Aronu2011|w=0.15|T=60,333.15,0.15,0.253,0.1462,1.2507961372653331,0.932239158753866,True,
candidate,reserved_validation,vle_obs_0090,Aronu2011,vle|Aronu2011|w=0.45|T=60,333.15,0.45,0.269,0.1284,1.8638279281374501,1.1618407913077216,True,
candidate,reserved_validation,vle_0071,Hilliard2008,vle|Hilliard2008|w=0.3|T=60,333.15,0.3,0.291,0.209,3.0837106038442057,1.1689273280633137,True,
candidate,reserved_validation,vle_obs_0158,Hilliard2008,vle|Hilliard2008|w=0.4|T=60,333.15,0.4,0.291,0.199,3.083706550454698,1.1902199669050444,True,
candidate,reserved_validation,vle_obs_0115,Hilliard2008,vle|Hilliard2008|w=0.17|T=60,333.15,0.17,0.307,0.244,4.31219816496314,1.2473088840896052,True,
candidate,reserved_validation,vle_obs_0091,Aronu2011,vle|Aronu2011|w=0.45|T=60,333.15,0.45,0.352,0.4279,9.795719549341618,1.3596940563308404,True,
candidate,reserved_validation,vle_obs_0116,Hilliard2008,vle|Hilliard2008|w=0.17|T=60,333.15,0.17,0.38,0.794,15.114636060087559,1.2795771919912318,True,
candidate,reserved_validation,vle_0072,Hilliard2008,vle|Hilliard2008|w=0.3|T=60,333.15,0.3,0.386,0.763,16.480219369382308,1.3344384503696967,True,
candidate,reserved_validation,vle_0078,Jou1995,vle|Jou1995|w=0.3|T=60,333.15,0.3,0.389,0.528,17.19499556711714,1.5127681456627886,True,
candidate,reserved_validation,vle_obs_0092,Aronu2011,vle|Aronu2011|w=0.45|T=60,333.15,0.45,0.392,1.4259,17.931734480140985,1.0995332305155288,True,
candidate,reserved_validation,vle_obs_0025,Aronu2011,vle|Aronu2011|w=0.15|T=60,333.15,0.15,0.415,1.7998,24.34559138971295,1.1311960811728432,True,
candidate,reserved_validation,vle_obs_0159,Hilliard2008,vle|Hilliard2008|w=0.4|T=60,333.15,0.4,0.415,0.847,24.345654717111987,1.4585380480010148,True,
candidate,reserved_validation,vle_0079,Jou1995,vle|Jou1995|w=0.3|T=60,333.15,0.3,0.438,2.01,32.23285452584406,1.205102710702056,True,
candidate,reserved_validation,vle_obs_0093,Aronu2011,vle|Aronu2011|w=0.45|T=60,333.15,0.45,0.454,4.6349,38.67878526741816,0.9214324578348119,True,
candidate,reserved_validation,vle_obs_0094,Aronu2011,vle|Aronu2011|w=0.45|T=60,333.15,0.45,0.46,6.2928,41.31342388629854,0.8172472599391702,True,
candidate,reserved_validation,vle_obs_0160,Hilliard2008,vle|Hilliard2008|w=0.4|T=60,333.15,0.4,0.464,6.98,43.13807474890271,0.7910053360250134,True,
candidate,reserved_validation,vle_obs_0095,Aronu2011,vle|Aronu2011|w=0.45|T=60,333.15,0.45,0.471,8.29,46.4661002726392,0.7485816947338074,True,
candidate,reserved_validation,vle_obs_0117,Hilliard2008,vle|Hilliard2008|w=0.17|T=60,333.15,0.17,0.477,4.32,49.45887857762486,1.0587605182012527,True,
candidate,reserved_validation,vle_obs_0026,Aronu2011,vle|Aronu2011|w=0.15|T=60,333.15,0.15,0.48,5.409,51.00470227455335,0.9744932353960893,True,
candidate,reserved_validation,vle_0073,Hilliard2008,vle|Hilliard2008|w=0.3|T=60,333.15,0.3,0.485,4.86,53.656053908080665,1.0429824604049185,True,
candidate,reserved_validation,vle_obs_0027,Aronu2011,vle|Aronu2011|w=0.15|T=60,333.15,0.15,0.492,8.2297,57.52815809634937,0.8444964652366963,True,
candidate,reserved_validation,vle_obs_0161,Hilliard2008,vle|Hilliard2008|w=0.4|T=60,333.15,0.4,0.502,26.5,63.395043583467356,0.378809430814102,True,
candidate,reserved_validation,vle_obs_0118,Hilliard2008,vle|Hilliard2008|w=0.17|T=60,333.15,0.17,0.504,14.8,64.61668533660175,0.6400829607109192,True,
candidate,reserved_validation,vle_0080,Jou1995,vle|Jou1995|w=0.3|T=60,333.15,0.3,0.504,11.0,64.61689439626264,0.7689533960539296,True,
candidate,reserved_validation,vle_0074,Hilliard2008,vle|Hilliard2008|w=0.3|T=60,333.15,0.3,0.544,25.8,92.68717704851001,0.5553999491922952,True,
candidate,reserved_validation,vle_0081,Jou1995,vle|Jou1995|w=0.3|T=60,333.15,0.3,0.561,34.0,106.88295032312325,0.4974295162195289,True,
candidate,reserved_validation,vle_obs_0149,Hilliard2008,vle|Hilliard2008|w=0.3|T=60,333.15,0.3,0.565,50.2,110.4355800890019,0.34240529960734795,True,
candidate,reserved_validation,vle_0082,Jou1995,vle|Jou1995|w=0.3|T=60,333.15,0.3,0.579,82.0,123.5266088711806,0.17794666667905762,True,
candidate,reserved_validation,vle_0093,Jou1995,vle|Jou1995|w=0.3|T=60,333.15,0.3,0.668,282.0,234.1149829112108,-0.08081989971697164,True,
candidate,reserved_validation,vle_obs_0096,Aronu2011,vle|Aronu2011|w=0.45|T=80,353.15,0.45,0.017,0.0008,0.00025388759197130347,-0.4984485104981805,True,
candidate,reserved_validation,vle_0094,Jou1995,vle|Jou1995|w=0.3|T=80,353.15,0.3,0.0174,0.00296,0.000267158958409574,-1.044521969475765,True,
candidate,reserved_validation,vle_0095,Jou1995,vle|Jou1995|w=0.3|T=80,353.15,0.3,0.0236,0.00484,0.0005363101530071628,-0.9554293428777872,True,
candidate,reserved_validation,vle_obs_0097,Aronu2011,vle|Aronu2011|w=0.45|T=80,353.15,0.45,0.027,0.0023,0.0007434869519579996,-0.49045448487093757,True,
candidate,reserved_validation,vle_obs_0098,Aronu2011,vle|Aronu2011|w=0.45|T=80,353.15,0.45,0.038,0.0056,0.0018144886796842123,-0.48943376395764726,True,
candidate,reserved_validation,vle_obs_0099,Aronu2011,vle|Aronu2011|w=0.45|T=80,353.15,0.45,0.045,0.006,0.0029361898168517417,-0.31036712225044893,True,
candidate,reserved_validation,vle_obs_0100,Aronu2011,vle|Aronu2011|w=0.45|T=80,353.15,0.45,0.061,0.0099,0.007596979680542935,-0.11499422978861587,True,
candidate,reserved_validation,vle_0096,Jou1995,vle|Jou1995|w=0.3|T=80,353.15,0.3,0.0781,0.0465,0.01816857463444838,-0.40813209562458413,True,
candidate,reserved_validation,vle_obs_0101,Aronu2011,vle|Aronu2011|w=0.45|T=80,353.15,0.45,0.086,0.0288,0.026283074541712585,-0.039716320996324495,True,
candidate,reserved_validation,vle_obs_0028,Aronu2011,vle|Aronu2011|w=0.15|T=80,353.15,0.15,0.103,0.0603,0.055202691082804345,-0.038357062419562694,True,
candidate,reserved_validation,vle_obs_0102,Aronu2011,vle|Aronu2011|w=0.45|T=80,353.15,0.45,0.109,0.0529,0.07072382277051649,0.12611005512920906,True,
candidate,reserved_validation,vle_0097,Jou1995,vle|Jou1995|w=0.3|T=80,353.15,0.3,0.118,0.0992,0.1013648713705444,0.009375801450785828,True,
candidate,reserved_validation,vle_obs_0103,Aronu2011,vle|Aronu2011|w=0.45|T=80,353.15,0.45,0.135,0.1236,0.19341440041449107,0.19447033502173178,True,
candidate,reserved_validation,vle_obs_0029,Aronu2011,vle|Aronu2011|w=0.15|T=80,353.15,0.15,0.147,0.1315,0.29805382429293975,0.3553689457559776,True,
candidate,reserved_validation,vle_0098,Jou1995,vle|Jou1995|w=0.3|T=80,353.15,0.3,0.187,0.278,1.1117093993950067,0.6019464816760814,True,
candidate,reserved_validation,vle_obs_0030,Aronu2011,vle|Aronu2011|w=0.15|T=80,353.15,0.15,0.211,0.3544,2.2434440201261294,0.8014215239909916,True,
candidate,reserved_validation,vle_obs_0104,Aronu2011,vle|Aronu2011|w=0.45|T=80,353.15,0.45,0.236,0.3981,4.352679080988428,1.0387644706223076,True,
candidate,reserved_validation,vle_obs_0031,Aronu2011,vle|Aronu2011|w=0.15|T=80,353.15,0.15,0.242,0.525,5.051141129952212,0.9832301995556529,True,
candidate,reserved_validation,vle_0099,Jou1995,vle|Jou1995|w=0.3|T=80,353.15,0.3,0.348,2.67,39.515198539310276,1.170252906975967,True,
candidate,reserved_validation,vle_obs_0032,Aronu2011,vle|Aronu2011|w=0.15|T=80,353.15,0.15,0.373,3.6374,56.541213934741556,1.1915740660541392,True,
candidate,reserved_validation,vle_obs_0105,Aronu2011,vle|Aronu2011|w=0.45|T=80,353.15,0.45,0.389,4.5002,69.78454816425108,1.1905274555821606,True,
candidate,reserved_validation,vle_obs_0033,Aronu2011,vle|Aronu2011|w=0.15|T=80,353.15,0.15,0.409,6.3092,89.14397183630886,1.1501176856553101,True,
candidate,reserved_validation,vle_obs_0106,Aronu2011,vle|Aronu2011|w=0.45|T=80,353.15,0.45,0.435,11.249,119.3284383521767,1.0256300402842584,True,
candidate,reserved_validation,vle_0100,Jou1995,vle|Jou1995|w=0.3|T=80,353.15,0.3,0.46,16.0,154.0997380491039,0.9836819178150876,True,
candidate,reserved_validation,vle_0101,Jou1995,vle|Jou1995|w=0.3|T=80,353.15,0.3,0.517,56.0,256.33973447420277,0.6606279031163249,True,
candidate,reserved_validation,vle_0102,Jou1995,vle|Jou1995|w=0.3|T=80,353.15,0.3,0.5785,235.0,405.37718717501866,0.23679144261121476,True,
candidate,reserved_validation,vle_0103,Jou1995,vle|Jou1995|w=0.3|T=80,353.15,0.3,0.64,558.0,596.5774037989667,0.02903260089090123,True,
candidate,reserved_validation,vle_0104,Jou1995,vle|Jou1995|w=0.3|T=80,353.15,0.3,0.689,958.0,778.9572644385108,-0.08985187724377931,True,
candidate,reserved_validation,vle_0105,Jou1995,vle|Jou1995|w=0.3|T=100,373.15,0.3,0.0117,0.00724,0.0008128617801433458,-0.9497218622074661,True,
candidate,reserved_validation,vle_0106,Jou1995,vle|Jou1995|w=0.3|T=100,373.15,0.3,0.0566,0.136,0.04019021718669378,-0.5294185552578594,True,
candidate,reserved_validation,vle_0107,Jou1995,vle|Jou1995|w=0.3|T=100,373.15,0.3,0.188,1.43,6.050082881097559,0.6264252867009233,True,
candidate,reserved_validation,vle_0120,Xu2011,vle|Xu2011|nominal_T=100,373.15,0.3,0.315,16.0,92.15891759578237,0.7604173826751712,True,
candidate,reserved_validation,vle_0122,Xu2011,vle|Xu2011|nominal_T=100,373.15,0.3,0.315,12.0,92.1651412423985,0.8853854469295828,True,
candidate,reserved_validation,vle_0108,Jou1995,vle|Jou1995|w=0.3|T=100,373.15,0.3,0.381,19.0,224.8933910415934,1.0732230920268646,True,
candidate,reserved_validation,vle_0115,Xu2011,vle|Xu2011|w=0.3|T=100.0,373.15,0.3,0.388,34.0,243.68668377711697,0.8553528808329697,True,
candidate,reserved_validation,vle_0109,Jou1995,vle|Jou1995|w=0.3|T=100,373.15,0.3,0.422,39.0,348.3741429384099,0.9509813062554582,True,
candidate,reserved_validation,vle_0116,Xu2011,vle|Xu2011|w=0.3|T=100.0,373.15,0.3,0.424,101.0,355.2682008155706,0.5462349628134479,True,
candidate,reserved_validation,vle_0117,Xu2011,vle|Xu2011|w=0.3|T=100.0,373.15,0.3,0.425,86.0,358.7305511234295,0.6202699134985151,True,
candidate,reserved_validation,vle_0121,Xu2011,vle|Xu2011|nominal_T=100,373.15,0.3,0.475,95.0,556.6323640176245,0.7678448484261131,True,
candidate,reserved_validation,vle_0110,Jou1995,vle|Jou1995|w=0.3|T=100,373.15,0.3,0.477,69.0,565.6514110010909,0.9136997840604263,True,
candidate,reserved_validation,vle_0111,Jou1995,vle|Jou1995|w=0.3|T=100,373.15,0.3,0.481,109.0,583.715852068547,0.7287749897372159,True,
candidate,reserved_validation,vle_0118,Xu2011,vle|Xu2011|w=0.3|T=100.0,373.15,0.3,0.501,167.0,678.5068911424523,0.6088377917102848,True,
candidate,reserved_validation,vle_0119,Xu2011,vle|Xu2011|w=0.3|T=100.0,373.15,0.3,0.52,233.0,775.3362748956487,0.5221341823275629,True,
candidate,reserved_validation,vle_0112,Jou1995,vle|Jou1995|w=0.3|T=100,373.15,0.3,0.571,509.0,1065.4461354645455,0.3208137161415836,True,
candidate,reserved_validation,vle_0113,Jou1995,vle|Jou1995|w=0.3|T=100,373.15,0.3,0.589,376.0,1177.8632516105085,0.4959070274263685,True,
candidate,reserved_validation,vle_0114,Jou1995,vle|Jou1995|w=0.3|T=100,373.15,0.3,0.6135,909.0,1337.9802823870027,0.16788583012492025,True,
candidate,reserved_validation,vle_0123,Jou1995,vle|Jou1995|w=0.3|T=120,393.15,0.3,0.00333,0.00202,0.0005288925330015937,-0.5819839338307322,True,
candidate,reserved_validation,vle_0124,Jou1995,vle|Jou1995|w=0.3|T=120,393.15,0.3,0.0112,0.0221,0.004536292437838343,-0.6876912295538623,True,
candidate,reserved_validation,vle_0125,Jou1995,vle|Jou1995|w=0.3|T=120,393.15,0.3,0.0247,0.0984,0.025597485278066014,-0.5847977965376031,True,
candidate,reserved_validation,vle_0126,Jou1995,vle|Jou1995|w=0.3|T=120,393.15,0.3,0.119,2.29,3.4256860792904393,0.17491208052825824,True,
candidate,reserved_validation,vle_0159,Xu2011,vle|Xu2011|nominal_T=120,393.15,0.3,0.314,50.0,309.68493379736384,0.7919500730652353,True,
candidate,reserved_validation,vle_0161,Xu2011,vle|Xu2011|nominal_T=120,393.15,0.3,0.314,45.0,309.7551576610545,0.8378060326693255,True,
candidate,reserved_validation,vle_0127,Jou1995,vle|Jou1995|w=0.3|T=120,393.15,0.3,0.349,46.8,478.79483272956713,1.0099036016737306,True,
candidate,reserved_validation,vle_0152,Xu2011,vle|Xu2011|w=0.3|T=120.0,393.15,0.3,0.37,63.0,600.9586183023121,0.9795040182867463,True,
candidate,reserved_validation,vle_0153,Xu2011,vle|Xu2011|w=0.3|T=120.0,393.15,0.3,0.385,108.0,697.4064444982148,0.8100622007406791,True,
candidate,reserved_validation,vle_0154,Xu2011,vle|Xu2011|w=0.3|T=120.0,393.15,0.3,0.387,62.0,710.8691728981178,1.0593979917991565,True,
candidate,reserved_validation,vle_0128,Jou1995,vle|Jou1995|w=0.3|T=120,393.15,0.3,0.4115,122.0,885.5609001562351,0.8608586023751645,True,
candidate,reserved_validation,vle_0155,Xu2011,vle|Xu2011|w=0.3|T=120.0,393.15,0.3,0.422,237.0,966.1854978787142,0.6103121685743477,True,
candidate,reserved_validation,vle_0156,Xu2011,vle|Xu2011|w=0.3|T=120.0,393.15,0.3,0.423,192.0,974.0827582170292,0.7052946274668008,True,
candidate,reserved_validation,vle_0129,Jou1995,vle|Jou1995|w=0.3|T=120,393.15,0.3,0.444,222.0,1145.2299694218639,0.7125397300615476,True,
candidate,reserved_validation,vle_0160,Xu2011,vle|Xu2011|nominal_T=120,393.15,0.3,0.467,283.0,1346.3841903790947,0.6773825678657652,True,
candidate,reserved_validation,vle_0130,Jou1995,vle|Jou1995|w=0.3|T=120,393.15,0.3,0.473,422.0,1401.198851423965,0.5211873216888064,True,
candidate,reserved_validation,vle_0157,Xu2011,vle|Xu2011|w=0.3|T=120.0,393.15,0.3,0.492,387.0,1579.74807544631,0.610876869931147,True,
candidate,reserved_validation,vle_0158,Xu2011,vle|Xu2011|w=0.3|T=120.0,393.15,0.3,0.508,512.0,1736.404636587462,0.5303809758554602,True,
candidate,reserved_validation,vle_0131,Jou1995,vle|Jou1995|w=0.3|T=120,393.15,0.3,0.536,822.0,2022.6065968945013,0.3910396018533457,True,
candidate,reserved_validation,vle_0132,Jou1995,vle|Jou1995|w=0.3|T=120,393.15,0.3,0.639,2804.0,3179.7936129604245,0.054620923374967705,True,
