target_family,record_id,source,group_id,split,observable,observed,predicted,unit,raw_residual,scaled_residual,accepted,failure_reason,uncertainty,parameter_set
speciation,Bottinger2008_state_030,Bottinger,speciation|Bottinger2008|w=0.3|T=20,training,MEACOO-,0.0086,0.007944825662673589,mole_fraction,-0.03441407953900591,-0.0019483135956620914,True,,,baseline
speciation,Bottinger2008_state_030,Bottinger,speciation|Bottinger2008|w=0.3|T=20,training,MEA + MEAH+,0.1054,0.10430134443639594,mole_fraction,-0.004550704391081103,-0.00025763290356010504,True,,,baseline
speciation,Matin2012_state_001,Matin,speciation|Matin2012|w=0.3|T=20,training,MEA,0.0915,0.08841222801925952,mole_fraction,-0.01490875898517937,-0.0007648031987624532,True,,,baseline
speciation,Matin2012_state_001,Matin,speciation|Matin2012|w=0.3|T=20,training,MEAH+,0.0115,0.012471586954969128,mole_fraction,0.03522387871715615,0.0018069468520137597,True,,,baseline
speciation,Matin2012_state_001,Matin,speciation|Matin2012|w=0.3|T=20,training,MEACOO-,0.0097,0.011362354301631142,mole_fraction,0.06869659308339995,0.003524060868278554,True,,,baseline
speciation,Matin2012_state_001,Matin,speciation|Matin2012|w=0.3|T=20,training,HCO3-,0.0024,9.314106363830173e-06,mole_fraction,-2.411070048595808,-0.12368528376100997,True,,,baseline
speciation,Matin2012_state_001,Matin,speciation|Matin2012|w=0.3|T=20,training,MEA + MEAH+,0.103,0.10088381497422864,mole_fraction,-0.009015727756632804,-0.00046249707532992543,True,,,baseline
speciation,Matin2012_state_002,Matin,speciation|Matin2012|w=0.3|T=20,training,MEA,0.0867,0.08348700800991138,mole_fraction,-0.016400200299244872,-0.0008413125238442853,True,,,baseline
speciation,Matin2012_state_002,Matin,speciation|Matin2012|w=0.3|T=20,training,MEAH+,0.0139,0.01495822365405024,mole_fraction,0.03186522221493179,0.0016346514088451483,True,,,baseline
speciation,Matin2012_state_002,Matin,speciation|Matin2012|w=0.3|T=20,training,MEACOO-,0.0124,0.013800937549756274,mole_fraction,0.04648690550385347,0.002384727935119093,True,,,baseline
speciation,Matin2012_state_002,Matin,speciation|Matin2012|w=0.3|T=20,training,HCO3-,0.0022,1.2298754047074763e-05,mole_fraction,-2.2525615643330865,-0.11555397008724085,True,,,baseline
speciation,Matin2012_state_002,Matin,speciation|Matin2012|w=0.3|T=20,training,MEA + MEAH+,0.1006,0.09844523166396162,mole_fraction,-0.009403295412669562,-0.00048237887658303033,True,,,baseline
speciation,Bottinger2008_state_031,Bottinger,speciation|Bottinger2008|w=0.3|T=20,training,MEACOO-,0.0171,0.016246560342309854,mole_fraction,-0.022234682460436608,-0.0012587910155725012,True,,,baseline
speciation,Bottinger2008_state_031,Bottinger,speciation|Bottinger2008|w=0.3|T=20,training,MEA + MEAH+,0.0966,0.09599960914358299,mole_fraction,-0.00270766157520284,-0.0001532911508918978,True,,,baseline
speciation,Matin2012_state_003,Matin,speciation|Matin2012|w=0.3|T=20,training,MEA,0.0817,0.07855943426476841,mole_fraction,-0.017023709255736628,-0.0008732978584288726,True,,,baseline
speciation,Matin2012_state_003,Matin,speciation|Matin2012|w=0.3|T=20,training,MEAH+,0.0162,0.017440174627146678,mole_fraction,0.03203581463341886,0.0016434026152650275,True,,,baseline
speciation,Matin2012_state_003,Matin,speciation|Matin2012|w=0.3|T=20,training,MEACOO-,0.0151,0.016246560360883445,mole_fraction,0.03178448113504726,0.0016305094788408728,True,,,baseline
speciation,Matin2012_state_003,Matin,speciation|Matin2012|w=0.3|T=20,training,HCO3-,0.002,1.5826259336161782e-05,mole_fraction,-2.101651717670619,-0.10781245829763175,True,,,baseline
speciation,Matin2012_state_003,Matin,speciation|Matin2012|w=0.3|T=20,training,MEA + MEAH+,0.0979,0.09599960889191508,mole_fraction,-0.008513228101372646,-0.00043671938691856665,True,,,baseline
speciation,Matin2012_state_004,Matin,speciation|Matin2012|w=0.3|T=20,training,MEA,0.0768,0.07340659088065828,mole_fraction,-0.0196261648212176,-0.0010068010120512227,True,,,baseline
speciation,Matin2012_state_004,Matin,speciation|Matin2012|w=0.3|T=20,training,MEAH+,0.0186,0.020031211993399283,mole_fraction,0.03219428296488902,0.0016515318691439993,True,,,baseline
speciation,Matin2012_state_004,Matin,speciation|Matin2012|w=0.3|T=20,training,MEACOO-,0.0177,0.01880836632133811,mole_fraction,0.026377808378346346,0.0013531530185816878,True,,,baseline
speciation,Matin2012_state_004,Matin,speciation|Matin2012|w=0.3|T=20,training,HCO3-,0.002,2.0238003023763353e-05,mole_fraction,-1.9948623392031215,-0.10233427877061772,True,,,baseline
speciation,Matin2012_state_004,Matin,speciation|Matin2012|w=0.3|T=20,training,MEA + MEAH+,0.0954,0.09343780287405756,mole_fraction,-0.009025756953016523,-0.0004630115622488507,True,,,baseline
speciation,Matin2012_state_005,Matin,speciation|Matin2012|w=0.3|T=20,training,MEA,0.0718,0.06847733296315495,mole_fraction,-0.020577607029113633,-0.0010556089674792944,True,,,baseline
speciation,Matin2012_state_005,Matin,speciation|Matin2012|w=0.3|T=20,training,MEAH+,0.021,0.022507014011225197,mole_fraction,0.03009858656305738,0.0015440249121028986,True,,,baseline
speciation,Matin2012_state_005,Matin,speciation|Matin2012|w=0.3|T=20,training,MEACOO-,0.0203,0.021261822241371835,mole_fraction,0.020104445014354808,0.001031336268270717,True,,,baseline
speciation,Matin2012_state_005,Matin,speciation|Matin2012|w=0.3|T=20,training,HCO3-,0.002,2.5331654665461532e-05,mole_fraction,-1.8973664368008343,-0.09733284450653003,True,,,baseline
speciation,Matin2012_state_005,Matin,speciation|Matin2012|w=0.3|T=20,training,MEA + MEAH+,0.0928,0.09098434697438014,mole_fraction,-0.008581293869055331,-0.00044021108712659124,True,,,baseline
speciation,Matin2012_state_006,Matin,speciation|Matin2012|w=0.3|T=20,training,MEA,0.0668,0.06332419815066934,mole_fraction,-0.023206763277775277,-0.0011904818372481074,True,,,baseline
speciation,Matin2012_state_006,Matin,speciation|Matin2012|w=0.3|T=20,training,MEAH+,0.0234,0.025093465948839766,mole_fraction,0.030344793481895286,0.0015566550605459627,True,,,baseline
speciation,Matin2012_state_006,Matin,speciation|Matin2012|w=0.3|T=20,training,MEACOO-,0.0228,0.023828505084246693,mole_fraction,0.019161950107754195,0.0009829872997145796,True,,,baseline
speciation,Matin2012_state_006,Matin,speciation|Matin2012|w=0.3|T=20,training,HCO3-,0.0021,3.182892634749724e-05,mole_fraction,-1.8193973054758328,-0.09333311246301323,True,,,baseline
speciation,Matin2012_state_006,Matin,speciation|Matin2012|w=0.3|T=20,training,MEA + MEAH+,0.0902,0.0884176640995091,mole_fraction,-0.008667500418070987,-0.0004446333897814928,True,,,baseline
speciation,Bottinger2008_state_032,Bottinger,speciation|Bottinger2008|w=0.3|T=20,training,MEACOO-,0.0267,0.025725987496022718,mole_fraction,-0.01613920714905689,-0.0009137026802089696,True,,,baseline
speciation,Bottinger2008_state_032,Bottinger,speciation|Bottinger2008|w=0.3|T=20,training,MEA + MEAH+,0.0871,0.08652018167156737,mole_fraction,-0.0029007323257180277,-0.00016422162973056819,True,,,baseline
speciation,Matin2012_state_007,Matin,speciation|Matin2012|w=0.3|T=20,training,MEA,0.0618,0.05817187275158165,mole_fraction,-0.026275429640355567,-0.0013479011001370708,True,,,baseline
speciation,Matin2012_state_007,Matin,speciation|Matin2012|w=0.3|T=20,training,MEAH+,0.0257,0.027678635800592714,mole_fraction,0.032211557869791976,0.0016524180530672374,True,,,baseline
speciation,Matin2012_state_007,Matin,speciation|Matin2012|w=0.3|T=20,training,MEACOO-,0.0252,0.02639566053642416,mole_fraction,0.020131993664345135,0.0010327494841966792,True,,,baseline
speciation,Matin2012_state_007,Matin,speciation|Matin2012|w=0.3|T=20,training,HCO3-,0.0023,3.988749786099388e-05,mole_fraction,-1.7608910421054922,-0.09033180447904512,True,,,baseline
speciation,Matin2012_state_007,Matin,speciation|Matin2012|w=0.3|T=20,training,MEA + MEAH+,0.0875,0.08585050855217437,mole_fraction,-0.008265180889979774,-0.0004239948334593578,True,,,baseline
speciation,Matin2012_state_008,Matin,speciation|Matin2012|w=0.3|T=20,training,MEA,0.0568,0.05302105599408489,mole_fraction,-0.029899962599931062,-0.0015338357177842505,True,,,baseline
speciation,Matin2012_state_008,Matin,speciation|Matin2012|w=0.3|T=20,training,MEAH+,0.0281,0.03026297241855743,mole_fraction,0.03220526212905446,0.001652095088381886,True,,,baseline
speciation,Matin2012_state_008,Matin,speciation|Matin2012|w=0.3|T=20,training,MEACOO-,0.0276,0.02896214066131307,mole_fraction,0.020921576393513837,0.0010732542235620493,True,,,baseline
speciation,Matin2012_state_008,Matin,speciation|Matin2012|w=0.3|T=20,training,HCO3-,0.0026,5.002567254435915e-05,mole_fraction,-1.7157804119751001,-0.08801767798091001,True,,,baseline
speciation,Matin2012_state_008,Matin,speciation|Matin2012|w=0.3|T=20,training,MEA + MEAH+,0.0849,0.08328402841264232,mole_fraction,-0.008345966596071838,-0.0004281390527397764,True,,,baseline
speciation,Matin2012_state_009,Matin,speciation|Matin2012|w=0.3|T=20,training,MEA,0.0518,0.047872625750050524,mole_fraction,-0.03424251113347625,-0.0017566037571990752,True,,,baseline
speciation,Matin2012_state_009,Matin,speciation|Matin2012|w=0.3|T=20,training,MEAH+,0.0304,0.032846875122187404,mole_fraction,0.03362047577431955,0.0017246940165627609,True,,,baseline
speciation,Matin2012_state_009,Matin,speciation|Matin2012|w=0.3|T=20,training,MEACOO-,0.0299,0.03152666809992196,mole_fraction,0.023006886379072545,0.0011802283686905613,True,,,baseline
speciation,Matin2012_state_009,Matin,speciation|Matin2012|w=0.3|T=20,training,HCO3-,0.003,6.29942366120882e-05,mole_fraction,-1.677820437362345,-0.08607037237099056,True,,,baseline
speciation,Matin2012_state_009,Matin,speciation|Matin2012|w=0.3|T=20,training,MEA + MEAH+,0.0822,0.08071950087223792,mole_fraction,-0.007893349755981036,-0.0004049202987536588,True,,,baseline
speciation,Bottinger2008_state_033,Bottinger,speciation|Bottinger2008|w=0.3|T=20,training,MEACOO-,0.0349,0.03397652859853157,mole_fraction,-0.011646422276544584,-0.0006593488236840727,True,,,baseline
speciation,Bottinger2008_state_033,Bottinger,speciation|Bottinger2008|w=0.3|T=20,training,MEA + MEAH+,0.078,0.07826964026637681,mole_fraction,0.0014987350812805263,8.48491656400387e-05,True,,,baseline
speciation,Matin2012_state_010,Matin,speciation|Matin2012|w=0.3|T=20,training,MEA,0.0469,0.04272779768985598,mole_fraction,-0.040462334072743834,-0.002075673941673635,True,,,baseline
speciation,Matin2012_state_010,Matin,speciation|Matin2012|w=0.3|T=20,training,MEAH+,0.0327,0.03543057841228551,mole_fraction,0.03483048968738143,0.0017867664205889276,True,,,baseline
speciation,Matin2012_state_010,Matin,speciation|Matin2012|w=0.3|T=20,training,MEACOO-,0.0321,0.03408779273507269,mole_fraction,0.026093848143078618,0.001338586165869803,True,,,baseline
speciation,Matin2012_state_010,Matin,speciation|Matin2012|w=0.3|T=20,training,HCO3-,0.0034,7.991662450332825e-05,mole_fraction,-1.628841785049269,-0.08355782052161449,True,,,baseline
speciation,Matin2012_state_010,Matin,speciation|Matin2012|w=0.3|T=20,training,MEA + MEAH+,0.0796,0.07815837610214149,mole_fraction,-0.007937540276767765,-0.0004071872246383865,True,,,baseline
speciation,Matin2012_state_011,Matin,speciation|Matin2012|w=0.3|T=20,training,MEA,0.0419,0.037365101580340974,mole_fraction,-0.049747855704454454,-0.0025520111507713107,True,,,baseline
speciation,Matin2012_state_011,Matin,speciation|Matin2012|w=0.3|T=20,training,MEAH+,0.0349,0.03812662590511319,mole_fraction,0.038402946223526226,0.0019700295740814116,True,,,baseline
speciation,Matin2012_state_011,Matin,speciation|Matin2012|w=0.3|T=20,training,MEACOO-,0.0342,0.03675444110725358,mole_fraction,0.03128371714209105,0.001604820828027033,True,,,baseline
speciation,Matin2012_state_011,Matin,speciation|Matin2012|w=0.3|T=20,training,HCO3-,0.004,0.00010369532243379588,mole_fraction,-1.586300824977575,-0.08137551531609064,True,,,baseline
speciation,Matin2012_state_011,Matin,speciation|Matin2012|w=0.3|T=20,training,MEA + MEAH+,0.0768,0.07549172748545416,mole_fraction,-0.007461856538205734,-0.00038278516372820755,True,,,baseline
speciation,Matin2012_state_012,Matin,speciation|Matin2012|w=0.3|T=20,training,MEA,0.0371,0.03201168545478944,mole_fraction,-0.06406536872788672,-0.0032864840716582493,True,,,baseline
speciation,Matin2012_state_012,Matin,speciation|Matin2012|w=0.3|T=20,training,MEAH+,0.0372,0.0408228113961761,mole_fraction,0.04035997063538068,0.002070422808134654,True,,,baseline
speciation,Matin2012_state_012,Matin,speciation|Matin2012|w=0.3|T=20,training,MEACOO-,0.0362,0.0394116713264477,mole_fraction,0.0369162818016837,0.0018937652984001303,True,,,baseline
speciation,Matin2012_state_012,Matin,speciation|Matin2012|w=0.3|T=20,training,HCO3-,0.0046,0.00013700173295544266,mole_fraction,-1.5260317710344655,-0.07828377808377651,True,,,baseline
speciation,Matin2012_state_012,Matin,speciation|Matin2012|w=0.3|T=20,training,MEA + MEAH+,0.0743,0.07283449685096555,mole_fraction,-0.008651689344262078,-0.0004438222988089347,True,,,baseline
speciation,Matin2012_state_013,Matin,speciation|Matin2012|w=0.3|T=20,training,MEA,0.0322,0.02667353741089146,mole_fraction,-0.08177525660002097,-0.004194982150391506,True,,,baseline
speciation,Matin2012_state_013,Matin,speciation|Matin2012|w=0.3|T=20,training,MEAH+,0.0394,0.04351918100825153,mole_fraction,0.043184491910875554,0.0022153176923177384,True,,,baseline
speciation,Matin2012_state_013,Matin,speciation|Matin2012|w=0.3|T=20,training,MEACOO-,0.0381,0.042053448970908014,mole_fraction,0.042876644139852975,0.0021995254348773966,True,,,baseline
speciation,Matin2012_state_013,Matin,speciation|Matin2012|w=0.3|T=20,training,HCO3-,0.0053,0.00018577566608888137,mole_fraction,-1.4552870424804338,-0.07465465008274766,True,,,baseline
speciation,Matin2012_state_013,Matin,speciation|Matin2012|w=0.3|T=20,training,MEA + MEAH+,0.0716,0.07019271841914299,mole_fraction,-0.008620960240819613,-0.000442245929063387,True,,,baseline
speciation,Bottinger2008_state_034,Bottinger,speciation|Bottinger2008|w=0.3|T=20,training,MEACOO-,0.043,0.04271031729810811,mole_fraction,-0.002935657734930466,-0.00016619889166853547,True,,,baseline
speciation,Bottinger2008_state_034,Bottinger,speciation|Bottinger2008|w=0.3|T=20,training,MEA + MEAH+,0.0678,0.0695358498780689,mole_fraction,0.010979073169871694,0.0006215676203219413,True,,,baseline
speciation,Matin2012_state_014,Matin,speciation|Matin2012|w=0.3|T=20,training,MEA,0.0274,0.02136242114663076,mole_fraction,-0.1081000901645658,-0.00554541761836489,True,,,baseline
speciation,Matin2012_state_014,Matin,speciation|Matin2012|w=0.3|T=20,training,MEAH+,0.0415,0.04621561222158046,mole_fraction,0.04674061382926206,0.002397742897599743,True,,,baseline
speciation,Matin2012_state_014,Matin,speciation|Matin2012|w=0.3|T=20,training,MEACOO-,0.04,0.044668132379665854,mole_fraction,0.04793780322667054,0.002459157417854091,True,,,baseline
speciation,Matin2012_state_014,Matin,speciation|Matin2012|w=0.3|T=20,training,HCO3-,0.0061,0.00026173725672766317,mole_fraction,-1.3674642887576174,-0.07014943787574188,True,,,baseline
speciation,Matin2012_state_014,Matin,speciation|Matin2012|w=0.3|T=20,training,MEA + MEAH+,0.0689,0.06757803336821122,mole_fraction,-0.008413672967734704,-0.00043161231632099295,True,,,baseline
speciation,Matin2012_state_015,Matin,speciation|Matin2012|w=0.3|T=20,training,MEA,0.0227,0.015887568088695205,mole_fraction,-0.1549684323891231,-0.007949712844390607,True,,,baseline
speciation,Matin2012_state_015,Matin,speciation|Matin2012|w=0.3|T=20,training,MEAH+,0.0436,0.04902402332158147,mole_fraction,0.05092246094940091,0.0026122671284493477,True,,,baseline
speciation,Matin2012_state_015,Matin,speciation|Matin2012|w=0.3|T=20,training,MEACOO-,0.0417,0.0473345701449767,mole_fraction,0.05504238257951596,0.0028236146486886188,True,,,baseline
speciation,Matin2012_state_015,Matin,speciation|Matin2012|w=0.3|T=20,training,HCO3-,0.007,0.000398530987317393,mole_fraction,-1.2446359449025817,-0.06384847678485497,True,,,baseline
speciation,Matin2012_state_015,Matin,speciation|Matin2012|w=0.3|T=20,training,MEA + MEAH+,0.0663,0.06491159141027668,mole_fraction,-0.009191271727364754,-0.0004715022910204279,True,,,baseline
speciation,Matin2012_state_016,Matin,speciation|Matin2012|w=0.3|T=20,training,MEA,0.0181,0.010763027978429924,mole_fraction,-0.22574410564607977,-0.011580428275185094,True,,,baseline
speciation,Matin2012_state_016,Matin,speciation|Matin2012|w=0.3|T=20,training,MEAH+,0.0457,0.05171839674785399,mole_fraction,0.05372885337067415,0.002756232022033457,True,,,baseline
speciation,Matin2012_state_016,Matin,speciation|Matin2012|w=0.3|T=20,training,MEACOO-,0.0433,0.049764723908251776,mole_fraction,0.06043370261861183,0.0031001835311523815,True,,,baseline
speciation,Matin2012_state_016,Matin,speciation|Matin2012|w=0.3|T=20,training,HCO3-,0.008,0.0006611405652108722,mole_fraction,-1.082796182263648,-0.05554627213614769,True,,,baseline
speciation,Matin2012_state_016,Matin,speciation|Matin2012|w=0.3|T=20,training,MEA + MEAH+,0.0638,0.06248142472628391,mole_fraction,-0.009069754783596175,-0.0004652686033345224,True,,,baseline
speciation,Bottinger2008_state_035,Bottinger,speciation|Bottinger2008|w=0.3|T=20,training,MEACOO-,0.0493,0.0514447388433827,mole_fraction,0.01849404761288156,0.0010470192690221237,True,,,baseline
speciation,Bottinger2008_state_035,Bottinger,speciation|Bottinger2008|w=0.3|T=20,training,MEA + MEAH+,0.062,0.06080137248739321,mole_fraction,-0.008478306656871897,-0.0004799895958005647,True,,,baseline
speciation,Matin2012_state_017,Matin,speciation|Matin2012|w=0.3|T=20,training,MEA,0.0135,0.005852015101874817,mole_fraction,-0.36302833028772796,-0.01862296040344141,True,,,baseline
speciation,Matin2012_state_017,Matin,speciation|Matin2012|w=0.3|T=20,training,MEAH+,0.0477,0.05451777759581945,mole_fraction,0.05801976457254909,0.0029763511222256262,True,,,baseline
speciation,Matin2012_state_017,Matin,speciation|Matin2012|w=0.3|T=20,training,MEACOO-,0.0448,0.0518762903014112,mole_fraction,0.06369089791600728,0.003267274124334446,True,,,baseline
speciation,Matin2012_state_017,Matin,speciation|Matin2012|w=0.3|T=20,training,HCO3-,0.0091,0.0013609352922313415,mole_fraction,-0.8252039158282188,-0.04233206768478261,True,,,baseline
speciation,Matin2012_state_017,Matin,speciation|Matin2012|w=0.3|T=20,training,MEA + MEAH+,0.0612,0.06036979269769427,mole_fraction,-0.0059317376023754744,-0.0003042917185143366,True,,,baseline
speciation,Matin2012_state_018,Matin,speciation|Matin2012|w=0.3|T=20,training,MEA,0.009,0.0024318789733009318,mole_fraction,-0.5683005517232687,-0.029153203177306155,True,,,baseline
speciation,Matin2012_state_018,Matin,speciation|Matin2012|w=0.3|T=20,training,MEAH+,0.0496,0.05728839724538154,mole_fraction,0.06258499569442166,0.00321054253739096,True,,,baseline
speciation,Matin2012_state_018,Matin,speciation|Matin2012|w=0.3|T=20,training,MEACOO-,0.0462,0.05252529421851203,mole_fraction,0.05572651821331407,0.002858710066196965,True,,,baseline
speciation,Matin2012_state_018,Matin,speciation|Matin2012|w=0.3|T=20,training,HCO3-,0.0102,0.003543776497759268,mole_fraction,-0.4591338481774623,-0.023553069446981406,True,,,baseline
speciation,Matin2012_state_018,Matin,speciation|Matin2012|w=0.3|T=20,training,MEA + MEAH+,0.0586,0.05972027621868247,mole_fraction,0.00822419174173192,0.0004218921345207224,True,,,baseline
speciation,Bottinger2008_state_036,Bottinger,speciation|Bottinger2008|w=0.3|T=20,training,MEACOO-,0.0467,0.051559303671684355,mole_fraction,0.04299016284009497,0.001987220980262936,True,,,baseline
speciation,Bottinger2008_state_036,Bottinger,speciation|Bottinger2008|w=0.3|T=20,training,HCO3-,0.0106,0.006672333688203003,mole_fraction,-0.20102810771281132,-0.009292527566256911,True,,,baseline
speciation,Bottinger2008_state_036,Bottinger,speciation|Bottinger2008|w=0.3|T=20,training,MEA + MEAH+,0.0637,0.06068463148061694,mole_fraction,-0.021060713389469386,-0.0009735318208151648,True,,,baseline
speciation,Matin2012_state_019,Matin,speciation|Matin2012|w=0.3|T=20,training,MEA,0.0046,0.0011084167369058916,mole_fraction,-0.618054756748397,-0.03170554004135556,True,,,baseline
speciation,Matin2012_state_019,Matin,speciation|Matin2012|w=0.3|T=20,training,MEAH+,0.0515,0.060117319823631055,mole_fraction,0.06719238140072824,0.003446896437109816,True,,,baseline
speciation,Matin2012_state_019,Matin,speciation|Matin2012|w=0.3|T=20,training,MEACOO-,0.0475,0.051017138536183185,mole_fraction,0.03102248649923559,0.0015914199788034835,True,,,baseline
speciation,Matin2012_state_019,Matin,speciation|Matin2012|w=0.3|T=20,training,HCO3-,0.0114,0.008008827139143106,mole_fraction,-0.15333593129390202,-0.007865967305218,True,,,baseline
speciation,Matin2012_state_019,Matin,speciation|Matin2012|w=0.3|T=20,training,MEA + MEAH+,0.0561,0.061225736560536946,mole_fraction,0.03797115724051088,0.0019478792666192811,True,,,baseline
speciation,Bottinger2008_state_037,Bottinger,speciation|Bottinger2008|w=0.3|T=20,training,MEACOO-,0.04,0.04349894039439063,mole_fraction,0.03641868662727376,0.0016834543848678234,True,,,baseline
speciation,Bottinger2008_state_037,Bottinger,speciation|Bottinger2008|w=0.3|T=20,training,HCO3-,0.0254,0.02411791401008484,mole_fraction,-0.022493974225043022,-0.0010397843263763842,True,,,baseline
speciation,Bottinger2008_state_037,Bottinger,speciation|Bottinger2008|w=0.3|T=20,training,MEA + MEAH+,0.0696,0.0687072861039969,mole_fraction,-0.005606445098701639,-0.00025915801636464776,True,,,baseline
speciation,Bottinger2008_state_038,Bottinger,speciation|Bottinger2008|w=0.3|T=20,training,MEACOO-,0.0324,0.03436076860891434,mole_fraction,0.0255178597045376,0.001179563482112906,True,,,baseline
speciation,Bottinger2008_state_038,Bottinger,speciation|Bottinger2008|w=0.3|T=20,training,HCO3-,0.041,0.04271009661057937,mole_fraction,0.017746697085783414,0.0008203413629861467,True,,,baseline
speciation,Bottinger2008_state_038,Bottinger,speciation|Bottinger2008|w=0.3|T=20,training,MEA + MEAH+,0.0747,0.07770519961814867,mole_fraction,0.017129478631797163,0.000791810429857813,True,,,baseline
speciation,Bottinger2008_state_039,Bottinger,speciation|Bottinger2008|w=0.3|T=20,training,MEACOO-,0.0198,0.02410676179615405,mole_fraction,0.08547368629128148,0.003951022546488959,True,,,baseline
speciation,Bottinger2008_state_039,Bottinger,speciation|Bottinger2008|w=0.3|T=20,training,HCO3-,0.0625,0.06305598462839121,mole_fraction,0.0038462943063905597,0.00017779501720790208,True,,,baseline
speciation,Bottinger2008_state_039,Bottinger,speciation|Bottinger2008|w=0.3|T=20,training,MEA + MEAH+,0.0835,0.08751227277168717,mole_fraction,0.020382487518859675,0.0009421808188558121,True,,,baseline
speciation,Bottinger2008_state_040,Bottinger,speciation|Bottinger2008|w=0.3|T=20,training,CO2,0.0046,0.010610386766481203,mole_fraction,0.3629733832741615,0.014530564436019444,True,,,baseline
speciation,Bottinger2008_state_040,Bottinger,speciation|Bottinger2008|w=0.3|T=20,training,MEACOO-,0.0118,0.01833517961701327,mole_fraction,0.19140316149257572,0.007662258720565774,True,,,baseline
speciation,Bottinger2008_state_040,Bottinger,speciation|Bottinger2008|w=0.3|T=20,training,HCO3-,0.0785,0.07414666898771649,mole_fraction,-0.024778011465117246,-0.0009919143077176268,True,,,baseline
speciation,Bottinger2008_state_040,Bottinger,speciation|Bottinger2008|w=0.3|T=20,training,MEA + MEAH+,0.0883,0.09272001430266132,mole_fraction,0.021212786370706165,0.0008491910796507232,True,,,baseline
speciation,Bottinger2008_state_041,Bottinger,speciation|Bottinger2008|w=0.3|T=20,training,CO2,0.0066,0.01346097114044358,mole_fraction,0.3095324576092011,0.012391215244928193,True,,,baseline
speciation,Bottinger2008_state_041,Bottinger,speciation|Bottinger2008|w=0.3|T=20,training,MEACOO-,0.0114,0.016203328599853763,mole_fraction,0.15269938814794687,0.006112867777824283,True,,,baseline
speciation,Bottinger2008_state_041,Bottinger,speciation|Bottinger2008|w=0.3|T=20,training,HCO3-,0.0876,0.07812583252839513,mole_fraction,-0.04970944784076094,-0.001989970527352831,True,,,baseline
speciation,Bottinger2008_state_041,Bottinger,speciation|Bottinger2008|w=0.3|T=20,training,MEA + MEAH+,0.0885,0.09453189815531184,mole_fraction,0.028635107708915152,0.0011463217328596003,True,,,baseline
speciation,Bottinger2008_state_042,Bottinger,speciation|Bottinger2008|w=0.3|T=40,training,MEACOO-,0.0144,0.013724556090349841,mole_fraction,-0.020864185649205513,-0.0011812019123362328,True,,,baseline
speciation,Bottinger2008_state_042,Bottinger,speciation|Bottinger2008|w=0.3|T=40,training,MEA + MEAH+,0.1009,0.09852161311049316,mole_fraction,-0.010359652237012828,-0.0005864998154847157,True,,,baseline
speciation,Bottinger2008_state_043,Bottinger,speciation|Bottinger2008|w=0.3|T=40,training,MEACOO-,0.0241,0.022646970206391465,mole_fraction,-0.027006933826870905,-0.0015289665467414374,True,,,baseline
speciation,Bottinger2008_state_043,Bottinger,speciation|Bottinger2008|w=0.3|T=40,training,MEA + MEAH+,0.0934,0.08959919852837592,mole_fraction,-0.0180427513476614,-0.0010214696491869229,True,,,baseline
speciation,Bottinger2008_state_044,Bottinger,speciation|Bottinger2008|w=0.3|T=40,training,MEACOO-,0.0271,0.026101289030320374,mole_fraction,-0.01630733507132025,-0.0009232210494678322,True,,,baseline
speciation,Bottinger2008_state_044,Bottinger,speciation|Bottinger2008|w=0.3|T=40,training,MEA + MEAH+,0.0876,0.08614487931890369,mole_fraction,-0.00727463923765136,-0.00041184534702398923,True,,,baseline
speciation,Bottinger2008_state_045,Bottinger,speciation|Bottinger2008|w=0.3|T=40,training,MEACOO-,0.0327,0.03099213957227663,mole_fraction,-0.023296193447193015,-0.0013188872411623238,True,,,baseline
speciation,Bottinger2008_state_045,Bottinger,speciation|Bottinger2008|w=0.3|T=40,training,MEA + MEAH+,0.084,0.0812540277089005,mole_fraction,-0.014434388184559308,-0.0008171863121652304,True,,,baseline
speciation,Bottinger2008_state_046,Bottinger,speciation|Bottinger2008|w=0.3|T=40,training,MEACOO-,0.0396,0.03794072036609626,mole_fraction,-0.01858961350964915,-0.0010524296225299925,True,,,baseline
speciation,Bottinger2008_state_046,Bottinger,speciation|Bottinger2008|w=0.3|T=40,training,MEA + MEAH+,0.0758,0.07430544231023495,mole_fraction,-0.00864858192874461,-0.0004896295347917747,True,,,baseline
speciation,Bottinger2008_state_047,Bottinger,speciation|Bottinger2008|w=0.3|T=40,training,MEACOO-,0.041,0.03914165192042928,mole_fraction,-0.020144706200310666,-0.0011404694095101004,True,,,baseline
speciation,Bottinger2008_state_047,Bottinger,speciation|Bottinger2008|w=0.3|T=40,training,MEA + MEAH+,0.0749,0.07310450891373771,mole_fraction,-0.010537653655888369,-0.000596577161416612,True,,,baseline
speciation,Bottinger2008_state_048,Bottinger,speciation|Bottinger2008|w=0.3|T=40,training,MEACOO-,0.0492,0.04985245725703481,mole_fraction,0.005721467039182918,0.0003239142865041048,True,,,baseline
speciation,Bottinger2008_state_048,Bottinger,speciation|Bottinger2008|w=0.3|T=40,training,MEA + MEAH+,0.065,0.062393494613079,mole_fraction,-0.01777404582138114,-0.0010062571943691792,True,,,baseline
speciation,Bottinger2008_state_049,Bottinger,speciation|Bottinger2008|w=0.3|T=40,training,MEACOO-,0.0502,0.05030763721996898,mole_fraction,0.0009302033127847173,4.2998663344253405e-05,True,,,baseline
speciation,Bottinger2008_state_049,Bottinger,speciation|Bottinger2008|w=0.3|T=40,training,HCO3-,0.004,0.0016856845709254382,mole_fraction,-0.37528367959355025,-0.017347494225889028,True,,,baseline
speciation,Bottinger2008_state_049,Bottinger,speciation|Bottinger2008|w=0.3|T=40,training,MEA + MEAH+,0.0663,0.06193824508675891,mole_fraction,-0.029554632194044108,-0.0013661633564500616,True,,,baseline
speciation,Bottinger2008_state_050,Bottinger,speciation|Bottinger2008|w=0.3|T=40,training,MEACOO-,0.0511,0.05144604648070695,mole_fraction,0.0029311056384725303,0.00013549040606813232,True,,,baseline
speciation,Bottinger2008_state_050,Bottinger,speciation|Bottinger2008|w=0.3|T=40,training,HCO3-,0.0052,0.002906487679096661,mole_fraction,-0.2526348573579345,-0.011678050412481586,True,,,baseline
speciation,Bottinger2008_state_050,Bottinger,speciation|Bottinger2008|w=0.3|T=40,training,MEA + MEAH+,0.0646,0.06079926307739573,mole_fraction,-0.026334202593404472,-0.0012172989454996997,True,,,baseline
speciation,Bottinger2008_state_051,Bottinger,speciation|Bottinger2008|w=0.3|T=40,training,MEACOO-,0.0483,0.05151503171099456,mole_fraction,0.027986840748063947,0.0012936921712229424,True,,,baseline
speciation,Bottinger2008_state_051,Bottinger,speciation|Bottinger2008|w=0.3|T=40,training,HCO3-,0.0091,0.005191567193172858,mole_fraction,-0.24374291296861725,-0.01126702013768341,True,,,baseline
speciation,Bottinger2008_state_051,Bottinger,speciation|Bottinger2008|w=0.3|T=40,training,MEA + MEAH+,0.0647,0.06072830956868268,mole_fraction,-0.02751308838543994,-0.0012717929605138005,True,,,baseline
speciation,Bottinger2008_state_052,Bottinger,speciation|Bottinger2008|w=0.3|T=40,training,MEACOO-,0.0347,0.03881984565049283,mole_fraction,0.048724329489896044,0.002252282927415671,True,,,baseline
speciation,Bottinger2008_state_052,Bottinger,speciation|Bottinger2008|w=0.3|T=40,training,HCO3-,0.0428,0.03358852169845958,mole_fraction,-0.10525287896518658,-0.0048653160512716065,True,,,baseline
speciation,Bottinger2008_state_052,Bottinger,speciation|Bottinger2008|w=0.3|T=40,training,MEA + MEAH+,0.0759,0.07323093986455333,mole_fraction,-0.015547167876751547,-0.0007186680893317218,True,,,baseline
speciation,Bottinger2008_state_053,Bottinger,speciation|Bottinger2008|w=0.3|T=40,training,MEACOO-,0.0323,0.03713841586981608,mole_fraction,0.060620852741208174,0.002802199909240741,True,,,baseline
speciation,Bottinger2008_state_053,Bottinger,speciation|Bottinger2008|w=0.3|T=40,training,HCO3-,0.0382,0.03697379991160211,mole_fraction,-0.014169276259743593,-0.0006549750268041042,True,,,baseline
speciation,Bottinger2008_state_053,Bottinger,speciation|Bottinger2008|w=0.3|T=40,training,MEA + MEAH+,0.0739,0.07485510406325724,mole_fraction,0.0055769800575718115,0.0002577959943566061,True,,,baseline
speciation,Bottinger2008_state_054,Bottinger,speciation|Bottinger2008|w=0.3|T=40,training,MEACOO-,0.0188,0.03114768297071659,mole_fraction,0.2192678964198285,0.010135662097497673,True,,,baseline
speciation,Bottinger2008_state_054,Bottinger,speciation|Bottinger2008|w=0.3|T=40,training,HCO3-,0.0596,0.0488603090176273,mole_fraction,-0.08629005039332287,-0.0039887589904550914,True,,,baseline
speciation,Bottinger2008_state_054,Bottinger,speciation|Bottinger2008|w=0.3|T=40,training,MEA + MEAH+,0.0807,0.08053688407444883,mole_fraction,-0.0008787117284126165,-4.061846401465738e-05,True,,,baseline
speciation,Bottinger2008_state_055,Bottinger,speciation|Bottinger2008|w=0.3|T=60,training,MEACOO-,0.0147,0.014508705670225327,mole_fraction,-0.005688664236814485,-0.00032205719351523676,True,,,baseline
speciation,Bottinger2008_state_055,Bottinger,speciation|Bottinger2008|w=0.3|T=60,training,MEA + MEAH+,0.0974,0.09773746261638565,mole_fraction,0.0015021031459875748,8.50398447559039e-05,True,,,baseline
speciation,Bottinger2008_state_056,Bottinger,speciation|Bottinger2008|w=0.3|T=60,training,MEACOO-,0.0231,0.022519519065278853,mole_fraction,-0.011052868558566357,-0.0006257454615141784,True,,,baseline
speciation,Bottinger2008_state_056,Bottinger,speciation|Bottinger2008|w=0.3|T=60,training,MEA + MEAH+,0.0905,0.08972664618006967,mole_fraction,-0.0037271442939666014,-0.00021100799435007286,True,,,baseline
speciation,Bottinger2008_state_057,Bottinger,speciation|Bottinger2008|w=0.3|T=60,training,MEACOO-,0.0302,0.030698992212517782,mole_fraction,0.0071171757211300046,0.0004029307308503503,True,,,baseline
speciation,Bottinger2008_state_057,Bottinger,speciation|Bottinger2008|w=0.3|T=60,training,MEA + MEAH+,0.0791,0.08154716183863313,mole_fraction,0.013232366988737478,0.0007491352624360263,True,,,baseline
speciation,Bottinger2008_state_058,Bottinger,speciation|Bottinger2008|w=0.3|T=60,training,MEACOO-,0.0417,0.045246307390357024,mole_fraction,0.0354470866795268,0.0016385421613955183,True,,,baseline
speciation,Bottinger2008_state_058,Bottinger,speciation|Bottinger2008|w=0.3|T=60,training,HCO3-,0.0042,0.0011852382999503566,mole_fraction,-0.5494436135126457,-0.025398040019180293,True,,,baseline
speciation,Bottinger2008_state_058,Bottinger,speciation|Bottinger2008|w=0.3|T=60,training,MEA + MEAH+,0.0687,0.06699953859586771,mole_fraction,-0.010884925193926556,-0.0005031558450806667,True,,,baseline
speciation,Bottinger2008_state_059,Bottinger,speciation|Bottinger2008|w=0.3|T=60,training,MEACOO-,0.0424,0.050198745727909,mole_fraction,0.07332700935202505,0.0033895422063481254,True,,,baseline
speciation,Bottinger2008_state_059,Bottinger,speciation|Bottinger2008|w=0.3|T=60,training,HCO3-,0.0072,0.004506703182327656,mole_fraction,-0.20347354065053042,-0.009405567743790946,True,,,baseline
speciation,Bottinger2008_state_059,Bottinger,speciation|Bottinger2008|w=0.3|T=60,training,MEA + MEAH+,0.068,0.062042717365808395,mole_fraction,-0.039818101786275685,-0.0018405924061802722,True,,,baseline
speciation,Bottinger2008_state_060,Bottinger,speciation|Bottinger2008|w=0.3|T=60,training,MEACOO-,0.0455,0.047494111792638384,mole_fraction,0.018628373505066024,0.0008610968698847485,True,,,baseline
speciation,Bottinger2008_state_060,Bottinger,speciation|Bottinger2008|w=0.3|T=60,training,HCO3-,0.0163,0.0145960847159929,mole_fraction,-0.047951229049420875,-0.002216546346912889,True,,,baseline
speciation,Bottinger2008_state_060,Bottinger,speciation|Bottinger2008|w=0.3|T=60,training,MEA + MEAH+,0.0652,0.0646943757809541,mole_fraction,-0.0033810689034998224,-0.0001562899653518643,True,,,baseline
speciation,Bottinger2008_state_061,Bottinger,speciation|Bottinger2008|w=0.3|T=60,training,MEACOO-,0.0375,0.0433864566556959,mole_fraction,0.06332291529580758,0.002927102795011502,True,,,baseline
speciation,Bottinger2008_state_061,Bottinger,speciation|Bottinger2008|w=0.3|T=60,training,HCO3-,0.0304,0.023648713123831964,mole_fraction,-0.109066070603616,-0.005041580897111707,True,,,baseline
speciation,Bottinger2008_state_061,Bottinger,speciation|Bottinger2008|w=0.3|T=60,training,MEA + MEAH+,0.0678,0.06868282923962107,mole_fraction,0.005618482805970768,0.00025971445958000505,True,,,baseline
speciation,Bottinger2008_state_062,Bottinger,speciation|Bottinger2008|w=0.3|T=60,training,MEACOO-,0.0357,0.03325993088323712,mole_fraction,-0.030746873725984246,-0.0014212747407596502,True,,,baseline
speciation,Bottinger2008_state_062,Bottinger,speciation|Bottinger2008|w=0.3|T=60,training,HCO3-,0.0229,0.04400586548427616,mole_fraction,0.28367508454813983,0.0131128854219218,True,,,baseline
speciation,Bottinger2008_state_062,Bottinger,speciation|Bottinger2008|w=0.3|T=60,training,MEA + MEAH+,0.0702,0.07809079822810983,mole_fraction,0.046262749990828266,0.002138496374819263,True,,,baseline
speciation,Bottinger2008_state_063,Bottinger,speciation|Bottinger2008|w=0.3|T=80,training,MEACOO-,0.0068,0.007085731859705831,mole_fraction,0.017875800905724874,0.001012017941624672,True,,,baseline
speciation,Bottinger2008_state_063,Bottinger,speciation|Bottinger2008|w=0.3|T=80,training,MEA + MEAH+,0.1084,0.10516043640166811,mole_fraction,-0.013176902500611477,-0.0007459952041302435,True,,,baseline
speciation,Bottinger2008_state_064,Bottinger,speciation|Bottinger2008|w=0.3|T=80,training,MEACOO-,0.014,0.015641436971974905,mole_fraction,0.04814861332257321,0.0027258784545529085,True,,,baseline
speciation,Bottinger2008_state_064,Bottinger,speciation|Bottinger2008|w=0.3|T=80,training,MEA + MEAH+,0.1005,0.09660472361732783,mole_fraction,-0.017167699411559822,-0.0009719295886403439,True,,,baseline
speciation,Bottinger2008_state_065,Bottinger,speciation|Bottinger2008|w=0.3|T=80,training,MEACOO-,0.0224,0.027101995770878066,mole_fraction,0.08275325484154204,0.004684980497889657,True,,,baseline
speciation,Bottinger2008_state_065,Bottinger,speciation|Bottinger2008|w=0.3|T=80,training,MEA + MEAH+,0.0906,0.08514411080922595,mole_fraction,-0.02697358332894693,-0.0015270784465976073,True,,,baseline
speciation,Bottinger2008_state_066,Bottinger,speciation|Bottinger2008|w=0.3|T=80,training,MEACOO-,0.0337,0.03684742443112905,mole_fraction,0.03877723597936228,0.0021953286873518715,True,,,baseline
speciation,Bottinger2008_state_066,Bottinger,speciation|Bottinger2008|w=0.3|T=80,training,MEA + MEAH+,0.0858,0.07539839930700452,mole_fraction,-0.056125161866388815,-0.0031774615909480044,True,,,baseline
speciation,Bottinger2008_state_067,Bottinger,speciation|Bottinger2008|w=0.3|T=80,training,MEACOO-,0.0336,0.04298522748171957,mole_fraction,0.10697995201627003,0.004945150031299215,True,,,baseline
speciation,Bottinger2008_state_067,Bottinger,speciation|Bottinger2008|w=0.3|T=80,training,HCO3-,0.0046,0.0016079766617824675,mole_fraction,-0.45647809058546385,-0.021100707201689557,True,,,baseline
speciation,Bottinger2008_state_067,Bottinger,speciation|Bottinger2008|w=0.3|T=80,training,MEA + MEAH+,0.0872,0.06925957417558257,mole_fraction,-0.1000366678572028,-0.004624196607509038,True,,,baseline
speciation,Bottinger2008_state_068,Bottinger,speciation|Bottinger2008|w=0.3|T=80,training,MEACOO-,0.0503,0.04847988022915058,mole_fraction,-0.016006446832583055,-0.0007398982665752098,True,,,baseline
speciation,Bottinger2008_state_068,Bottinger,speciation|Bottinger2008|w=0.3|T=80,training,HCO3-,0.0166,0.008342578136593231,mole_fraction,-0.29880780509172516,-0.01381239567650083,True,,,baseline
speciation,Bottinger2008_state_068,Bottinger,speciation|Bottinger2008|w=0.3|T=80,training,MEA + MEAH+,0.0721,0.06372765037271148,mole_fraction,-0.05360735830573669,-0.0024780010142756922,True,,,baseline
density,AMU-DENS-036,Amundsen2009,Amundsen2009|loaded|w=0.20|T=25,training,mass_density,1018.8,1042.5878669075973,kg/m^3,0.010023730236752845,0.001056593939974594,True,,2.0,baseline
density,AMU-DENS-037,Amundsen2009,Amundsen2009|loaded|w=0.20|T=25,training,mass_density,1032.7,1085.7764039020285,kg/m^3,0.021766222311552355,0.002294361285402685,True,,2.0,baseline
density,AMU-DENS-038,Amundsen2009,Amundsen2009|loaded|w=0.20|T=25,training,mass_density,1047.6000000000001,1131.2985176037034,kg/m^3,0.033381728294961326,0.003518743121498896,True,,2.0,baseline
density,AMU-DENS-039,Amundsen2009,Amundsen2009|loaded|w=0.20|T=25,training,mass_density,1064.0,1179.1169606132125,kg/m^3,0.04461525841642732,0.004702861166430246,True,,2.0,baseline
density,AMU-DENS-040,Amundsen2009,Amundsen2009|loaded|w=0.20|T=25,training,mass_density,1080.0,1225.190295180896,kg/m^3,0.05477979258385923,0.005774297143886517,True,,2.0,baseline
density,AMU-DENS-046,Amundsen2009,Amundsen2009|loaded|w=0.20|T=50,training,mass_density,1007.6,1031.367886539519,kg/m^3,0.010125445929508148,0.0010673157154042156,True,,2.0,baseline
density,AMU-DENS-047,Amundsen2009,Amundsen2009|loaded|w=0.20|T=50,training,mass_density,1021.5000000000001,1074.1422206805453,kg/m^3,0.021823416510139394,0.0023003900832854526,True,,2.0,baseline
density,AMU-DENS-048,Amundsen2009,Amundsen2009|loaded|w=0.20|T=50,training,mass_density,1036.4,1119.131884783343,kg/m^3,0.03335386493003063,0.0035158060649503145,True,,2.0,baseline
density,AMU-DENS-049,Amundsen2009,Amundsen2009|loaded|w=0.20|T=50,training,mass_density,1053.0,1166.0149670638368,kg/m^3,0.04427575391290879,0.004667074249530139,True,,2.0,baseline
density,AMU-DENS-050,Amundsen2009,Amundsen2009|loaded|w=0.20|T=50,training,mass_density,1068.0,1209.333694454225,kg/m^3,0.05397490066118325,0.005689454085688909,True,,2.0,baseline
density,AMU-DENS-051,Amundsen2009,Amundsen2009|loaded|w=0.20|T=70,training,mass_density,996.5,1019.7773212364151,kg/m^3,0.01002804645472571,0.0010570489092969944,True,,2.0,baseline
density,AMU-DENS-052,Amundsen2009,Amundsen2009|loaded|w=0.20|T=70,training,mass_density,1010.5,1061.995465304988,kg/m^3,0.02158634447112802,0.002275400496191578,True,,2.0,baseline
density,AMU-DENS-053,Amundsen2009,Amundsen2009|loaded|w=0.20|T=70,training,mass_density,1025.4,1106.2520377295418,kg/m^3,0.03296077057789053,0.0034743702820132804,True,,2.0,baseline
density,AMU-DENS-054,Amundsen2009,Amundsen2009|loaded|w=0.20|T=70,training,mass_density,1041.9,1151.8685687472341,kg/m^3,0.04357688973369201,0.004593407496815835,True,,2.0,baseline
density,AMU-DENS-055,Amundsen2009,Amundsen2009|loaded|w=0.20|T=70,training,mass_density,1057.0,1192.5496328851998,kg/m^3,0.052401475741916635,0.005523600536617274,True,,2.0,baseline
density,AMU-DENS-060,Amundsen2009,Amundsen2009|loaded|w=0.30|T=25,training,mass_density,1028.0,1066.1189140597369,kg/m^3,0.015812533595750092,0.001666787391350083,True,,2.0,baseline
density,AMU-DENS-061,Amundsen2009,Amundsen2009|loaded|w=0.30|T=25,training,mass_density,1048.0,1133.7655497795677,kg/m^3,0.034161973880995414,0.003600988227704249,True,,2.0,baseline
density,AMU-DENS-062,Amundsen2009,Amundsen2009|loaded|w=0.30|T=25,training,mass_density,1070.0,1207.1414404891882,kg/m^3,0.0523743815796193,0.005520744561145479,True,,2.0,baseline
density,AMU-DENS-063,Amundsen2009,Amundsen2009|loaded|w=0.30|T=25,training,mass_density,1095.6999999999998,1286.6580028657554,kg/m^3,0.06977146396089362,0.007354558060025902,True,,2.0,baseline
density,AMU-DENS-064,Amundsen2009,Amundsen2009|loaded|w=0.30|T=25,training,mass_density,1121.1,1365.621093471142,kg/m^3,0.08568586372965306,0.009032083088817129,True,,2.0,baseline
density,AMU-DENS-070,Amundsen2009,Amundsen2009|loaded|w=0.30|T=50,training,mass_density,1016.0,1053.7551409162659,kg/m^3,0.01584599846650677,0.0016703148984565585,True,,2.0,baseline
density,AMU-DENS-071,Amundsen2009,Amundsen2009|loaded|w=0.30|T=50,training,mass_density,1035.5,1120.7191775775595,kg/m^3,0.03434670034935157,0.0036204601071750647,True,,2.0,baseline
density,AMU-DENS-072,Amundsen2009,Amundsen2009|loaded|w=0.30|T=50,training,mass_density,1058.0,1193.2283532543754,kg/m^3,0.0522378967324108,0.005506357795036182,True,,2.0,baseline
density,AMU-DENS-073,Amundsen2009,Amundsen2009|loaded|w=0.30|T=50,training,mass_density,1083.0,1271.24164851713,kg/m^3,0.06959965619646193,0.007336447931515709,True,,2.0,baseline
density,AMU-DENS-074,Amundsen2009,Amundsen2009|loaded|w=0.30|T=50,training,mass_density,1108.0,1345.299783021741,kg/m^3,0.08427931175640846,0.00888381949272189,True,,2.0,baseline
density,AMU-DENS-075,Amundsen2009,Amundsen2009|loaded|w=0.30|T=70,training,mass_density,1004.0,1041.4776561359727,kg/m^3,0.01591624421989749,0.001875747369818451,True,,2.0,baseline
density,AMU-DENS-076,Amundsen2009,Amundsen2009|loaded|w=0.30|T=70,training,mass_density,1024.0,1107.586071365491,kg/m^3,0.03407752892492805,0.004016075298149556,True,,2.0,baseline
density,AMU-DENS-077,Amundsen2009,Amundsen2009|loaded|w=0.30|T=70,training,mass_density,1046.4,1178.9703561647884,kg/m^3,0.05180515442371278,0.006105295998903929,True,,2.0,baseline
density,AMU-DENS-078,Amundsen2009,Amundsen2009|loaded|w=0.30|T=70,training,mass_density,1071.9,1255.005493717839,kg/m^3,0.0684913559994331,0.008071783713310177,True,,2.0,baseline
density,AMU-DENS-083,Amundsen2009,Amundsen2009|loaded|w=0.40|T=25,training,mass_density,1038.0,1090.173321239821,kg/m^3,0.021298196239319202,0.0022450270056493765,True,,2.0,baseline
density,AMU-DENS-084,Amundsen2009,Amundsen2009|loaded|w=0.40|T=25,training,mass_density,1063.0,1184.3654353946272,kg/m^3,0.04695245989776022,0.004949223834154628,True,,2.0,baseline
density,AMU-DENS-085,Amundsen2009,Amundsen2009|loaded|w=0.40|T=25,training,mass_density,1093.0,1289.6487152572415,kg/m^3,0.07185126788337455,0.007573788642745636,True,,2.0,baseline
density,AMU-DENS-086,Amundsen2009,Amundsen2009|loaded|w=0.40|T=25,training,mass_density,1128.5,1407.5065083457594,kg/m^3,0.09594884830293483,0.01011389665024185,True,,2.0,baseline
density,AMU-DENS-087,Amundsen2009,Amundsen2009|loaded|w=0.40|T=25,training,mass_density,1159.7,1526.7951564593527,kg/m^3,0.11943511637955315,0.012589566678889047,True,,2.0,baseline
density,AMU-DENS-092,Amundsen2009,Amundsen2009|loaded|w=0.40|T=50,training,mass_density,1024.0,1076.5477909595907,kg/m^3,0.02173335749120758,0.002561300743330722,True,,2.0,baseline
density,AMU-DENS-093,Amundsen2009,Amundsen2009|loaded|w=0.40|T=50,training,mass_density,1049.0,1169.7017303266355,kg/m^3,0.04729964416151602,0.005574316522386444,True,,2.0,baseline
density,AMU-DENS-094,Amundsen2009,Amundsen2009|loaded|w=0.40|T=50,training,mass_density,1079.7,1273.643104918406,kg/m^3,0.07174464744393251,0.008455187786907131,True,,2.0,baseline
density,AMU-DENS-095,Amundsen2009,Amundsen2009|loaded|w=0.40|T=50,training,mass_density,1115.0,1389.078866033642,kg/m^3,0.09545203646062546,0.011249130376562307,True,,2.0,baseline
density,AMU-DENS-096,Amundsen2009,Amundsen2009|loaded|w=0.40|T=70,training,mass_density,1012.0,1063.510650773167,kg/m^3,0.021561331099191672,0.0025410272386078045,True,,2.0,baseline
density,AMU-DENS-097,Amundsen2009,Amundsen2009|loaded|w=0.40|T=70,training,mass_density,1037.0,1155.4494744001597,kg/m^3,0.04697220297263752,0.005535727208203815,True,,2.0,baseline
density,AMU-DENS-098,Amundsen2009,Amundsen2009|loaded|w=0.40|T=70,training,mass_density,1068.0,1257.759972681751,kg/m^3,0.07102651680632849,0.00837055527963586,True,,2.0,baseline
density,AMU-DENS-099,Amundsen2009,Amundsen2009|loaded|w=0.40|T=70,training,mass_density,1104.0,1370.1548626547133,kg/m^3,0.09380058295696757,0.011054504714687177,True,,2.0,baseline
speciation,Bottinger2008_state_030,Bottinger,speciation|Bottinger2008|w=0.3|T=20,training,MEACOO-,0.0086,0.007730656184958203,mole_fraction,-0.046282092459584125,-0.0026202075192071936,True,,,candidate
speciation,Bottinger2008_state_030,Bottinger,speciation|Bottinger2008|w=0.3|T=20,training,MEA + MEAH+,0.1054,0.10451551306288022,mole_fraction,-0.003659854041099949,-0.0002071984339529382,True,,,candidate
speciation,Matin2012_state_001,Matin,speciation|Matin2012|w=0.3|T=20,training,MEA,0.0915,0.08848009259711336,mole_fraction,-0.01457552560317685,-0.0007477086869561178,True,,,candidate
speciation,Matin2012_state_001,Matin,speciation|Matin2012|w=0.3|T=20,training,MEAH+,0.0115,0.012814889442219538,mole_fraction,0.04701702339793449,0.002411922409288098,True,,,candidate
speciation,Matin2012_state_001,Matin,speciation|Matin2012|w=0.3|T=20,training,MEACOO-,0.0097,0.010951187119387957,mole_fraction,0.05268946540806295,0.002702912544580608,True,,,candidate
speciation,Matin2012_state_001,Matin,speciation|Matin2012|w=0.3|T=20,training,HCO3-,0.0024,4.6101770713550825e-05,mole_fraction,-1.71649363527303,-0.08805426556410395,True,,,candidate
speciation,Matin2012_state_001,Matin,speciation|Matin2012|w=0.3|T=20,training,MEA + MEAH+,0.103,0.10129498203933289,mole_fraction,-0.007249292934287117,-0.0003718808809251224,True,,,candidate
speciation,Matin2012_state_002,Matin,speciation|Matin2012|w=0.3|T=20,training,MEA,0.0867,0.08358447269647953,mole_fraction,-0.01589349047444685,-0.0008153188582927036,True,,,candidate
speciation,Matin2012_state_002,Matin,speciation|Matin2012|w=0.3|T=20,training,MEAH+,0.0139,0.015454906281147127,mole_fraction,0.046051575583011935,0.002362395981379175,True,,,candidate
speciation,Matin2012_state_002,Matin,speciation|Matin2012|w=0.3|T=20,training,MEACOO-,0.0124,0.013206790058827737,mole_fraction,0.02737558898981208,0.0014043380839563943,True,,,candidate
speciation,Matin2012_state_002,Matin,speciation|Matin2012|w=0.3|T=20,training,HCO3-,0.0022,8.344131479608472e-05,mole_fraction,-1.4210415421129161,-0.0728978929810778,True,,,candidate
speciation,Matin2012_state_002,Matin,speciation|Matin2012|w=0.3|T=20,training,MEA + MEAH+,0.1006,0.09903937897762666,mole_fraction,-0.006790072261106048,-0.00034832335744943495,True,,,candidate
speciation,Bottinger2008_state_031,Bottinger,speciation|Bottinger2008|w=0.3|T=20,training,MEACOO-,0.0171,0.01542447577499638,mole_fraction,-0.04478569761524615,-0.0025354908433943804,True,,,candidate
speciation,Bottinger2008_state_031,Bottinger,speciation|Bottinger2008|w=0.3|T=20,training,MEA + MEAH+,0.0966,0.0968216931484399,mole_fraction,0.0009955465867028032,5.6361726827231286e-05,True,,,candidate
speciation,Matin2012_state_003,Matin,speciation|Matin2012|w=0.3|T=20,training,MEA,0.0817,0.07871187204923483,mole_fraction,-0.016181814940607227,-0.0008301095913255564,True,,,candidate
speciation,Matin2012_state_003,Matin,speciation|Matin2012|w=0.3|T=20,training,MEAH+,0.0162,0.018109820862228593,mole_fraction,0.04839913986141075,0.0024828234878674547,True,,,candidate
speciation,Matin2012_state_003,Matin,speciation|Matin2012|w=0.3|T=20,training,MEACOO-,0.0151,0.015424475811616366,mole_fraction,0.00923346651481759,0.00047366683794530014,True,,,candidate
speciation,Matin2012_state_003,Matin,speciation|Matin2012|w=0.3|T=20,training,HCO3-,0.002,0.00014610411329460895,mole_fraction,-1.1363675527892003,-0.058294425458685156,True,,,candidate
speciation,Matin2012_state_003,Matin,speciation|Matin2012|w=0.3|T=20,training,MEA + MEAH+,0.0979,0.09682169291146342,mole_fraction,-0.004810019863901576,-0.0002467488126731298,True,,,candidate
speciation,Matin2012_state_004,Matin,speciation|Matin2012|w=0.3|T=20,training,MEA,0.0768,0.07365996904881254,mole_fraction,-0.018129687998807684,-0.0009300333708417352,True,,,candidate
speciation,Matin2012_state_004,Matin,speciation|Matin2012|w=0.3|T=20,training,MEAH+,0.0186,0.020900623887314364,mole_fraction,0.05064630585361392,0.002598100670944575,True,,,candidate
speciation,Matin2012_state_004,Matin,speciation|Matin2012|w=0.3|T=20,training,MEACOO-,0.0177,0.01768557503389359,mole_fraction,-0.00035408120527502036,-1.816398257461953e-05,True,,,candidate
speciation,Matin2012_state_004,Matin,speciation|Matin2012|w=0.3|T=20,training,HCO3-,0.002,0.0002552013204588559,mole_fraction,-0.8941470784890293,-0.04586877730549646,True,,,candidate
speciation,Matin2012_state_004,Matin,speciation|Matin2012|w=0.3|T=20,training,MEA + MEAH+,0.0954,0.09456059293612691,mole_fraction,-0.0038381879427113754,-0.00019689488702280623,True,,,candidate
speciation,Matin2012_state_005,Matin,speciation|Matin2012|w=0.3|T=20,training,MEA,0.0718,0.06889229005055884,mole_fraction,-0.017953822855071046,-0.0009210116793237285,True,,,candidate
speciation,Matin2012_state_005,Matin,speciation|Matin2012|w=0.3|T=20,training,MEAH+,0.021,0.023582043433894487,mole_fraction,0.05036214019027406,0.0025835232799949447,True,,,candidate
speciation,Matin2012_state_005,Matin,speciation|Matin2012|w=0.3|T=20,training,MEACOO-,0.0203,0.019771832856218023,mole_fraction,-0.01144910747431285,-0.0005873268209670659,True,,,candidate
speciation,Matin2012_state_005,Matin,speciation|Matin2012|w=0.3|T=20,training,HCO3-,0.002,0.00042492496385973256,mole_fraction,-0.6727177495166772,-0.034509692403377694,True,,,candidate
speciation,Matin2012_state_005,Matin,speciation|Matin2012|w=0.3|T=20,training,MEA + MEAH+,0.0928,0.09247433348445333,mole_fraction,-0.001526766429507492,-7.832146526825156e-05,True,,,candidate
speciation,Matin2012_state_006,Matin,speciation|Matin2012|w=0.3|T=20,training,MEA,0.0668,0.06401160946471068,mole_fraction,-0.01851771553510234,-0.0009499387634542979,True,,,candidate
speciation,Matin2012_state_006,Matin,speciation|Matin2012|w=0.3|T=20,training,MEAH+,0.0234,0.026391825803132873,mole_fraction,0.052253578615026296,0.0026805520238998366,True,,,candidate
speciation,Matin2012_state_006,Matin,speciation|Matin2012|w=0.3|T=20,training,MEACOO-,0.0228,0.02184272723677751,mole_fraction,-0.018627984490743828,-0.000955595441524058,True,,,candidate
speciation,Matin2012_state_006,Matin,speciation|Matin2012|w=0.3|T=20,training,HCO3-,0.0021,0.000706557235662592,mole_fraction,-0.47307194648902884,-0.0242680788038265,True,,,candidate
speciation,Matin2012_state_006,Matin,speciation|Matin2012|w=0.3|T=20,training,MEA + MEAH+,0.0902,0.09040343526784356,mole_fraction,0.0009783961360989133,5.019066277006226e-05,True,,,candidate
speciation,Bottinger2008_state_032,Bottinger,speciation|Bottinger2008|w=0.3|T=20,training,MEACOO-,0.0267,0.023278827318620847,mole_fraction,-0.05955016261523013,-0.003371364075440058,True,,,candidate
speciation,Bottinger2008_state_032,Bottinger,speciation|Bottinger2008|w=0.3|T=20,training,MEA + MEAH+,0.0871,0.08896732964886814,mole_fraction,0.00921240042330164,0.00052154947143242,True,,,candidate
speciation,Matin2012_state_007,Matin,speciation|Matin2012|w=0.3|T=20,training,MEA,0.0618,0.059285565637467175,mole_fraction,-0.018039507307511988,-0.0009254071989894622,True,,,candidate
speciation,Matin2012_state_007,Matin,speciation|Matin2012|w=0.3|T=20,training,MEAH+,0.0257,0.029197816004486964,mole_fraction,0.05541724412148314,0.0028428446400429984,True,,,candidate
speciation,Matin2012_state_007,Matin,speciation|Matin2012|w=0.3|T=20,training,MEACOO-,0.0252,0.023762772584785166,mole_fraction,-0.025503429050535417,-0.0013082983054894487,True,,,candidate
speciation,Matin2012_state_007,Matin,speciation|Matin2012|w=0.3|T=20,training,HCO3-,0.0023,0.0011430824561689693,mole_fraction,-0.3036502766918072,-0.015576930524523074,True,,,candidate
speciation,Matin2012_state_007,Matin,speciation|Matin2012|w=0.3|T=20,training,MEA + MEAH+,0.0875,0.08848338164195414,mole_fraction,0.00485365904382757,0.00024898745536847073,True,,,candidate
speciation,Matin2012_state_008,Matin,speciation|Matin2012|w=0.3|T=20,training,MEA,0.0568,0.054771953513318004,mole_fraction,-0.015790104825605895,-0.0008100152864113488,True,,,candidate
speciation,Matin2012_state_008,Matin,speciation|Matin2012|w=0.3|T=20,training,MEAH+,0.0281,0.03198496181071561,mole_fraction,0.05623951661151924,0.002885026328757608,True,,,candidate
speciation,Matin2012_state_008,Matin,speciation|Matin2012|w=0.3|T=20,training,MEACOO-,0.0276,0.02548922182473313,mole_fraction,-0.03455250522220166,-0.0017725061184144068,True,,,candidate
speciation,Matin2012_state_008,Matin,speciation|Matin2012|w=0.3|T=20,training,HCO3-,0.0026,0.0017920987548800122,mole_fraction,-0.16161140987812536,-0.008290490399245874,True,,,candidate
speciation,Matin2012_state_008,Matin,speciation|Matin2012|w=0.3|T=20,training,MEA + MEAH+,0.0849,0.08675691532403362,mole_fraction,0.009396411862997762,0.00048202575793559186,True,,,candidate
speciation,Matin2012_state_009,Matin,speciation|Matin2012|w=0.3|T=20,training,MEA,0.0518,0.050528003446223935,mole_fraction,-0.010797621796307931,-0.0005539063108507377,True,,,candidate
speciation,Matin2012_state_009,Matin,speciation|Matin2012|w=0.3|T=20,training,MEAH+,0.0304,0.03473603070735379,mole_fraction,0.057906606426867756,0.0029705462318340686,True,,,candidate
speciation,Matin2012_state_009,Matin,speciation|Matin2012|w=0.3|T=20,training,MEACOO-,0.0299,0.026982070135081575,mole_fraction,-0.04459592150028723,-0.0022877225025291796,True,,,candidate
speciation,Matin2012_state_009,Matin,speciation|Matin2012|w=0.3|T=20,training,HCO3-,0.003,0.002710635926434371,mole_fraction,-0.044050064604518574,-0.0022597206346094273,True,,,candidate
speciation,Matin2012_state_009,Matin,speciation|Matin2012|w=0.3|T=20,training,MEA + MEAH+,0.0822,0.08526403415357772,mole_fraction,0.01589405931891997,0.0008153480393984598,True,,,candidate
speciation,Bottinger2008_state_033,Bottinger,speciation|Bottinger2008|w=0.3|T=20,training,MEACOO-,0.0349,0.02816513300684858,mole_fraction,-0.09311362047341298,-0.005271520701405078,True,,,candidate
speciation,Bottinger2008_state_033,Bottinger,speciation|Bottinger2008|w=0.3|T=20,training,MEA + MEAH+,0.078,0.08408091531269508,mole_fraction,0.03260282812572096,0.001845771676745867,True,,,candidate
speciation,Matin2012_state_010,Matin,speciation|Matin2012|w=0.3|T=20,training,MEA,0.0469,0.04659758299591823,mole_fraction,-0.0028094521787008666,-0.00014412185582827805,True,,,candidate
speciation,Matin2012_state_010,Matin,speciation|Matin2012|w=0.3|T=20,training,MEAH+,0.0327,0.03743547636697958,mole_fraction,0.05873561124251326,0.0030130732815654,True,,,candidate
speciation,Matin2012_state_010,Matin,speciation|Matin2012|w=0.3|T=20,training,MEACOO-,0.0321,0.028212985654338385,mole_fraction,-0.05605598437101941,-0.0028756113234744826,True,,,candidate
speciation,Matin2012_state_010,Matin,speciation|Matin2012|w=0.3|T=20,training,HCO3-,0.0034,0.003942326647501386,mole_fraction,0.06427368852525697,0.0032971706517788816,True,,,candidate
speciation,Matin2012_state_010,Matin,speciation|Matin2012|w=0.3|T=20,training,MEA + MEAH+,0.0796,0.08403305936289782,mole_fraction,0.023537107304291226,0.0012074281282454078,True,,,candidate
speciation,Matin2012_state_011,Matin,speciation|Matin2012|w=0.3|T=20,training,MEA,0.0419,0.04285207561294122,mole_fraction,0.009757839592000057,0.0005005666092255745,True,,,candidate
speciation,Matin2012_state_011,Matin,speciation|Matin2012|w=0.3|T=20,training,MEAH+,0.0349,0.04018738186380895,mole_fraction,0.06126428664420177,0.0031427915926445322,True,,,candidate
speciation,Matin2012_state_011,Matin,speciation|Matin2012|w=0.3|T=20,training,MEACOO-,0.0342,0.029206482142741533,mole_fraction,-0.06854685575841658,-0.00351637950558195,True,,,candidate
speciation,Matin2012_state_011,Matin,speciation|Matin2012|w=0.3|T=20,training,HCO3-,0.004,0.00558266285586382,mole_fraction,0.14478140971625167,0.0074271296076622705,True,,,candidate
speciation,Matin2012_state_011,Matin,speciation|Matin2012|w=0.3|T=20,training,MEA + MEAH+,0.0768,0.08303945747675018,mole_fraction,0.033923283097830055,0.001740227704501492,True,,,candidate
speciation,Matin2012_state_012,Matin,speciation|Matin2012|w=0.3|T=20,training,MEA,0.0371,0.039463116364140446,mole_fraction,0.026817468470646626,0.0013757071054304802,True,,,candidate
speciation,Matin2012_state_012,Matin,speciation|Matin2012|w=0.3|T=20,training,MEAH+,0.0372,0.042871889803817766,mole_fraction,0.06162968786201359,0.0031615362796095564,True,,,candidate
speciation,Matin2012_state_012,Matin,speciation|Matin2012|w=0.3|T=20,training,MEACOO-,0.0362,0.029910763967318565,mole_fraction,-0.08288106480530473,-0.00425170891440047,True,,,candidate
speciation,Matin2012_state_012,Matin,speciation|Matin2012|w=0.3|T=20,training,HCO3-,0.0046,0.007578452783574568,mole_fraction,0.21682271746715595,0.011122770718078882,True,,,candidate
speciation,Matin2012_state_012,Matin,speciation|Matin2012|w=0.3|T=20,training,MEA + MEAH+,0.0743,0.08233500616795822,mole_fraction,0.04459570861100297,0.002287711581539327,True,,,candidate
speciation,Matin2012_state_013,Matin,speciation|Matin2012|w=0.3|T=20,training,MEA,0.0322,0.03640129735941787,mole_fraction,0.0532609906893664,0.0027322311728949435,True,,,candidate
speciation,Matin2012_state_013,Matin,speciation|Matin2012|w=0.3|T=20,training,MEAH+,0.0394,0.045496126061731056,mole_fraction,0.06247819677352054,0.0032050638683474297,True,,,candidate
speciation,Matin2012_state_013,Matin,speciation|Matin2012|w=0.3|T=20,training,MEACOO-,0.0381,0.03034808991925993,mole_fraction,-0.09879361349762192,-0.005068005438641388,True,,,candidate
speciation,Matin2012_state_013,Matin,speciation|Matin2012|w=0.3|T=20,training,HCO3-,0.0053,0.0098998571168876,mole_fraction,0.27135305693665246,0.013920118109456784,True,,,candidate
speciation,Matin2012_state_013,Matin,speciation|Matin2012|w=0.3|T=20,training,MEA + MEAH+,0.0716,0.08189742342114892,mole_fraction,0.0583572163075154,0.0029936620309730763,True,,,candidate
speciation,Bottinger2008_state_034,Bottinger,speciation|Bottinger2008|w=0.3|T=20,training,MEACOO-,0.043,0.030419057760163657,mole_fraction,-0.15032269806179113,-0.008510346936300922,True,,,candidate
speciation,Bottinger2008_state_034,Bottinger,speciation|Bottinger2008|w=0.3|T=20,training,MEA + MEAH+,0.0678,0.08182637470793896,mole_fraction,0.08166361645342426,0.004623291871770252,True,,,candidate
speciation,Matin2012_state_014,Matin,speciation|Matin2012|w=0.3|T=20,training,MEA,0.0274,0.03362592618080569,mole_fraction,0.0889236924108524,0.004561689170050674,True,,,candidate
speciation,Matin2012_state_014,Matin,speciation|Matin2012|w=0.3|T=20,training,MEAH+,0.0415,0.04807181457569496,mole_fraction,0.06384241912026958,0.003275046998107196,True,,,candidate
speciation,Matin2012_state_014,Matin,speciation|Matin2012|w=0.3|T=20,training,MEACOO-,0.04,0.030547402068198233,mole_fraction,-0.11708571015108421,-0.0060063701976764685,True,,,candidate
speciation,Matin2012_state_014,Matin,speciation|Matin2012|w=0.3|T=20,training,HCO3-,0.0061,0.012505696354201753,mole_fraction,0.31177804453174124,0.015993876217250385,True,,,candidate
speciation,Matin2012_state_014,Matin,speciation|Matin2012|w=0.3|T=20,training,MEA + MEAH+,0.0689,0.08169774075650066,mole_fraction,0.0739908249485168,0.003795649232505019,True,,,candidate
speciation,Matin2012_state_015,Matin,speciation|Matin2012|w=0.3|T=20,training,MEA,0.0227,0.030993559927270303,mole_fraction,0.13524560507313207,0.00693795315098458,True,,,candidate
speciation,Matin2012_state_015,Matin,speciation|Matin2012|w=0.3|T=20,training,MEAH+,0.0436,0.05071731964598821,mole_fraction,0.06566980423056261,0.0033687898763113656,True,,,candidate
speciation,Matin2012_state_015,Matin,speciation|Matin2012|w=0.3|T=20,training,MEACOO-,0.0417,0.03053372378921094,mole_fraction,-0.13535628236567293,-0.006943630776295296,True,,,candidate
speciation,Matin2012_state_015,Matin,speciation|Matin2012|w=0.3|T=20,training,HCO3-,0.007,0.015476017410180903,mole_fraction,0.34456116960701316,0.017675615049296833,True,,,candidate
speciation,Matin2012_state_015,Matin,speciation|Matin2012|w=0.3|T=20,training,MEA + MEAH+,0.0663,0.08171087957325851,mole_fraction,0.09076635706352415,0.00465621587224036,True,,,candidate
speciation,Matin2012_state_016,Matin,speciation|Matin2012|w=0.3|T=20,training,MEA,0.0181,0.028674602439536984,mole_fraction,0.19981883044824553,0.010250489718943687,True,,,candidate
speciation,Matin2012_state_016,Matin,speciation|Matin2012|w=0.3|T=20,training,MEAH+,0.0457,0.053233367598514304,mole_fraction,0.06626774089513608,0.0033994633799998846,True,,,candidate
speciation,Matin2012_state_016,Matin,speciation|Matin2012|w=0.3|T=20,training,MEACOO-,0.0433,0.030335931777218064,mole_fraction,-0.15453055738352114,-0.007927250330557268,True,,,candidate
speciation,Matin2012_state_016,Matin,speciation|Matin2012|w=0.3|T=20,training,HCO3-,0.008,0.01853234002628234,mole_fraction,0.3648402729280902,0.018715911099652992,True,,,candidate
speciation,Matin2012_state_016,Matin,speciation|Matin2012|w=0.3|T=20,training,MEA + MEAH+,0.0638,0.08190797003805128,mole_fraction,0.10850548402995351,0.005566213884862685,True,,,candidate
speciation,Bottinger2008_state_035,Bottinger,speciation|Bottinger2008|w=0.3|T=20,training,MEACOO-,0.0493,0.030066538740835598,mole_fraction,-0.21476348426872177,-0.012158588050517392,True,,,candidate
speciation,Bottinger2008_state_035,Bottinger,speciation|Bottinger2008|w=0.3|T=20,training,MEA + MEAH+,0.062,0.08217665244216665,mole_fraction,0.1223567563165487,0.00692708725748274,True,,,candidate
speciation,Matin2012_state_017,Matin,speciation|Matin2012|w=0.3|T=20,training,MEA,0.0135,0.026439979339869343,mole_fraction,0.2919273429621576,0.014975556713045604,True,,,candidate
speciation,Matin2012_state_017,Matin,speciation|Matin2012|w=0.3|T=20,training,MEAH+,0.0477,0.055840421925098804,mole_fraction,0.06843031207660094,0.003510400940851193,True,,,candidate
speciation,Matin2012_state_017,Matin,speciation|Matin2012|w=0.3|T=20,training,MEACOO-,0.0448,0.029962532860057987,mole_fraction,-0.17469949066326618,-0.00896189477704068,True,,,candidate
speciation,Matin2012_state_017,Matin,speciation|Matin2012|w=0.3|T=20,training,HCO3-,0.0091,0.021892690620643217,mole_fraction,0.38125774749669666,0.019558109774817933,True,,,candidate
speciation,Matin2012_state_017,Matin,speciation|Matin2012|w=0.3|T=20,training,MEA + MEAH+,0.0612,0.08228040126496815,mole_fraction,0.12854497884912952,0.006594218278422545,True,,,candidate
speciation,Matin2012_state_018,Matin,speciation|Matin2012|w=0.3|T=20,training,MEA,0.009,0.024360610225789715,mole_fraction,0.43244565360089937,0.022183993952391907,True,,,candidate
speciation,Matin2012_state_018,Matin,speciation|Matin2012|w=0.3|T=20,training,MEAH+,0.0496,0.05844152227577277,mole_fraction,0.07123984335518374,0.0036545268544177965,True,,,candidate
speciation,Matin2012_state_018,Matin,speciation|Matin2012|w=0.3|T=20,training,MEACOO-,0.0462,0.029439536197027723,mole_fraction,-0.19571101189671813,-0.010039763073535643,True,,,candidate
speciation,Matin2012_state_018,Matin,speciation|Matin2012|w=0.3|T=20,training,HCO3-,0.0102,0.025402895325888818,mole_fraction,0.39628304692085053,0.0203288913719569,True,,,candidate
speciation,Matin2012_state_018,Matin,speciation|Matin2012|w=0.3|T=20,training,MEA + MEAH+,0.0586,0.08280213250156249,mole_fraction,0.15014390581190087,0.007702219853026133,True,,,candidate
speciation,Bottinger2008_state_036,Bottinger,speciation|Bottinger2008|w=0.3|T=20,training,MEACOO-,0.0467,0.028952891520248856,mole_fraction,-0.20762493742219182,-0.009597466127445059,True,,,candidate
speciation,Bottinger2008_state_036,Bottinger,speciation|Bottinger2008|w=0.3|T=20,training,HCO3-,0.0106,0.028155469372843852,mole_fraction,0.4242569064881549,0.01961128243990735,True,,,candidate
speciation,Bottinger2008_state_036,Bottinger,speciation|Bottinger2008|w=0.3|T=20,training,MEA + MEAH+,0.0637,0.08328757405694215,mole_fraction,0.11644078010331592,0.005382476964327341,True,,,candidate
speciation,Matin2012_state_019,Matin,speciation|Matin2012|w=0.3|T=20,training,MEA,0.0046,0.02233767923832098,mole_fraction,0.6862802186402494,0.03520543238945811,True,,,candidate
speciation,Matin2012_state_019,Matin,speciation|Matin2012|w=0.3|T=20,training,MEAH+,0.0515,0.0611465933247442,mole_fraction,0.07456503704937416,0.003825105691754268,True,,,candidate
speciation,Matin2012_state_019,Matin,speciation|Matin2012|w=0.3|T=20,training,MEACOO-,0.0475,0.02875568918595882,mole_fraction,-0.21796982885536811,-0.011181616290665683,True,,,candidate
speciation,Matin2012_state_019,Matin,speciation|Matin2012|w=0.3|T=20,training,HCO3-,0.0114,0.02918599963303976,mole_fraction,0.40826972133723244,0.020943794795191942,True,,,candidate
speciation,Matin2012_state_019,Matin,speciation|Matin2012|w=0.3|T=20,training,MEA + MEAH+,0.0561,0.08348427256306518,mole_fraction,0.17264180605484294,0.008856337783857627,True,,,candidate
speciation,Bottinger2008_state_037,Bottinger,speciation|Bottinger2008|w=0.3|T=20,training,MEACOO-,0.04,0.02599176438065471,mole_fraction,-0.18722422991952548,-0.008654443089539849,True,,,candidate
speciation,Bottinger2008_state_037,Bottinger,speciation|Bottinger2008|w=0.3|T=20,training,HCO3-,0.0254,0.04115092519526956,mole_fraction,0.20954588727059387,0.009686262065599013,True,,,candidate
speciation,Bottinger2008_state_037,Bottinger,speciation|Bottinger2008|w=0.3|T=20,training,MEA + MEAH+,0.0696,0.08623956948652907,mole_fraction,0.09309734021155998,0.004303426073616602,True,,,candidate
speciation,Bottinger2008_state_038,Bottinger,speciation|Bottinger2008|w=0.3|T=20,training,MEACOO-,0.0324,0.02148881540204309,mole_fraction,-0.17833253508445435,-0.008243424350390782,True,,,candidate
speciation,Bottinger2008_state_038,Bottinger,speciation|Bottinger2008|w=0.3|T=20,training,HCO3-,0.041,0.05656044823394247,mole_fraction,0.13972898580808316,0.006458974653841331,True,,,candidate
speciation,Bottinger2008_state_038,Bottinger,speciation|Bottinger2008|w=0.3|T=20,training,MEA + MEAH+,0.0747,0.09071861847545135,mole_fraction,0.08437582605335553,0.003900273939038509,True,,,candidate
speciation,Bottinger2008_state_039,Bottinger,speciation|Bottinger2008|w=0.3|T=20,training,MEACOO-,0.0198,0.01409575790988784,mole_fraction,-0.14757675799766515,-0.006821738051632334,True,,,candidate
speciation,Bottinger2008_state_039,Bottinger,speciation|Bottinger2008|w=0.3|T=20,training,HCO3-,0.0625,0.07771471347519474,mole_fraction,0.09462323281013757,0.004373960483937404,True,,,candidate
speciation,Bottinger2008_state_039,Bottinger,speciation|Bottinger2008|w=0.3|T=20,training,MEA + MEAH+,0.0835,0.09801171321368071,mole_fraction,0.06959150510773314,0.003216868461572384,True,,,candidate
speciation,Bottinger2008_state_040,Bottinger,speciation|Bottinger2008|w=0.3|T=20,training,CO2,0.0046,0.0034287411649595173,mole_fraction,-0.1276231301398661,-0.005109014053030782,True,,,candidate
speciation,Bottinger2008_state_040,Bottinger,speciation|Bottinger2008|w=0.3|T=20,training,MEACOO-,0.0118,0.008454434392929339,mole_fraction,-0.1447974489792564,-0.005796537045183656,True,,,candidate
speciation,Bottinger2008_state_040,Bottinger,speciation|Bottinger2008|w=0.3|T=20,training,HCO3-,0.0785,0.09194300876852851,mole_fraction,0.06864905487470237,0.002748161604387552,True,,,candidate
speciation,Bottinger2008_state_040,Bottinger,speciation|Bottinger2008|w=0.3|T=20,training,MEA + MEAH+,0.0883,0.10340687175994409,mole_fraction,0.06858869657553394,0.0027457453386343883,True,,,candidate
speciation,Bottinger2008_state_041,Bottinger,speciation|Bottinger2008|w=0.3|T=20,training,CO2,0.0066,0.005445688484546465,mole_fraction,-0.08349114123200597,-0.003342320576140226,True,,,candidate
speciation,Bottinger2008_state_041,Bottinger,speciation|Bottinger2008|w=0.3|T=20,training,MEACOO-,0.0114,0.006338309869038078,mole_fraction,-0.2549313840549677,-0.010205422968924401,True,,,candidate
speciation,Bottinger2008_state_041,Bottinger,speciation|Bottinger2008|w=0.3|T=20,training,HCO3-,0.0876,0.09688795336662187,mole_fraction,0.043765675922549215,0.0017520292213773897,True,,,candidate
speciation,Bottinger2008_state_041,Bottinger,speciation|Bottinger2008|w=0.3|T=20,training,MEA + MEAH+,0.0885,0.10529660166045822,mole_fraction,0.07547108430602174,0.0030212613488978367,True,,,candidate
speciation,Bottinger2008_state_042,Bottinger,speciation|Bottinger2008|w=0.3|T=40,training,MEACOO-,0.0144,0.013349905360854971,mole_fraction,-0.032884305151520334,-0.0018617071753434648,True,,,candidate
speciation,Bottinger2008_state_042,Bottinger,speciation|Bottinger2008|w=0.3|T=40,training,MEA + MEAH+,0.1009,0.09889626242664205,mole_fraction,-0.008711287563467346,-0.0004931795422971754,True,,,candidate
speciation,Bottinger2008_state_043,Bottinger,speciation|Bottinger2008|w=0.3|T=40,training,MEACOO-,0.0241,0.021199130803298258,mole_fraction,-0.05569898801733995,-0.0031533342478564526,True,,,candidate
speciation,Bottinger2008_state_043,Bottinger,speciation|Bottinger2008|w=0.3|T=40,training,MEA + MEAH+,0.0934,0.09104700756513351,mole_fraction,-0.011081199787310828,-0.0006273494014970015,True,,,candidate
speciation,Bottinger2008_state_044,Bottinger,speciation|Bottinger2008|w=0.3|T=40,training,MEACOO-,0.0271,0.023758503299639248,mole_fraction,-0.05715021269578069,-0.003235493666595569,True,,,candidate
speciation,Bottinger2008_state_044,Bottinger,speciation|Bottinger2008|w=0.3|T=40,training,MEA + MEAH+,0.0876,0.08848758020899826,mole_fraction,0.0043782128324455815,0.00024786749203876464,True,,,candidate
speciation,Bottinger2008_state_045,Bottinger,speciation|Bottinger2008|w=0.3|T=40,training,MEACOO-,0.0327,0.02662800303002885,mole_fraction,-0.089209154961818,-0.005050473869935647,True,,,candidate
speciation,Bottinger2008_state_045,Bottinger,speciation|Bottinger2008|w=0.3|T=40,training,MEA + MEAH+,0.084,0.0856178585324067,mole_fraction,0.008285075030548835,0.00046905000916276407,True,,,candidate
speciation,Bottinger2008_state_046,Bottinger,speciation|Bottinger2008|w=0.3|T=40,training,MEACOO-,0.0396,0.028968636036553218,mole_fraction,-0.1357671386245348,-0.007686300652804323,True,,,candidate
speciation,Bottinger2008_state_046,Bottinger,speciation|Bottinger2008|w=0.3|T=40,training,MEA + MEAH+,0.0758,0.08327619849851874,mole_fraction,0.040851686076975945,0.0023127712975522198,True,,,candidate
speciation,Bottinger2008_state_047,Bottinger,speciation|Bottinger2008|w=0.3|T=40,training,MEACOO-,0.041,0.02917813872967685,mole_fraction,-0.14772627187690407,-0.008363353249300957,True,,,candidate
speciation,Bottinger2008_state_047,Bottinger,speciation|Bottinger2008|w=0.3|T=40,training,MEA + MEAH+,0.0749,0.08306637216910184,mole_fraction,0.044943425854190214,0.002544420446524002,True,,,candidate
speciation,Bottinger2008_state_048,Bottinger,speciation|Bottinger2008|w=0.3|T=40,training,MEACOO-,0.0492,0.02895869947840429,mole_fraction,-0.23018604876556195,-0.013031718829886688,True,,,candidate
speciation,Bottinger2008_state_048,Bottinger,speciation|Bottinger2008|w=0.3|T=40,training,MEA + MEAH+,0.065,0.08327862405229364,mole_fraction,0.10762018441014294,0.006092793160900556,True,,,candidate
speciation,Bottinger2008_state_049,Bottinger,speciation|Bottinger2008|w=0.3|T=40,training,MEACOO-,0.0502,0.02885163559863571,mole_fraction,-0.24053327881003242,-0.01111865474621856,True,,,candidate
speciation,Bottinger2008_state_049,Bottinger,speciation|Bottinger2008|w=0.3|T=40,training,HCO3-,0.004,0.022564089597572695,mole_fraction,0.7513578242269962,0.034731527711172994,True,,,candidate
speciation,Bottinger2008_state_049,Bottinger,speciation|Bottinger2008|w=0.3|T=40,training,MEA + MEAH+,0.0663,0.08338497096089569,mole_fraction,0.09957425344494024,0.004602821493740754,True,,,candidate
speciation,Bottinger2008_state_050,Bottinger,speciation|Bottinger2008|w=0.3|T=40,training,MEACOO-,0.0511,0.028416195264545578,mole_fraction,-0.25485497173076893,-0.011780675235669395,True,,,candidate
speciation,Bottinger2008_state_050,Bottinger,speciation|Bottinger2008|w=0.3|T=40,training,HCO3-,0.0052,0.025391953558104537,mole_fraction,0.6886927714518807,0.031834834621937924,True,,,candidate
speciation,Bottinger2008_state_050,Bottinger,speciation|Bottinger2008|w=0.3|T=40,training,MEA + MEAH+,0.0646,0.0838175374866546,mole_fraction,0.11310237935614893,0.005228159335199676,True,,,candidate
speciation,Bottinger2008_state_051,Bottinger,speciation|Bottinger2008|w=0.3|T=40,training,MEACOO-,0.0483,0.02789427712818824,mole_fraction,-0.2384320194703243,-0.011021523998880544,True,,,candidate
speciation,Bottinger2008_state_051,Bottinger,speciation|Bottinger2008|w=0.3|T=40,training,HCO3-,0.0091,0.028299114529350824,mole_fraction,0.49273145447411304,0.022776519540261088,True,,,candidate
speciation,Bottinger2008_state_051,Bottinger,speciation|Bottinger2008|w=0.3|T=40,training,MEA + MEAH+,0.0647,0.0843359406121771,mole_fraction,0.11510841238007907,0.005320888244533704,True,,,candidate
speciation,Bottinger2008_state_052,Bottinger,speciation|Bottinger2008|w=0.3|T=40,training,MEACOO-,0.0347,0.02209947325533252,mole_fraction,-0.19594755246452913,-0.009057678816827307,True,,,candidate
speciation,Bottinger2008_state_052,Bottinger,speciation|Bottinger2008|w=0.3|T=40,training,HCO3-,0.0428,0.05127862760393238,mole_fraction,0.07849262440837426,0.003628322846796534,True,,,candidate
speciation,Bottinger2008_state_052,Bottinger,speciation|Bottinger2008|w=0.3|T=40,training,MEA + MEAH+,0.0759,0.09007050206585754,mole_fraction,0.07434080767456515,0.0034364050503852754,True,,,candidate
speciation,Bottinger2008_state_053,Bottinger,speciation|Bottinger2008|w=0.3|T=40,training,MEACOO-,0.0323,0.021173622422732793,mole_fraction,-0.18340735804700223,-0.008478008124818583,True,,,candidate
speciation,Bottinger2008_state_053,Bottinger,speciation|Bottinger2008|w=0.3|T=40,training,HCO3-,0.0382,0.05433729967437432,mole_fraction,0.15303468917424817,0.007074031009518533,True,,,candidate
speciation,Bottinger2008_state_053,Bottinger,speciation|Bottinger2008|w=0.3|T=40,training,MEA + MEAH+,0.0739,0.09098129911821484,mole_fraction,0.0903076954163665,0.0041744746973422266,True,,,candidate
speciation,Bottinger2008_state_054,Bottinger,speciation|Bottinger2008|w=0.3|T=40,training,MEACOO-,0.0188,0.017303611207399337,mole_fraction,-0.03602110082952407,-0.0016650759748654802,True,,,candidate
speciation,Bottinger2008_state_054,Bottinger,speciation|Bottinger2008|w=0.3|T=40,training,HCO3-,0.0596,0.06629931909155962,mole_fraction,0.04626280838856592,0.0021384990742556406,True,,,candidate
speciation,Bottinger2008_state_054,Bottinger,speciation|Bottinger2008|w=0.3|T=40,training,MEA + MEAH+,0.0807,0.09476086992970238,mole_fraction,0.06975550428449502,0.003224449326199933,True,,,candidate
speciation,Bottinger2008_state_055,Bottinger,speciation|Bottinger2008|w=0.3|T=60,training,MEACOO-,0.0147,0.014126402900921575,mole_fraction,-0.017285746088606585,-0.0009786126657092005,True,,,candidate
speciation,Bottinger2008_state_055,Bottinger,speciation|Bottinger2008|w=0.3|T=60,training,MEA + MEAH+,0.0974,0.09811975322452869,mole_fraction,0.003197490387487282,0.0001810222466324977,True,,,candidate
speciation,Bottinger2008_state_056,Bottinger,speciation|Bottinger2008|w=0.3|T=60,training,MEACOO-,0.0231,0.020949421113731242,mole_fraction,-0.042439953095111844,-0.0024026892109884498,True,,,candidate
speciation,Bottinger2008_state_056,Bottinger,speciation|Bottinger2008|w=0.3|T=60,training,MEA + MEAH+,0.0905,0.09129657620158382,mole_fraction,0.0038059117503393167,0.00021546732344451344,True,,,candidate
speciation,Bottinger2008_state_057,Bottinger,speciation|Bottinger2008|w=0.3|T=60,training,MEACOO-,0.0302,0.025806961361325473,mole_fraction,-0.06827007137328425,-0.0038650316967691082,True,,,candidate
speciation,Bottinger2008_state_057,Bottinger,speciation|Bottinger2008|w=0.3|T=60,training,MEA + MEAH+,0.0791,0.08643783996515894,mole_fraction,0.03852742206506249,0.0021811857594533006,True,,,candidate
speciation,Bottinger2008_state_058,Bottinger,speciation|Bottinger2008|w=0.3|T=60,training,MEACOO-,0.0417,0.027985819283931446,mole_fraction,-0.17319802958834968,-0.008006081749873384,True,,,candidate
speciation,Bottinger2008_state_058,Bottinger,speciation|Bottinger2008|w=0.3|T=60,training,HCO3-,0.0042,0.018081348684473468,mole_fraction,0.6339815308951778,0.029305806632560525,True,,,candidate
speciation,Bottinger2008_state_058,Bottinger,speciation|Bottinger2008|w=0.3|T=60,training,MEA + MEAH+,0.0687,0.08424345983510395,mole_fraction,0.08857945773276905,0.004094586882157615,True,,,candidate
speciation,Bottinger2008_state_059,Bottinger,speciation|Bottinger2008|w=0.3|T=60,training,MEACOO-,0.0424,0.026767134064028718,mole_fraction,-0.19976398248491206,-0.009234093356926163,True,,,candidate
speciation,Bottinger2008_state_059,Bottinger,speciation|Bottinger2008|w=0.3|T=60,training,HCO3-,0.0072,0.027449517173586655,mole_fraction,0.5812022133496986,0.02686608181596794,True,,,candidate
speciation,Bottinger2008_state_059,Bottinger,speciation|Bottinger2008|w=0.3|T=60,training,MEA + MEAH+,0.068,0.08543698903774402,mole_fraction,0.0991370218830358,0.004582610457642066,True,,,candidate
speciation,Bottinger2008_state_060,Bottinger,speciation|Bottinger2008|w=0.3|T=60,training,MEACOO-,0.0455,0.024782020723161453,mole_fraction,-0.263874680850391,-0.012197611437215133,True,,,candidate
speciation,Bottinger2008_state_060,Bottinger,speciation|Bottinger2008|w=0.3|T=60,training,HCO3-,0.0163,0.03694242019932579,mole_fraction,0.3553377394555979,0.016425492816854122,True,,,candidate
speciation,Bottinger2008_state_060,Bottinger,speciation|Bottinger2008|w=0.3|T=60,training,MEA + MEAH+,0.0652,0.0873781149372565,mole_fraction,0.12715507543610943,0.005877745441286976,True,,,candidate
speciation,Bottinger2008_state_061,Bottinger,speciation|Bottinger2008|w=0.3|T=60,training,MEACOO-,0.0375,0.02289452839032227,mole_fraction,-0.21429956590419386,-0.009906000938169813,True,,,candidate
speciation,Bottinger2008_state_061,Bottinger,speciation|Bottinger2008|w=0.3|T=60,training,HCO3-,0.0304,0.04441800943684987,mole_fraction,0.16468550842534765,0.007612590319915997,True,,,candidate
speciation,Bottinger2008_state_061,Bottinger,speciation|Bottinger2008|w=0.3|T=60,training,MEA + MEAH+,0.0678,0.089211662897436,mole_fraction,0.11919194078815597,0.005509649411971334,True,,,candidate
speciation,Bottinger2008_state_062,Bottinger,speciation|Bottinger2008|w=0.3|T=60,training,MEACOO-,0.0357,0.016836881224089505,mole_fraction,-0.3264065679395178,-0.01508814894043784,True,,,candidate
speciation,Bottinger2008_state_062,Bottinger,speciation|Bottinger2008|w=0.3|T=60,training,HCO3-,0.0229,0.06469028322280883,mole_fraction,0.45100357020473947,0.020847647407570655,True,,,candidate
speciation,Bottinger2008_state_062,Bottinger,speciation|Bottinger2008|w=0.3|T=60,training,MEA + MEAH+,0.0702,0.094956852084171,mole_fraction,0.13118919675339208,0.006064222765144731,True,,,candidate
speciation,Bottinger2008_state_063,Bottinger,speciation|Bottinger2008|w=0.3|T=80,training,MEACOO-,0.0068,0.00701731144095208,mole_fraction,0.013661839023577543,0.000773449328528864,True,,,candidate
speciation,Bottinger2008_state_063,Bottinger,speciation|Bottinger2008|w=0.3|T=80,training,MEA + MEAH+,0.1084,0.10522885374121668,mole_fraction,-0.012894442551631441,-0.000730004058465456,True,,,candidate
speciation,Bottinger2008_state_064,Bottinger,speciation|Bottinger2008|w=0.3|T=80,training,MEACOO-,0.014,0.015063045992143781,mole_fraction,0.031784766453331,0.0017994580545378132,True,,,candidate
speciation,Bottinger2008_state_064,Bottinger,speciation|Bottinger2008|w=0.3|T=80,training,MEA + MEAH+,0.1005,0.09718300917993491,mole_fraction,-0.014575719303572734,-0.0008251876111786734,True,,,candidate
speciation,Bottinger2008_state_065,Bottinger,speciation|Bottinger2008|w=0.3|T=80,training,MEACOO-,0.0224,0.023289427834550992,mole_fraction,0.016910800756567878,0.0009573855662828432,True,,,candidate
speciation,Bottinger2008_state_065,Bottinger,speciation|Bottinger2008|w=0.3|T=80,training,MEA + MEAH+,0.0906,0.08895399315452437,mole_fraction,-0.007962749292277728,-0.00045080190761486024,True,,,candidate
speciation,Bottinger2008_state_066,Bottinger,speciation|Bottinger2008|w=0.3|T=80,training,MEACOO-,0.0337,0.026317739003142736,mole_fraction,-0.10738132522415529,-0.0060792704223661415,True,,,candidate
speciation,Bottinger2008_state_066,Bottinger,speciation|Bottinger2008|w=0.3|T=80,training,MEA + MEAH+,0.0858,0.08591055767307276,mole_fraction,0.0005592503411921752,3.166131588347147e-05,True,,,candidate
speciation,Bottinger2008_state_067,Bottinger,speciation|Bottinger2008|w=0.3|T=80,training,MEACOO-,0.0336,0.02654429584560306,mole_fraction,-0.10236806831636608,-0.00473196563185716,True,,,candidate
speciation,Bottinger2008_state_067,Bottinger,speciation|Bottinger2008|w=0.3|T=80,training,HCO3-,0.0046,0.01756780436731307,mole_fraction,0.5819596548708991,0.02690109456267119,True,,,candidate
speciation,Bottinger2008_state_067,Bottinger,speciation|Bottinger2008|w=0.3|T=80,training,MEA + MEAH+,0.0872,0.08565680144597479,mole_fraction,-0.007754631779543036,-0.0003584579808139099,True,,,candidate
speciation,Bottinger2008_state_068,Bottinger,speciation|Bottinger2008|w=0.3|T=80,training,MEACOO-,0.0503,0.02480150980577318,mole_fraction,-0.30708986550561546,-0.014195234054562009,True,,,candidate
speciation,Bottinger2008_state_068,Bottinger,speciation|Bottinger2008|w=0.3|T=80,training,HCO3-,0.0166,0.03087204217910903,mole_fraction,0.26945727088107824,0.012455666752670734,True,,,candidate
speciation,Bottinger2008_state_068,Bottinger,speciation|Bottinger2008|w=0.3|T=80,training,MEA + MEAH+,0.0721,0.08728826013707239,mole_fraction,0.08302057233621542,0.00383762731380246,True,,,candidate
density,AMU-DENS-036,Amundsen2009,Amundsen2009|loaded|w=0.20|T=25,training,mass_density,1018.8,1011.5664318777156,kg/m^3,-0.0030945271377563334,-0.000326191801217055,True,,2.0,candidate
density,AMU-DENS-037,Amundsen2009,Amundsen2009|loaded|w=0.20|T=25,training,mass_density,1032.7,1021.5097601181683,kg/m^3,-0.004731656522138081,-0.0004987603905182421,True,,2.0,candidate
density,AMU-DENS-038,Amundsen2009,Amundsen2009|loaded|w=0.20|T=25,training,mass_density,1047.6000000000001,1031.3017373947237,kg/m^3,-0.006809740363534654,-0.0007178096607717511,True,,2.0,candidate
density,AMU-DENS-039,Amundsen2009,Amundsen2009|loaded|w=0.20|T=25,training,mass_density,1064.0,1041.3140402306772,kg/m^3,-0.00935990385528804,-0.0009866204954300417,True,,2.0,candidate
density,AMU-DENS-040,Amundsen2009,Amundsen2009|loaded|w=0.20|T=25,training,mass_density,1080.0,1051.7993579923316,kg/m^3,-0.01149085409838054,-0.0012112423737187681,True,,2.0,candidate
density,AMU-DENS-046,Amundsen2009,Amundsen2009|loaded|w=0.20|T=50,training,mass_density,1007.6,1000.7113672917262,kg/m^3,-0.002979325770520475,-0.0003140485108826947,True,,2.0,candidate
density,AMU-DENS-047,Amundsen2009,Amundsen2009|loaded|w=0.20|T=50,training,mass_density,1021.5000000000001,1010.5471624230235,kg/m^3,-0.004681784040343468,-0.0004935033693503668,True,,2.0,candidate
density,AMU-DENS-048,Amundsen2009,Amundsen2009|loaded|w=0.20|T=50,training,mass_density,1036.4,1020.2418318604966,kg/m^3,-0.006824277851682843,-0.0007193420465719505,True,,2.0,candidate
density,AMU-DENS-049,Amundsen2009,Amundsen2009|loaded|w=0.20|T=50,training,mass_density,1053.0,1030.0787125647494,kg/m^3,-0.009557958978948256,-0.001007497338531128,True,,2.0,candidate
density,AMU-DENS-050,Amundsen2009,Amundsen2009|loaded|w=0.20|T=50,training,mass_density,1068.0,1040.0829753458768,kg/m^3,-0.011503265030884684,-0.0012125506008720918,True,,2.0,candidate
density,AMU-DENS-051,Amundsen2009,Amundsen2009|loaded|w=0.20|T=70,training,mass_density,996.5,989.5647150028407,kg/m^3,-0.003033101816374935,-0.0003197170038312863,True,,2.0,candidate
density,AMU-DENS-052,Amundsen2009,Amundsen2009|loaded|w=0.20|T=70,training,mass_density,1010.5,999.299455914413,kg/m^3,-0.004840666899437279,-0.0005102510932135681,True,,2.0,candidate
density,AMU-DENS-053,Amundsen2009,Amundsen2009|loaded|w=0.20|T=70,training,mass_density,1025.4,1008.8564052550087,kg/m^3,-0.007063957415854819,-0.0007446064909512817,True,,2.0,candidate
density,AMU-DENS-054,Amundsen2009,Amundsen2009|loaded|w=0.20|T=70,training,mass_density,1041.9,1018.3952858463166,kg/m^3,-0.009909657730142074,-0.0010445696419981057,True,,2.0,candidate
density,AMU-DENS-055,Amundsen2009,Amundsen2009|loaded|w=0.20|T=70,training,mass_density,1057.0,1027.8151232314713,kg/m^3,-0.012159983719260546,-0.0012817748287809608,True,,2.0,candidate
density,AMU-DENS-060,Amundsen2009,Amundsen2009|loaded|w=0.30|T=25,training,mass_density,1028.0,1018.471181427961,kg/m^3,-0.004044369908133839,-0.0004263140203316293,True,,2.0,candidate
density,AMU-DENS-061,Amundsen2009,Amundsen2009|loaded|w=0.30|T=25,training,mass_density,1048.0,1032.8957418020739,kg/m^3,-0.006304795634519278,-0.0006645838128989145,True,,2.0,candidate
density,AMU-DENS-062,Amundsen2009,Amundsen2009|loaded|w=0.30|T=25,training,mass_density,1070.0,1047.1113607724267,kg/m^3,-0.00939090613326222,-0.0009898884224651113,True,,2.0,candidate
density,AMU-DENS-063,Amundsen2009,Amundsen2009|loaded|w=0.30|T=25,training,mass_density,1095.6999999999998,1061.8427357747219,kg/m^3,-0.013631461327963756,-0.0014368821877622992,True,,2.0,candidate
density,AMU-DENS-064,Amundsen2009,Amundsen2009|loaded|w=0.30|T=25,training,mass_density,1121.1,1076.8750256358355,kg/m^3,-0.017479047438483067,-0.0018424533745246112,True,,2.0,candidate
density,AMU-DENS-070,Amundsen2009,Amundsen2009|loaded|w=0.30|T=50,training,mass_density,1016.0,1006.673054584745,kg/m^3,-0.004005263854018003,-0.00042219188028803456,True,,2.0,candidate
density,AMU-DENS-071,Amundsen2009,Amundsen2009|loaded|w=0.30|T=50,training,mass_density,1035.5,1020.9084607315236,kg/m^3,-0.006163300203707076,-0.0006496688849031369,True,,2.0,candidate
density,AMU-DENS-072,Amundsen2009,Amundsen2009|loaded|w=0.30|T=50,training,mass_density,1058.0,1034.9077993691556,kg/m^3,-0.009584007769848885,-0.0010102431221824433,True,,2.0,candidate
density,AMU-DENS-073,Amundsen2009,Amundsen2009|loaded|w=0.30|T=50,training,mass_density,1083.0,1049.066834163032,kg/m^3,-0.013825299429284075,-0.001457314517678789,True,,2.0,candidate
density,AMU-DENS-074,Amundsen2009,Amundsen2009|loaded|w=0.30|T=50,training,mass_density,1108.0,1063.0282558865665,kg/m^3,-0.017994951925063726,-0.0018968344822810996,True,,2.0,candidate
density,AMU-DENS-075,Amundsen2009,Amundsen2009|loaded|w=0.30|T=70,training,mass_density,1004.0,995.0473841562584,kg/m^3,-0.0038899504676905613,-0.00045843505903062965,True,,2.0,candidate
density,AMU-DENS-076,Amundsen2009,Amundsen2009|loaded|w=0.30|T=70,training,mass_density,1024.0,1009.1006008247722,kg/m^3,-0.006365491884391688,-0.0007501804128402163,True,,2.0,candidate
density,AMU-DENS-077,Amundsen2009,Amundsen2009|loaded|w=0.30|T=70,training,mass_density,1046.4,1022.7708461723607,kg/m^3,-0.009919390905247615,-0.0011690114290567924,True,,2.0,candidate
density,AMU-DENS-078,Amundsen2009,Amundsen2009|loaded|w=0.30|T=70,training,mass_density,1071.9,1036.202488430184,kg/m^3,-0.01470964001577913,-0.001733547700661736,True,,2.0,candidate
density,AMU-DENS-083,Amundsen2009,Amundsen2009|loaded|w=0.40|T=25,training,mass_density,1038.0,1025.0990620523223,kg/m^3,-0.005431517365672277,-0.0005725322008760682,True,,2.0,candidate
density,AMU-DENS-084,Amundsen2009,Amundsen2009|loaded|w=0.40|T=25,training,mass_density,1063.0,1043.6110263502483,kg/m^3,-0.007994605500086103,-0.000842705412492718,True,,2.0,candidate
density,AMU-DENS-085,Amundsen2009,Amundsen2009|loaded|w=0.40|T=25,training,mass_density,1093.0,1061.9758403375251,kg/m^3,-0.012505525173599298,-0.0013181980961715451,True,,2.0,candidate
density,AMU-DENS-086,Amundsen2009,Amundsen2009|loaded|w=0.40|T=25,training,mass_density,1128.5,1080.85683422445,kg/m^3,-0.018733390481682727,-0.001974672740647875,True,,2.0,candidate
density,AMU-DENS-087,Amundsen2009,Amundsen2009|loaded|w=0.40|T=25,training,mass_density,1159.7,1099.3225306267445,kg/m^3,-0.02322052823153147,-0.002447658589462704,True,,2.0,candidate
density,AMU-DENS-092,Amundsen2009,Amundsen2009|loaded|w=0.40|T=50,training,mass_density,1024.0,1012.2917909079038,kg/m^3,-0.004994241650284289,-0.0005885770229667191,True,,2.0,candidate
density,AMU-DENS-093,Amundsen2009,Amundsen2009|loaded|w=0.40|T=50,training,mass_density,1049.0,1030.5191167030732,kg/m^3,-0.007719435599286442,-0.0009097442098647139,True,,2.0,candidate
density,AMU-DENS-094,Amundsen2009,Amundsen2009|loaded|w=0.40|T=50,training,mass_density,1079.7,1048.3799415040023,kg/m^3,-0.012784398309630905,-0.001506655789688308,True,,2.0,candidate
density,AMU-DENS-095,Amundsen2009,Amundsen2009|loaded|w=0.40|T=50,training,mass_density,1115.0,1066.0178434688012,kg/m^3,-0.01951039322347382,-0.002299321891989067,True,,2.0,candidate
density,AMU-DENS-096,Amundsen2009,Amundsen2009|loaded|w=0.40|T=70,training,mass_density,1012.0,1000.1403258326437,kg/m^3,-0.0051195740445146645,-0.0006033475872771598,True,,2.0,candidate
density,AMU-DENS-097,Amundsen2009,Amundsen2009|loaded|w=0.40|T=70,training,mass_density,1037.0,1018.0696798288012,kg/m^3,-0.008001252917252606,-0.0009429566992963272,True,,2.0,candidate
density,AMU-DENS-098,Amundsen2009,Amundsen2009|loaded|w=0.40|T=70,training,mass_density,1068.0,1035.247004616987,kg/m^3,-0.013527270103676861,-0.0015942040702086602,True,,2.0,candidate
density,AMU-DENS-099,Amundsen2009,Amundsen2009|loaded|w=0.40|T=70,training,mass_density,1104.0,1051.5101426159717,kg/m^3,-0.021155607249675867,-0.002493212224394182,True,,2.0,candidate
