source,species,CO2_loading,mole_fraction
model,CO2,0.11372,6.691715068246186e-11
model,CO2,0.1217,7.994952013003401e-11
model,CO2,0.12968,9.491348853897377e-11
model,CO2,0.13766,1.1176139122398232e-10
model,CO2,0.14564,1.3066741116813124e-10
model,CO2,0.15362,1.5181773837100818e-10
model,CO2,0.1616,1.7625715664070898e-10
model,CO2,0.16958,2.0384452204912432e-10
model,CO2,0.17756,2.3470259862548036e-10
model,CO2,0.18554,2.6915624519897716e-10
model,CO2,0.19352,3.075661768000285e-10
model,CO2,0.2015,3.521956205731838e-10
model,CO2,0.20948,4.0218389194116176e-10
model,CO2,0.21746,4.581241025628771e-10
model,CO2,0.22544,5.206636049870924e-10
model,CO2,0.23342,5.911533037444038e-10
model,CO2,0.2414,6.728666635927905e-10
model,CO2,0.24938,7.648569320372556e-10
model,CO2,0.25736,8.683995676969465e-10
model,CO2,0.26534,9.849001306926378e-10
model,CO2,0.27332,1.118531304329331e-09
model,CO2,0.2813,1.274047599889893e-09
model,CO2,0.28928,1.4510081009035963e-09
model,CO2,0.29726,1.6524794050892334e-09
model,CO2,0.30524,1.8818820956593544e-09
model,CO2,0.31322,2.152077791047733e-09
model,CO2,0.3212,2.4699097643539387e-09
model,CO2,0.32918,2.838152362924951e-09
model,CO2,0.33716,3.2654043441364294e-09
model,CO2,0.34514,3.761402706159636e-09
model,CO2,0.35312,4.369911865598468e-09
model,CO2,0.3611,5.100361028569974e-09
model,CO2,0.3690800000000001,5.97203504255978e-09
model,CO2,0.37706,7.015022026730367e-09
model,CO2,0.38504,8.265478402067752e-09
model,CO2,0.39302,9.901837912577926e-09
model,CO2,0.401,1.1941238786908761e-08
model,CO2,0.40898,1.4500300098674086e-08
model,CO2,0.41696,1.7725912918419297e-08
model,CO2,0.42494,2.1893541994955327e-08
model,CO2,0.4329200000000001,2.7787779313010943e-08
model,CO2,0.4409,3.5775712527397226e-08
model,CO2,0.44888,4.672485506874643e-08
model,CO2,0.45686,6.179309967457367e-08
model,CO2,0.46484,8.395227122600366e-08
model,CO2,0.4728200000000001,1.1935164541216698e-07
model,CO2,0.4808,1.731331895903471e-07
model,CO2,0.48878,2.539406293721277e-07
model,CO2,0.4967600000000001,3.7234422942194274e-07
model,CO2,0.5047400000000001,5.601693793250854e-07
model,CO2,0.5127200000000001,8.443755867767503e-07
model,CO2,0.5207,1.2365116420596229e-06
model,CO2,0.52868,1.7551029511823335e-06
model,CO2,0.53666,2.4182920806592054e-06
model,CO2,0.54464,3.300901286008079e-06
model,CO2,0.5526200000000001,4.392051873154115e-06
model,CO2,0.5606000000000001,5.698260139622167e-06
model,CO2,0.5685800000000001,7.237457172110461e-06
model,CO2,0.5765600000000001,9.030252389816937e-06
model,CO2,0.5845400000000001,1.1204431217211976e-05
model,CO2,0.59252,1.369482988916376e-05
model,CO2,0.6005,1.6525371506498445e-05
model,CO2,0.6084800000000001,1.972108842220058e-05
model,CO2,0.6164600000000001,2.334324718293641e-05
model,CO2,0.6244400000000001,2.7528189670282184e-05
model,CO2,0.6324200000000001,3.220028903113298e-05
model,CO2,0.6404000000000001,3.739534017596303e-05
model,CO2,0.6483800000000001,4.315093846032693e-05
model,CO2,0.65636,4.960977758205774e-05
model,CO2,0.66434,5.688949516196351e-05
model,CO2,0.67232,6.491705102279045e-05
model,CO2,0.6803000000000001,7.374791381482144e-05
model,CO2,0.6882800000000001,8.344052041430659e-05
model,CO2,0.6962600000000001,9.429352925464472e-05
model,CO2,0.7042400000000001,0.0001063490212785
model,CO2,0.7122200000000001,0.0001195642926008
model,CO2,0.7202000000000001,0.0001340284712555
model,CO2,0.72818,0.0001498357617864
model,CO2,0.7361600000000001,0.0001675836491692
model,CO2,0.7441400000000001,0.000187120795317
model,CO2,0.7521200000000001,0.0002084949447187
model,CO2,0.7601000000000001,0.0002318553907187
model,CO2,0.7680800000000001,0.0002573858673619
model,CO2,0.7760600000000001,0.0002861920023883
model,CO2,0.7840400000000001,0.0003177553124458
model,CO2,0.7920200000000001,0.0003523199345558
model,CO2,0.8,0.0003901475144974
reference,CO2,0.78,0.0009
model,MEA,0.11372,0.0867720939750148
model,MEA,0.1217,0.0849863290578881
model,MEA,0.12968,0.0832008193238803
model,MEA,0.13766,0.0814155478146034
model,MEA,0.14564,0.0796305274467604
model,MEA,0.15362,0.0778457717673306
model,MEA,0.1616,0.0760613848738277
model,MEA,0.16958,0.0742773320627883
model,MEA,0.17756,0.0724936125400464
model,MEA,0.18554,0.0707102464881979
model,MEA,0.19352,0.0689272562406792
model,MEA,0.2015,0.0671448245696241
model,MEA,0.20948,0.0653628477191611
model,MEA,0.21746,0.0635813569566693
model,MEA,0.22544,0.061800385593242
model,MEA,0.23342,0.060020015423396
model,MEA,0.2414,0.0582404454110099
model,MEA,0.24938,0.0564615681573077
model,MEA,0.25736,0.0546834385237163
model,MEA,0.26534,0.052906115419978
model,MEA,0.27332,0.0511298090687205
model,MEA,0.2813,0.0493547214299686
model,MEA,0.28928,0.0475807617143842
model,MEA,0.29726,0.0458080350728754
model,MEA,0.30524,0.0440366555549417
model,MEA,0.31322,0.0422671324896858
model,MEA,0.3212,0.0404996275784223
model,MEA,0.32918,0.0387341333521904
model,MEA,0.33716,0.0369708768356242
model,MEA,0.34514,0.035210107373778
model,MEA,0.35312,0.0334531180571842
model,MEA,0.3611,0.0316998940917472
model,MEA,0.3690800000000001,0.0299507474170733
model,MEA,0.37706,0.028206256720613
model,MEA,0.38504,0.0264671018524785
model,MEA,0.39302,0.0247369272787466
model,MEA,0.401,0.0230151828039338
model,MEA,0.40898,0.0213034516345452
model,MEA,0.41696,0.0196035973045805
model,MEA,0.42494,0.0179192177507444
model,MEA,0.4329200000000001,0.0162595460123389
model,MEA,0.4409,0.0146257910250589
model,MEA,0.44888,0.0130244600701354
model,MEA,0.45686,0.0114633361035806
model,MEA,0.46484,0.0099624429764491
model,MEA,0.4728200000000001,0.008551224549632
model,MEA,0.4808,0.0072381736974458
model,MEA,0.48878,0.0060420517486996
model,MEA,0.4967600000000001,0.0049804322275006
model,MEA,0.5047400000000001,0.0041034084632604
model,MEA,0.5127200000000001,0.0033957909275244
model,MEA,0.5207,0.0028200846287255
model,MEA,0.52868,0.0023587839344209
model,MEA,0.53666,0.0019928193451362
model,MEA,0.54464,0.0017172267230225
model,MEA,0.5526200000000001,0.0014940653408125
model,MEA,0.5606000000000001,0.0013099746189828
model,MEA,0.5685800000000001,0.001157286016556
model,MEA,0.5765600000000001,0.0010297965172938
model,MEA,0.5845400000000001,0.0009269992639113
model,MEA,0.59252,0.0008379063536188
model,MEA,0.6005,0.0007604161290113
model,MEA,0.6084800000000001,0.0006926935737607
model,MEA,0.6164600000000001,0.0006336994785063
model,MEA,0.6244400000000001,0.0005828558024625
model,MEA,0.6324200000000001,0.0005372258068345
model,MEA,0.6404000000000001,0.0004961683704516
model,MEA,0.6483800000000001,0.0004591125391367
model,MEA,0.65636,0.0004259908505546
model,MEA,0.66434,0.0003962932571078
model,MEA,0.67232,0.0003690504536178
model,MEA,0.6803000000000001,0.0003440150057423
model,MEA,0.6882800000000001,0.0003209626060354
model,MEA,0.6962600000000001,0.000300025474028
model,MEA,0.7042400000000001,0.0002807756549476
model,MEA,0.7122200000000001,0.0002628609787596
model,MEA,0.7202000000000001,0.0002461684502828
model,MEA,0.72818,0.0002305942116681
model,MEA,0.7361600000000001,0.0002163019561594
model,MEA,0.7441400000000001,0.0002029370199432
model,MEA,0.7521200000000001,0.0001903764971146
model,MEA,0.7601000000000001,0.0001785622990846
model,MEA,0.7680800000000001,0.0001674469628067
model,MEA,0.7760600000000001,0.0001571665175074
model,MEA,0.7840400000000001,0.0001474448009608
model,MEA,0.7920200000000001,0.0001382474112988
model,MEA,0.8,0.0001295419887976
reference,MEA,0.11,0.0985
reference,MEA,0.21,0.0715
reference,MEA,0.25,0.0559
reference,MEA,0.29,0.0563
reference,MEA,0.4,0.0376
reference,MEA,0.6,0.0028
reference,MEA,0.78,0.0012
model,H2O,0.11372,0.8877001214874279
model,H2O,0.1217,0.8876945417015908
model,H2O,0.12968,0.8876887067346735
model,H2O,0.13766,0.8876826335450185
model,H2O,0.14564,0.887676309216111
model,H2O,0.15362,0.8876697202011726
model,H2O,0.1616,0.8876627624038069
model,H2O,0.16958,0.8876554705273355
model,H2O,0.17756,0.8876478453660611
model,H2O,0.18554,0.8876398667377404
model,H2O,0.19352,0.8876315123093284
model,H2O,0.2015,0.8876225993111301
model,H2O,0.20948,0.8876132314981044
model,H2O,0.21746,0.8876033776035184
model,H2O,0.22544,0.8875930043169846
model,H2O,0.23342,0.8875820298454538
model,H2O,0.2414,0.8875702552286028
model,H2O,0.24938,0.887557787864201
model,H2O,0.25736,0.8875445728922169
model,H2O,0.26534,0.8875305514044464
model,H2O,0.27332,0.8875155131828136
model,H2O,0.2813,0.887499256272496
model,H2O,0.28928,0.8874818714623817
model,H2O,0.29726,0.8874632536049293
model,H2O,0.30524,0.8874432886543965
model,H2O,0.31322,0.8874214672957719
model,H2O,0.3212,0.8873976278352883
model,H2O,0.32918,0.887371777744999
model,H2O,0.33716,0.8873436900097427
model,H2O,0.34514,0.887313115295196
model,H2O,0.35312,0.8872787605589786
model,H2O,0.3611,0.8872406406056974
model,H2O,0.3690800000000001,0.8871984435170869
model,H2O,0.37706,0.8871515906389499
model,H2O,0.38504,0.8870994021611426
model,H2O,0.39302,0.887038233814704
model,H2O,0.401,0.8869686358145024
model,H2O,0.40898,0.886889025083279
model,H2O,0.41696,0.8867975382499104
model,H2O,0.42494,0.8866905776830902
model,H2O,0.4329200000000001,0.8865589112140219
model,H2O,0.4409,0.8864013303162249
model,H2O,0.44888,0.8862113286735545
model,H2O,0.45686,0.8859811246189603
model,H2O,0.46484,0.8856906976100013
model,H2O,0.4728200000000001,0.8853106106443395
model,H2O,0.4808,0.8848323766035419
model,H2O,0.48878,0.8842372438389513
model,H2O,0.4967600000000001,0.8835076506800379
model,H2O,0.5047400000000001,0.8825935395223127
model,H2O,0.5127200000000001,0.8815101303952533
model,H2O,0.5207,0.8802949315927717
model,H2O,0.52868,0.8789654699430223
model,H2O,0.53666,0.8775408357878962
model,H2O,0.54464,0.8760260788096621
model,H2O,0.5526200000000001,0.8744591283136276
model,H2O,0.5606000000000001,0.8728533530043162
model,H2O,0.5685800000000001,0.8712164425758869
model,H2O,0.5765600000000001,0.8695546243442035
model,H2O,0.5845400000000001,0.867868553545225
model,H2O,0.59252,0.8661691442263496
model,H2O,0.6005,0.864458526605416
model,H2O,0.6084800000000001,0.862738565618007
model,H2O,0.6164600000000001,0.8610103727812048
model,H2O,0.6244400000000001,0.8592746869504965
model,H2O,0.6324200000000001,0.857534358099116
model,H2O,0.6404000000000001,0.8557900704497922
model,H2O,0.6483800000000001,0.8540424402648539
model,H2O,0.65636,0.8522917045568333
model,H2O,0.66434,0.8505385145641832
model,H2O,0.67232,0.84878375525654
model,H2O,0.6803000000000001,0.8470277413039258
model,H2O,0.6882800000000001,0.8452707678946382
model,H2O,0.6962600000000001,0.8435130603640121
model,H2O,0.7042400000000001,0.8417551000435759
model,H2O,0.7122200000000001,0.8399971905974978
model,H2O,0.7202000000000001,0.8382395536370436
model,H2O,0.72818,0.8364824078836718
model,H2O,0.7361600000000001,0.834726310090109
model,H2O,0.7441400000000001,0.8329714374835903
model,H2O,0.7521200000000001,0.8312179734900088
model,H2O,0.7601000000000001,0.8294661589506809
model,H2O,0.7680800000000001,0.8277162659591634
model,H2O,0.7760600000000001,0.8259695006336812
model,H2O,0.7840400000000001,0.8242255176209599
model,H2O,0.7920200000000001,0.8224846512276338
model,H2O,0.8,0.8207472553816926
model,MEAH+,0.11372,0.01276389223532
model,MEAH+,0.1217,0.0136595645802857
model,MEAH+,0.12968,0.0145552369232663
model,MEAH+,0.13766,0.0154509092643083
model,MEAH+,0.14564,0.0163465816032306
model,MEAH+,0.15362,0.0172422539398395
model,MEAH+,0.1616,0.018137926273054
model,MEAH+,0.16958,0.0190335986030158
model,MEAH+,0.17756,0.0199292709295949
model,MEAH+,0.18554,0.0208249432524527
model,MEAH+,0.19352,0.0217206155712131
model,MEAH+,0.2015,0.022616287883525
model,MEAH+,0.20948,0.0235119601902752
model,MEAH+,0.21746,0.024407632490844
model,MEAH+,0.22544,0.0253033047845548
model,MEAH+,0.23342,0.0261989770699984
model,MEAH+,0.2414,0.0270946493437603
model,MEAH+,0.24938,0.0279903216068171
model,MEAH+,0.25736,0.0288859938578336
model,MEAH+,0.26534,0.0297816660953377
model,MEAH+,0.27332,0.0306773383149673
model,MEAH+,0.2813,0.0315730105117438
model,MEAH+,0.28928,0.0324686826861129
model,MEAH+,0.29726,0.0333643548348579
model,MEAH+,0.30524,0.0342600269543898
model,MEAH+,0.31322,0.0351556990312321
model,MEAH+,0.3212,0.0360513710581897
model,MEAH+,0.32918,0.0369470430323291
model,MEAH+,0.33716,0.0378427149446143
model,MEAH+,0.34514,0.0387383867848116
model,MEAH+,0.35312,0.0396340585069627
model,MEAH+,0.3611,0.0405297301010971
model,MEAH+,0.3690800000000001,0.0414254015469023
model,MEAH+,0.37706,0.0423210728127075
model,MEAH+,0.38504,0.0432167438604502
model,MEAH+,0.39302,0.0441124145023556
model,MEAH+,0.401,0.0450080847201624
model,MEAH+,0.40898,0.0459037543909378
model,MEAH+,0.41696,0.0467994233597981
model,MEAH+,0.42494,0.0476950913363116
model,MEAH+,0.4329200000000001,0.04859075749293
model,MEAH+,0.4409,0.0494864214415018
model,MEAH+,0.44888,0.0503820822657275
model,MEAH+,0.45686,0.0512777387421797
model,MEAH+,0.46484,0.0521733877306392
model,MEAH+,0.4728200000000001,0.0530690227271915
model,MEAH+,0.4808,0.0539646382829113
model,MEAH+,0.48878,0.0548602252358597
model,MEAH+,0.4967600000000001,0.055755772374116
model,MEAH+,0.5047400000000001,0.0566512459225237
model,MEAH+,0.5127200000000001,0.0575466171508178
model,MEAH+,0.5207,0.0584418736334303
model,MEAH+,0.52868,0.0593369955098028
model,MEAH+,0.53666,0.0602319632874434
model,MEAH+,0.54464,0.0611266967830146
model,MEAH+,0.5526200000000001,0.0620212071468433
model,MEAH+,0.5606000000000001,0.0629154870582806
model,MEAH+,0.5685800000000001,0.0638095169751924
model,MEAH+,0.5765600000000001,0.0647032744430564
model,MEAH+,0.5845400000000001,0.0655966213798232
model,MEAH+,0.59252,0.0664896272950712
model,MEAH+,0.6005,0.067382265947033
model,MEAH+,0.6084800000000001,0.0682745098599049
model,MEAH+,0.6164600000000001,0.0691662922465529
model,MEAH+,0.6244400000000001,0.0700574645286853
model,MEAH+,0.6324200000000001,0.0709481079025091
model,MEAH+,0.6404000000000001,0.0718381829197901
model,MEAH+,0.6483800000000001,0.0727276481287745
model,MEAH+,0.65636,0.0736163474075149
model,MEAH+,0.66434,0.0745041513417734
model,MEAH+,0.67232,0.0753911386194096
model,MEAH+,0.6803000000000001,0.0762772478882584
model,MEAH+,0.6882800000000001,0.0771624144894559
model,MEAH+,0.6962600000000001,0.0780463103163526
model,MEAH+,0.7042400000000001,0.078928887640099
model,MEAH+,0.7122200000000001,0.0798101920655708
model,MEAH+,0.7202000000000001,0.080690124720709
model,MEAH+,0.72818,0.0815685810714367
model,MEAH+,0.7361600000000001,0.0824449021522811
model,MEAH+,0.7441400000000001,0.0833192523505747
model,MEAH+,0.7521200000000001,0.0841915775340789
model,MEAH+,0.7601000000000001,0.0850617116797579
model,MEAH+,0.7680800000000001,0.085929450605334
model,MEAH+,0.7760600000000001,0.0867935704232114
model,MEAH+,0.7840400000000001,0.0876546411328166
model,MEAH+,0.7920200000000001,0.0885123907132557
model,MEAH+,0.8,0.0893665275575062
reference,MEAH+,0.11,0.0065
reference,MEAH+,0.21,0.016
reference,MEAH+,0.25,0.0218
reference,MEAH+,0.29,0.0225
reference,MEAH+,0.4,0.0473
reference,MEAH+,0.6,0.061
reference,MEAH+,0.78,0.0743
model,MEACOO-,0.11372,0.0127036576714677
model,MEACOO-,0.1217,0.0135937502421659
model,MEACOO-,0.12968,0.0144835876315136
model,MEACOO-,0.13766,0.0153731867978575
model,MEACOO-,0.14564,0.0162625348246562
model,MEACOO-,0.15362,0.0171516181651032
model,MEACOO-,0.1616,0.0180403327226485
model,MEACOO-,0.16958,0.0189287132006297
model,MEACOO-,0.17756,0.019816760393329
model,MEACOO-,0.18554,0.0207044541184526
model,MEACOO-,0.19352,0.0215917720428998
model,MEACOO-,0.2015,0.0224785313966338
model,MEACOO-,0.20948,0.023364835934736
model,MEACOO-,0.21746,0.0242506543903802
model,MEACOO-,0.22544,0.0251359534530773
model,MEACOO-,0.23342,0.0260206513295681
model,MEACOO-,0.2414,0.0269045490590208
model,MEACOO-,0.24938,0.0277877540393411
model,MEACOO-,0.25736,0.0286702114102945
model,MEACOO-,0.26534,0.0295518622634527
model,MEACOO-,0.27332,0.0304324963800819
model,MEACOO-,0.2813,0.0313119118046022
model,MEACOO-,0.28928,0.0321901993259555
model,MEACOO-,0.29726,0.0330672537961063
model,MEACOO-,0.30524,0.03394296116876
model,MEACOO-,0.31322,0.0348168121268468
model,MEACOO-,0.3212,0.0356886449754794
model,MEACOO-,0.32918,0.0365584671862406
model,MEACOO-,0.33716,0.0374260517425669
model,MEACOO-,0.34514,0.0382911493085451
model,MEACOO-,0.35312,0.0391524668346891
model,MEACOO-,0.3611,0.0400100191240062
model,MEACOO-,0.3690800000000001,0.0408634942550386
model,MEACOO-,0.37706,0.0417123135686292
model,MEACOO-,0.38504,0.0425557972486702
model,MEACOO-,0.39302,0.0433903009968322
model,MEACOO-,0.401,0.0442163750249366
model,MEACOO-,0.40898,0.0450324362363218
model,MEACOO-,0.41696,0.0458366212353845
model,MEACOO-,0.42494,0.0466253323449338
model,MEACOO-,0.4329200000000001,0.0473893372651539
model,MEACOO-,0.4409,0.0481274274072992
model,MEACOO-,0.44888,0.0488330963090692
model,MEACOO-,0.45686,0.0494985621079175
model,MEACOO-,0.46484,0.0501038037594519
model,MEACOO-,0.4728200000000001,0.0506193832165035
model,MEACOO-,0.4808,0.0510368124765486
model,MEACOO-,0.48878,0.051337338402548
model,MEACOO-,0.4967600000000001,0.0515033974959128
model,MEACOO-,0.5047400000000001,0.0514849266303174
model,MEACOO-,0.5127200000000001,0.0512971410385559
model,MEACOO-,0.5207,0.050977546841531
model,MEACOO-,0.52868,0.0505436674529593
model,MEACOO-,0.53666,0.0500145898284917
model,MEACOO-,0.54464,0.0493953498912912
model,MEACOO-,0.5526200000000001,0.0487238784393192
model,MEACOO-,0.5606000000000001,0.0480135426413609
model,MEACOO-,0.5685800000000001,0.0472720285679491
model,MEACOO-,0.5765600000000001,0.0465055593766505
model,MEACOO-,0.5845400000000001,0.0457147656642089
model,MEACOO-,0.59252,0.0449105731377933
model,MEACOO-,0.6005,0.0440951070114559
model,MEACOO-,0.6084800000000001,0.0432702269677059
model,MEACOO-,0.6164600000000001,0.042437032126503
model,MEACOO-,0.6244400000000001,0.0415962338039599
model,MEACOO-,0.6324200000000001,0.0407506960309956
model,MEACOO-,0.6404000000000001,0.0399010953594071
model,MEACOO-,0.6483800000000001,0.0390480399754357
model,MEACOO-,0.65636,0.0381917374474745
model,MEACOO-,0.66434,0.037332814033754
model,MEACOO-,0.67232,0.0364721685495967
model,MEACOO-,0.6803000000000001,0.0356101035557283
model,MEACOO-,0.6882800000000001,0.0347469014595246
model,MEACOO-,0.6962600000000001,0.033882724626788
model,MEACOO-,0.7042400000000001,0.0330180440179904
model,MEACOO-,0.7122200000000001,0.0321531709913594
model,MEACOO-,0.7202000000000001,0.0312883074104367
model,MEACOO-,0.72818,0.0304236510936637
model,MEACOO-,0.7361600000000001,0.0295596302517683
model,MEACOO-,0.7441400000000001,0.0286964521473646
model,MEACOO-,0.7521200000000001,0.0278342884597718
model,MEACOO-,0.7601000000000001,0.0269733465439827
model,MEACOO-,0.7680800000000001,0.0261138574230778
model,MEACOO-,0.7760600000000001,0.0252567848601624
model,MEACOO-,0.7840400000000001,0.024401893212423
model,MEACOO-,0.7920200000000001,0.0235494615007691
model,MEACOO-,0.8,0.022699784324918
reference,MEACOO-,0.11,0.0103
reference,MEACOO-,0.125,0.0144
reference,MEACOO-,0.205,0.0241
reference,MEACOO-,0.21,0.018
reference,MEACOO-,0.236,0.0271
reference,MEACOO-,0.25,0.0261
reference,MEACOO-,0.28,0.0327
reference,MEACOO-,0.29,0.0284
reference,MEACOO-,0.343,0.0396
reference,MEACOO-,0.354,0.041
reference,MEACOO-,0.4,0.0495
reference,MEACOO-,0.46,0.0492
reference,MEACOO-,0.466,0.0502
reference,MEACOO-,0.487,0.0511
reference,MEACOO-,0.508,0.0483
reference,MEACOO-,0.6,0.0494
reference,MEACOO-,0.663,0.0347
reference,MEACOO-,0.683,0.0323
reference,MEACOO-,0.762,0.0188
reference,MEACOO-,0.78,0.0388
model,HCO3-,0.11372,6.023456385230809e-05
model,HCO3-,0.1217,6.58143381198276e-05
model,HCO3-,0.12968,7.164929175262704e-05
model,HCO3-,0.13766,7.77224664507757e-05
model,HCO3-,0.14564,8.404677857434786e-05
model,HCO3-,0.15362,9.0635774736299e-05
model,HCO3-,0.1616,9.759355040552176e-05
model,HCO3-,0.16958,0.000104885402386
model,HCO3-,0.17756,0.0001125105362659
model,HCO3-,0.18554,0.0001204891340001
model,HCO3-,0.19352,0.0001288435283132
model,HCO3-,0.2015,0.0001377564868912
model,HCO3-,0.20948,0.0001471242555392
model,HCO3-,0.21746,0.0001569781004637
model,HCO3-,0.22544,0.0001673513314774
model,HCO3-,0.23342,0.0001783257404303
model,HCO3-,0.2414,0.0001901002847395
model,HCO3-,0.24938,0.000202567567476
model,HCO3-,0.25736,0.0002157824475391
model,HCO3-,0.26534,0.0002298038318849
model,HCO3-,0.27332,0.0002448419348853
model,HCO3-,0.2813,0.0002610987071415
model,HCO3-,0.28928,0.0002784833601574
model,HCO3-,0.29726,0.0002971010387516
model,HCO3-,0.30524,0.0003170657856298
model,HCO3-,0.31322,0.0003388869043853
model,HCO3-,0.3212,0.0003627260827103
model,HCO3-,0.32918,0.0003885758460885
model,HCO3-,0.33716,0.0004166632020473
model,HCO3-,0.34514,0.0004472374762665
model,HCO3-,0.35312,0.0004815916722735
model,HCO3-,0.3611,0.0005197109770908
model,HCO3-,0.3690800000000001,0.0005619072918637
model,HCO3-,0.37706,0.0006087592440783
model,HCO3-,0.38504,0.00066094661178
model,HCO3-,0.39302,0.0007221135055233
model,HCO3-,0.401,0.0007917096952258
model,HCO3-,0.40898,0.000871318154616
model,HCO3-,0.41696,0.0009628021244136
model,HCO3-,0.42494,0.0010697589913777
model,HCO3-,0.4329200000000001,0.001201420227776
model,HCO3-,0.4409,0.0013589940342025
model,HCO3-,0.44888,0.0015489859566582
model,HCO3-,0.45686,0.0017791766342622
model,HCO3-,0.46484,0.0020695839711872
model,HCO3-,0.4728200000000001,0.0024496395106879
model,HCO3-,0.4808,0.0029278258063626
model,HCO3-,0.48878,0.0035228868333116
model,HCO3-,0.4967600000000001,0.0042523748782031
model,HCO3-,0.5047400000000001,0.0051663192922063
model,HCO3-,0.5127200000000001,0.0062494761122618
model,HCO3-,0.5207,0.0074643267918992
model,HCO3-,0.52868,0.0087933280568434
model,HCO3-,0.53666,0.0102173734589517
model,HCO3-,0.54464,0.0117313468917234
model,HCO3-,0.5526200000000001,0.013297328707524
model,HCO3-,0.5606000000000001,0.0149019444169197
model,HCO3-,0.5685800000000001,0.0165374884072432
model,HCO3-,0.5765600000000001,0.0181977150664058
model,HCO3-,0.5845400000000001,0.0198818557156143
model,HCO3-,0.59252,0.0215790541572778
model,HCO3-,0.6005,0.0232871589355771
model,HCO3-,0.6084800000000001,0.0250042828921989
model,HCO3-,0.6164600000000001,0.0267292601200498
model,HCO3-,0.6244400000000001,0.0284612307247254
model,HCO3-,0.6324200000000001,0.0301974118715134
model,HCO3-,0.6404000000000001,0.031937087560383
model,HCO3-,0.6483800000000001,0.0336796081533388
model,HCO3-,0.65636,0.0354246099600404
model,HCO3-,0.66434,0.0371713373080194
model,HCO3-,0.67232,0.0389189700698128
model,HCO3-,0.6803000000000001,0.0406671443325301
model,HCO3-,0.6882800000000001,0.0424155130299312
model,HCO3-,0.6962600000000001,0.0441635856895646
model,HCO3-,0.7042400000000001,0.0459108436221085
model,HCO3-,0.7122200000000001,0.0476570210742114
model,HCO3-,0.7202000000000001,0.0494018173102722
model,HCO3-,0.72818,0.051144929977773
model,HCO3-,0.7361600000000001,0.0528852719005127
model,HCO3-,0.7441400000000001,0.05462280020321
model,HCO3-,0.7521200000000001,0.056357289074307
model,HCO3-,0.7601000000000001,0.0580883651357752
model,HCO3-,0.7680800000000001,0.0598155931822561
model,HCO3-,0.7760600000000001,0.0615367855630489
model,HCO3-,0.7840400000000001,0.0632527479203936
model,HCO3-,0.7920200000000001,0.0649629292124865
model,HCO3-,0.8,0.0666667432325881
reference,HCO3-,0.11,0.0001
reference,HCO3-,0.125,0.0
reference,HCO3-,0.205,0.0
reference,HCO3-,0.21,0.002
reference,HCO3-,0.236,0.0
reference,HCO3-,0.25,0.0004
reference,HCO3-,0.28,0.0
reference,HCO3-,0.29,0.0003
reference,HCO3-,0.343,0.0
reference,HCO3-,0.354,0.0
reference,HCO3-,0.4,0.0012
reference,HCO3-,0.46,0.0
reference,HCO3-,0.466,0.004
reference,HCO3-,0.487,0.0052
reference,HCO3-,0.508,0.0091
reference,HCO3-,0.6,0.0151
reference,HCO3-,0.663,0.0428
reference,HCO3-,0.683,0.0382
reference,HCO3-,0.762,0.0596
reference,HCO3-,0.78,0.0448
model,MEA + MEAH+,0.11372,0.0995359862103349
model,MEA + MEAH+,0.1217,0.0986458936381739
model,MEA + MEAH+,0.12968,0.0977560562471466
model,MEA + MEAH+,0.13766,0.0968664570789117
model,MEA + MEAH+,0.14564,0.095977109049991
model,MEA + MEAH+,0.15362,0.0950880257071701
model,MEA + MEAH+,0.1616,0.0941993111468817
model,MEA + MEAH+,0.16958,0.0933109306658041
model,MEA + MEAH+,0.17756,0.0924228834696413
model,MEA + MEAH+,0.18554,0.0915351897406507
model,MEA + MEAH+,0.19352,0.0906478718118923
model,MEA + MEAH+,0.2015,0.0897611124531492
model,MEA + MEAH+,0.20948,0.0888748079094363
model,MEA + MEAH+,0.21746,0.0879889894475134
model,MEA + MEAH+,0.22544,0.0871036903777968
model,MEA + MEAH+,0.23342,0.0862189924933944
model,MEA + MEAH+,0.2414,0.0853350947547702
model,MEA + MEAH+,0.24938,0.0844518897641249
model,MEA + MEAH+,0.25736,0.08356943238155
model,MEA + MEAH+,0.26534,0.0826877815153158
model,MEA + MEAH+,0.27332,0.0818071473836878
model,MEA + MEAH+,0.2813,0.0809277319417124
model,MEA + MEAH+,0.28928,0.0800494444004972
model,MEA + MEAH+,0.29726,0.0791723899077333
model,MEA + MEAH+,0.30524,0.0782966825093315
model,MEA + MEAH+,0.31322,0.077422831520918
model,MEA + MEAH+,0.3212,0.0765509986366121
model,MEA + MEAH+,0.32918,0.0756811763845195
model,MEA + MEAH+,0.33716,0.0748135917802385
model,MEA + MEAH+,0.34514,0.0739484941585897
model,MEA + MEAH+,0.35312,0.0730871765641469
model,MEA + MEAH+,0.3611,0.0722296241928443
model,MEA + MEAH+,0.3690800000000001,0.0713761489639756
model,MEA + MEAH+,0.37706,0.0705273295333205
model,MEA + MEAH+,0.38504,0.0696838457129287
model,MEA + MEAH+,0.39302,0.0688493417811023
model,MEA + MEAH+,0.401,0.0680232675240963
model,MEA + MEAH+,0.40898,0.067207206025483
model,MEA + MEAH+,0.41696,0.0664030206643786
model,MEA + MEAH+,0.42494,0.0656143090870561
model,MEA + MEAH+,0.4329200000000001,0.0648503035052689
model,MEA + MEAH+,0.4409,0.0641122124665608
model,MEA + MEAH+,0.44888,0.0634065423358629
model,MEA + MEAH+,0.45686,0.0627410748457603
model,MEA + MEAH+,0.46484,0.0621358307070884
model,MEA + MEAH+,0.4728200000000001,0.0616202472768236
model,MEA + MEAH+,0.4808,0.0612028119803571
model,MEA + MEAH+,0.48878,0.0609022769845594
model,MEA + MEAH+,0.4967600000000001,0.0607362046016167
model,MEA + MEAH+,0.5047400000000001,0.0607546543857842
model,MEA + MEAH+,0.5127200000000001,0.0609424080783422
model,MEA + MEAH+,0.5207,0.0612619582621559
model,MEA + MEAH+,0.52868,0.0616957794442237
model,MEA + MEAH+,0.53666,0.0622247826325796
model,MEA + MEAH+,0.54464,0.0628439235060372
model,MEA + MEAH+,0.5526200000000001,0.0635152724876559
model,MEA + MEAH+,0.5606000000000001,0.0642254616772635
model,MEA + MEAH+,0.5685800000000001,0.0649668029917485
model,MEA + MEAH+,0.5765600000000001,0.0657330709603503
model,MEA + MEAH+,0.5845400000000001,0.0665236206437346
model,MEA + MEAH+,0.59252,0.0673275336486901
model,MEA + MEAH+,0.6005,0.0681426820760444
model,MEA + MEAH+,0.6084800000000001,0.0689672034336657
model,MEA + MEAH+,0.6164600000000001,0.0697999917250592
model,MEA + MEAH+,0.6244400000000001,0.0706403203311479
model,MEA + MEAH+,0.6324200000000001,0.0714853337093436
model,MEA + MEAH+,0.6404000000000001,0.0723343512902418
model,MEA + MEAH+,0.6483800000000001,0.0731867606679113
model,MEA + MEAH+,0.65636,0.0740423382580696
model,MEA + MEAH+,0.66434,0.0749004445988813
model,MEA + MEAH+,0.67232,0.0757601890730274
model,MEA + MEAH+,0.6803000000000001,0.0766212628940008
model,MEA + MEAH+,0.6882800000000001,0.0774833770954914
model,MEA + MEAH+,0.6962600000000001,0.0783463357903807
model,MEA + MEAH+,0.7042400000000001,0.0792096632950466
model,MEA + MEAH+,0.7122200000000001,0.0800730530443305
model,MEA + MEAH+,0.7202000000000001,0.0809362931709918
model,MEA + MEAH+,0.72818,0.0817991752831048
model,MEA + MEAH+,0.7361600000000001,0.0826612041084405
model,MEA + MEAH+,0.7441400000000001,0.0835221893705179
model,MEA + MEAH+,0.7521200000000001,0.0843819540311935
model,MEA + MEAH+,0.7601000000000001,0.0852402739788425
model,MEA + MEAH+,0.7680800000000001,0.0860968975681407
model,MEA + MEAH+,0.7760600000000001,0.0869507369407189
model,MEA + MEAH+,0.7840400000000001,0.0878020859337774
model,MEA + MEAH+,0.7920200000000001,0.0886506381245545
model,MEA + MEAH+,0.8,0.0894960695463038
reference,MEA + MEAH+,0.11,0.105
reference,MEA + MEAH+,0.125,0.1009
reference,MEA + MEAH+,0.205,0.0934
reference,MEA + MEAH+,0.21,0.0875
reference,MEA + MEAH+,0.236,0.0876
reference,MEA + MEAH+,0.25,0.0777
reference,MEA + MEAH+,0.28,0.084
reference,MEA + MEAH+,0.29,0.0788
reference,MEA + MEAH+,0.343,0.0758
reference,MEA + MEAH+,0.354,0.0749
reference,MEA + MEAH+,0.4,0.0849
reference,MEA + MEAH+,0.46,0.065
reference,MEA + MEAH+,0.466,0.0663
reference,MEA + MEAH+,0.487,0.0646
reference,MEA + MEAH+,0.508,0.0647
reference,MEA + MEAH+,0.6,0.0638
reference,MEA + MEAH+,0.663,0.0759
reference,MEA + MEAH+,0.683,0.0739
reference,MEA + MEAH+,0.762,0.0807
reference,MEA + MEAH+,0.78,0.0755
