row_id,temperature_C,CO2_loading,observed_CO2_pressure_kPa,source_key,paper,raw_pred_CO2_pressure_kPa,raw_log10_model_over_data,bubble_total_pressure_kPa,bubble_fugacity_residual_norm,chemical_charge_residual,chemical_max_reaction_residual,penalty_residual_count,model_x_CO2,model_x_MEA,model_x_H2O,model_x_MEAH+,model_x_MEACOO-,model_x_HCO3-,model_x_CO3^2-,model_x_H3O+,model_x_OH-,y_CO2,y_H2O,y_MEA,solver_returned,accepted,rejection_reason,message
vle_0052,40.0,0.0888,0.00147,Jou1995,Jou,7.200351624792797e-05,-1.3099636292921253,6.3328125,0.008539150709196974,-7.1448520860026114e-12,5.2790682047998416e-08,0,3.551382289075683e-10,0.09228324261843585,0.8874365546118357,0.010268258684752798,0.009694667898217765,1.647665399893771e-05,0.00025631496261323825,2.409242478280491e-13,4.4484214766612415e-05,1.1369911275271133e-05,0.9977509699209554,0.002237660167769497,True,False,state_evaluation_failed,converged
vle_0001,40.0,0.102,0.0016,Aronu2011,Aronu,0.00010521456731267248,-1.1820441091354792,6.378202324850335,6.745482359349353e-07,-6.344873201326057e-12,5.24109715627219e-08,0,5.020498968454421e-10,0.08933037827600648,0.8874302047199746,0.011752860723512998,0.011162930178022046,1.9873642074216218e-05,0.0002663049520170731,2.713286033918152e-13,3.744700607143347e-05,1.649595951240718e-05,0.9977874460175563,0.002196058022931327,True,True,,converged
vle_0018,40.0,0.153,0.0057,Hilliard2008,Hilliard,0.00035966870758552256,-1.1999722013238427,6.342498443230434,2.8607712199146818e-08,-8.055452772247297e-11,5.9511553018865015e-08,0,1.5621444558184688e-09,0.07791438253773614,0.8874062443083615,0.017484743915265603,0.0168470425847802,3.650339056710777e-05,0.00029011632148577093,3.8720617550688065e-13,2.0965379271903373e-05,5.6707732891824246e-05,0.9979281650327948,0.0020151272343134296,True,True,,converged
vle_0019,40.0,0.163,0.00664,Hilliard2008,Hilliard,0.0004472705406384457,-1.1715977849500938,6.335383361535964,6.942435115675494e-08,-1.6400774809018125e-10,9.041105286655693e-08,0,1.907411799061705e-09,0.07567562037373442,0.8874013920490837,0.018607969729027802,0.017962578920319293,4.05907606754702e-05,0.00029295395611485123,4.1046730665803413e-13,1.8892303222255357e-05,7.0598812276138e-05,0.9979534534302831,0.001975947757440683,True,True,,converged
vle_0020,40.0,0.17,0.00721,Hilliard2008,Hilliard,0.0005195506158385942,-1.1423074007789067,6.330376587840884,2.0880666254385893e-07,-5.572034304972078e-11,7.126799417278562e-08,0,2.1875240995472253e-09,0.07410854414297749,0.8873978945935768,0.01939412827616739,0.018743496532035126,4.3652466265585794e-05,0.00029469753405059196,4.270162517961098e-13,1.7584266976100982e-05,8.207262374193104e-05,0.9979701256742582,0.0019478017019997722,True,True,,converged
vle_0021,40.0,0.191,0.00995,Hilliard2008,Hilliard,0.0008058303885326702,-1.0915794397792402,6.315196310962937,1.6579397765781323e-07,-1.6189157477490578e-10,8.986869914906492e-08,0,3.2657247436218345e-09,0.06940787174801819,0.8873866683256266,0.021752203384874408,0.021086093718183943,5.3970987998374736e-05,0.0002989502754376939,4.78499420564571e-13,1.4238293657573606e-05,0.00012760179555048505,0.9980125870364702,0.0018598111679793145,True,True,,converged
vle_0022,40.0,0.194,0.00985,Hilliard2008,Hilliard,0.0008571135051859095,-1.0603978923412927,6.3130092117911865,2.5707434847532795e-08,-1.6106122840381745e-10,9.036194015266119e-08,0,3.4547080110200146e-09,0.06873644152060748,0.8873849522762779,0.022089028669173675,0.021420698638483542,5.5599901078071446e-05,0.00029945475548147046,4.861340772701824e-13,1.3820783703712279e-05,0.00013576940511745607,0.9980174236245999,0.001846806970282851,True,True,,converged
vle_0053,40.0,0.203,0.00896,Jou1995,Jou,0.0010302402287339074,-0.9393695054920165,6.306419107604058,7.127267522832881e-07,-1.5806483320506925e-10,8.872654255753787e-08,0,4.085385659831342e-09,0.06672233665293953,0.8873795895342869,0.023099456340646453,0.022424375759493947,6.074929327102725e-05,0.00030084311659055326,5.09550607686028e-13,1.2645216876417043e-05,0.0001633637427445442,0.9980294911743832,0.0018071450828722286,True,True,,converged
vle_0002,40.0,0.206,0.0123,Aronu2011,Aronu,0.0010950615230612636,-1.0504665919204008,6.3042017096258345,6.740491440559992e-07,-1.0814650866521861e-10,6.085203096972691e-08,0,4.318946030864259e-09,0.06605103685602184,0.8873777200253649,0.02343625514041409,0.022758876709162518,6.255813567717626e-05,0.0003012715928432581,5.175452883710373e-13,1.227722105257596e-05,0.00017370343994374787,0.9980325881556187,0.0017937084044376429,True,True,,converged
vle_0023,40.0,0.232,0.0146,Hilliard2008,Hilliard,0.0018510157325304262,-0.8969427457716117,6.284845167964233,8.441178067641886e-07,-7.901376858266589e-11,6.103055838480032e-08,0,6.966351618183613e-09,0.06023492710458366,0.8873595440385844,0.02635490324352398,0.025656338053360907,8.048137581056271e-05,0.0003042846788222067,5.916865213916138e-13,9.514538371156625e-06,0.0002945204986060144,0.9980327285556159,0.0016727509457781543,True,True,,converged
vle_0042,40.0,0.242,0.021,Idris2014,Idris,0.002263774239697,-0.9673861811146032,6.277305098824619,9.904124402548842e-07,-7.672010892721746e-12,6.258514773094248e-08,0,8.368346071833012e-09,0.057999044115517144,0.8873513791801374,0.027477379014163857,0.026769745284294655,8.862940431893651e-05,0.0003051897014551009,6.230533259438735e-13,8.624931143526806e-06,0.0003606283594724233,0.9980152813343728,0.0016240903061547683,True,True,,converged
vle_0024,40.0,0.246,0.0191,Hilliard2008,Hilliard,0.0024538243055998933,-0.8911899033310953,6.274284968598487,2.6399568930912665e-07,-1.4002464376254402e-11,5.394391067170545e-08,0,9.006159572915646e-09,0.05710489730529535,0.8873478945992114,0.0279263587902618,0.027214912119247776,9.211775325269215e-05,0.00030551850685141366,6.361409983528848e-13,8.291919083752247e-06,0.0003910922627647265,0.9980046119824901,0.0016042957547452187,True,True,,converged
vle_0003,40.0,0.25,0.0246,Aronu2011,Aronu,0.002660099134614183,-0.9660372852040227,6.271249709288277,7.980817251507233e-08,-1.2767223930355062e-11,9.122103250547298e-08,0,9.69365580529718e-09,0.05621087951229833,0.8873442700740181,0.028375337375511133,0.02765995096657403,9.574726492128247e-05,0.0003058340454190901,6.495632001405785e-13,7.971066952698397e-06,0.0004241736907197844,0.9979915130782705,0.001584313231009637,True,True,,converged
vle_0025,40.0,0.269,0.0231,Hilliard2008,Hilliard,0.0039123242888188196,-0.7711771340302923,6.25679022767151,8.342829467267165e-07,-8.148017417025644e-12,8.608366286466662e-08,0,1.378209863155273e-08,0.05196632305877208,0.8873248980430615,0.03050796205904075,0.029771882746334327,0.0001151636236620947,0.00030715901184483657,7.185848207503138e-13,6.597674467281727e-06,0.0006252925456116511,0.9978878616753776,0.0014868457790107406,True,True,,converged
vle_0026,40.0,0.272,0.0224,Hilliard2008,Hilliard,0.004160098315516222,-0.7311444239137572,6.254499321052294,2.295391623996501e-08,-4.218065295918255e-12,5.30367323392511e-08,0,1.4577038792907541e-08,0.051296478114187666,0.8873214734082184,0.03084468930425169,0.030105000270469112,0.00011859805414976162,0.00030734471375584856,7.303871286411528e-13,6.40155719835211e-06,0.0006651369041665036,0.9978637894850396,0.0014710736107938563,True,True,,converged
vle_0043,40.0,0.321,0.038,Idris2014,Idris,0.01174885338516439,-0.5097881123745438,6.218361506931463,7.030857629430898e-08,-8.392751883143932e-12,9.062465267106745e-08,0,3.7763244206383155e-08,0.040375385507996735,0.8872450887021154,0.036344674824055075,0.035526104830409855,0.0001950148026713199,0.0003098616321092255,9.737778651385194e-13,3.831936424376411e-06,0.0018893808878863373,0.9969115768538069,0.001199042258306833,True,True,,converged
vle_0027,40.0,0.326,0.0485,Hilliard2008,Hilliard,0.013130780672259444,-0.5674511913722187,6.215008190418226,6.872022950688006e-07,-4.3401506342949706e-12,5.6535785830647e-08,0,4.183862289645525e-08,0.03926382684222533,0.8872343770330577,0.03690592069497186,0.03607641708173707,0.00020570364049810882,0.00031008711036031183,1.0058604730141326e-12,3.625757520888295e-06,0.002112753558797134,0.9967174547121497,0.0011697917290531658,True,True,,converged
vle_0044,40.0,0.33,0.043,Idris2014,Idris,0.014366010273845055,-0.47613228289671394,6.212404043343281,3.058479158823957e-07,-4.4581772626860194e-12,6.32349710372182e-08,0,4.545694352552947e-08,0.03837509458423492,0.8872252835238273,0.037354920604150466,0.03651614904474393,0.0002147749203489389,0.00031026477999571085,1.0328349367675616e-12,3.4670847223280026e-06,0.00231247197922333,0.996541330200059,0.0011461978207176827,True,True,,converged
vle_0004,40.0,0.337,0.0603,Aronu2011,Aronu,0.01685039910991268,-0.5537071203345733,6.208085373704134,9.937086442590726e-07,-4.6724209783463924e-12,7.60538334532157e-08,0,5.267417903581526e-08,0.03682102827407357,0.8872081355352635,0.038140676971448906,0.037284458213756755,0.00023187576847862236,0.00031057043342943305,1.083114311938112e-12,3.2021282869405934e-06,0.0027142666531756593,0.9961812349158823,0.0011044984309419715,True,True,,converged
vle_0045,40.0,0.345,0.05,Idris2014,Idris,0.020295261699320083,-0.39157534859215726,6.203622074933895,2.66058300640859e-07,-4.883369128519323e-12,8.741469059714291e-08,0,6.25711621011956e-08,0.03504707998561204,0.8871863832747766,0.03903869254823708,0.03816038984709343,0.0002535626705296033,0.00031091093538932477,1.1459467983364594e-12,2.9181660538164007e-06,0.00327151806705381,0.9956722719466737,0.0010562099862723429,True,True,,converged
vle_0028,40.0,0.348,0.0662,Hilliard2008,Hilliard,0.021785660239007257,-0.48268726318433375,6.202096756834184,6.81433977689494e-07,-4.911035406533521e-12,8.62317435235127e-08,0,6.68197318088702e-08,0.03438250466712603,0.8871775681382057,0.039375446229389884,0.03848821100876267,0.00026235442603337624,0.00031103209128839973,1.1711606996348945e-12,2.8166182910647775e-06,0.0035126282438275908,0.9954494418423248,0.0010379299138476008,True,True,,converged
vle_0029,40.0,0.35,0.0721,Hilliard2008,Hilliard,0.022848039343094907,-0.4990863267909647,6.201145673068805,2.6540303332822646e-07,-4.930319114041258e-12,9.028642367070461e-08,0,6.983729199040082e-08,0.03393967049763293,0.8871714653302946,0.0395999572827669,0.038706533786984625,0.00026843268885037565,0.00031112023825420214,1.1885129631574725e-12,2.750336736019103e-06,0.00368448679448421,0.99528982161435,0.001025691591165806,True,True,,converged
vle_0046,40.0,0.352,0.064,Idris2014,Idris,0.023969169738508697,-0.42652698309704684,6.200235720846787,4.00711681614041e-08,-4.9499949626517065e-12,9.005992041011268e-08,0,7.301266482948296e-08,0.03349701584186763,0.8871651872024888,0.039824463008203186,0.03892468236170638,0.0002746912940000583,0.00031120208098595466,1.2063207692097948e-12,2.68519687672793e-06,0.0038658481415340686,0.9951207397777292,0.0010134120807368285,True,True,,converged
vle_0005,40.0,0.353,0.0851,Aronu2011,Aronu,0.024552928002910642,-0.5398262697485218,6.1998012862551075,1.306683525825747e-07,-4.960038097205546e-12,8.921655947347062e-08,0,7.46624928502015e-08,0.03327575965962062,0.8871619775461399,0.039936714905874506,0.03903368646150361,0.00027789203376269697,0.0003112416875897092,1.215398652578612e-12,2.6530418007507396e-06,0.0039602766071461385,0.9950324664087754,0.0010072569840785704,True,True,,converged
vle_0047,40.0,0.355,0.097,Idris2014,Idris,0.025769749176231933,-0.5756615427975492,6.198973485740836,2.5175915605024635e-07,-8.669320606206345e-13,7.843642180205279e-08,0,7.8094201619499e-08,0.032833391425472466,0.8871554071488722,0.040161224900909204,0.039251544126634355,0.00028443826673914166,0.00031132647373415976,1.2339197685882195e-12,2.589562202785694e-06,0.004157099435174017,0.9948479844293325,0.0009949161354934817,True,True,,converged
vle_0030,40.0,0.36,0.0966,Hilliard2008,Hilliard,0.029123494753330204,-0.5207336382944157,6.197170738473289,8.084326168500411e-07,-4.9954468509747765e-12,9.673506795593312e-08,0,8.750523414914578e-08,0.031728363283168685,0.8871380910561443,0.040722492599081006,0.03979530369933259,0.0003016991970526056,0.00031152705047126473,1.282469381485675e-12,2.435608233060526e-06,0.00469948239000834,0.99433663141246,0.0009638861975316666,True,True,,converged
vle_0054,40.0,0.365,0.0677,Jou1995,Jou,0.03298442430083505,-0.31227976023388326,6.195794448146649,7.614912317099876e-07,-5.020125918222683e-12,8.597505640750569e-08,0,9.826418736231931e-08,0.03062472386158531,0.8871193763092394,0.04128376387145088,0.0403376706373292,0.0003203527205348272,0.0003117261858085705,1.3344861387323021e-12,2.288148529991725e-06,0.005323679566339019,0.993743715862709,0.0009326045709519596,True,True,,converged
vle_0048,40.0,0.375,0.107,Idris2014,Idris,0.04261242720349976,-0.3998475053701245,6.194762430989235,2.1797032268011662e-07,-5.0807381220908726e-12,8.688403951850887e-08,0,1.2481182517048652e-07,0.028422253527929767,0.8870771246698987,0.04240630166994666,0.0414176001854822,0.00036247691641212796,0.0003121063577426716,1.4505256055803835e-12,2.0118593121153523e-06,0.00687878311367221,0.9922519196107937,0.0008692972755339391,True,True,,converged
vle_0049,40.0,0.377,0.123,Idris2014,Idris,0.044907593686880715,-0.43758532684000306,6.1948934712580375,2.066798021616023e-07,-5.094823817947239e-12,8.5903899105233e-08,0,1.310911236859984e-07,0.027982630615853023,0.8870678030111059,0.042630806600086876,0.04163271746116361,0.00037177383718856505,0.0003121779265185661,1.4759049078145764e-12,1.959455483896247e-06,0.007249130900351227,0.9918943507586305,0.0008565183410182839,True,True,,converged
vle_0031,40.0,0.382,0.131,Hilliard2008,Hilliard,0.05130272012537496,-0.407130903173148,6.195819022079125,1.2500463952846985e-07,-5.133510392922458e-12,8.654306427047231e-08,0,1.4850523516623143e-07,0.026885021634459702,0.8870430411144676,0.04319207449748961,0.04216905658691611,0.00039646499168696043,0.00031236025758130635,1.542945354773821e-12,1.832410620498505e-06,0.008280216052559804,0.9908953818363014,0.0008244021111388807,True,True,,converged
vle_0032,40.0,0.386,0.12,Hilliard2008,Hilliard,0.057190377302770413,-0.3218582843152439,6.197277249872382,5.543230373328267e-07,-5.167861525895396e-12,9.453741256493231e-08,0,1.6444325985701721e-07,0.02600855534109468,0.8870216189324369,0.04364107670053656,0.04259651888539453,0.00041783880563038014,0.0003124921264573778,1.600607879408567e-12,1.7347635892732497e-06,0.009228307044669998,0.9899731558999053,0.0007985370554246399,True,True,,converged
vle_0033,40.0,0.389,0.113,Hilliard2008,Hilliard,0.06212843027706632,-0.259788062518305,6.198866945188868,9.62397415094074e-08,-2.5979368571887803e-12,5.2732570310354276e-08,0,1.777503181562582e-07,0.02535224755852901,0.8870045050615707,0.04397783150882572,0.0429160702618675,0.000434910684307885,0.00031259339407370537,1.646428674629811e-12,1.6637788607206891e-06,0.010022546188910558,0.9891984148217905,0.0007790389892988986,True,True,,converged
vle_0034,40.0,0.4,0.128,Hilliard2008,Hilliard,0.08508097321727011,-0.1773775206166042,6.209300209076371,1.2346837333088168e-07,-5.31666245664675e-12,8.174739463129299e-08,0,2.3903143590010285e-07,0.022954686449808463,0.8869328904509662,0.045212546635879175,0.044078909459097405,0.0005063993176322582,0.0003129092131973477,1.836455372128544e-12,1.4194401466452122e-06,0.013702183877807037,0.9855909852215675,0.0007068309006253376,True,True,,converged
vle_0006,40.0,0.401,0.1835,Aronu2011,Aronu,0.08762770591434556,-0.3209946265375099,6.210695921447158,7.319077681700037e-07,-5.330410605850229e-12,8.465238110488826e-08,0,2.4578294899327035e-07,0.02273751543077508,0.8869255900064698,0.04532479328001342,0.04418383307564827,0.0005136862116831414,0.00031293778950243706,1.8556754232217206e-12,1.3984211031391294e-06,0.014109160555058597,0.9851906277531206,0.0007002116918207505,True,True,,converged
vle_0007,40.0,0.417,0.2928,Aronu2011,Aronu,0.14387834556091258,-0.30857563710905883,6.248028117104226,3.11227057459007e-08,-5.60117829544788e-12,7.97317341039161e-08,0,3.932663819330828e-07,0.01928594409572818,0.8867857965025479,0.047120537510825414,0.04583964361717289,0.0006533884413490121,0.0003132088966125024,2.2201978728547133e-12,1.0876671620512998e-06,0.023027800589923705,0.9763790912151324,0.0005931081949437893,True,True,,converged
vle_0008,40.0,0.421,0.3188,Aronu2011,Aronu,0.1641715791328021,-0.28822033712777945,6.2634775227005015,8.319564042125194e-07,-5.6870616260769645e-12,8.234074044821682e-08,0,4.459070051924979e-07,0.01843140533003175,0.8867425451916087,0.04756941608134082,0.04624529790158357,0.0006966438234636193,0.000313228601946695,2.331834296106028e-12,1.0171606878788682e-06,0.02621093131376313,0.9732230749305089,0.0005659937557280321,True,True,,converged
vle_0009,40.0,0.433,0.3809,Aronu2011,Aronu,0.2495804747100047,-0.18360036623945686,6.334060116810578,3.889004247525918e-07,-6.0000152242064206e-12,8.341227086816616e-08,0,6.654513808072376e-07,0.015895575508003395,0.886585231132293,0.04891581246766326,0.04743470668809988,0.000854089814658255,0.00031309703876493075,2.73467524933746e-12,8.218964015650565e-07,0.03940292168172178,0.96011316562935,0.00048391268892825247,True,True,,converged
vle_0050,40.0,0.436,0.445,Idris2014,Idris,0.278813984415647,-0.20304545818969585,6.359534951349946,4.940344471293656e-07,-6.093077998473136e-12,8.06374451656211e-08,0,7.400554633154869e-07,0.015269629961452024,0.8865379620963248,0.04925233754017575,0.04772411878657686,0.0009014275775231005,0.00031300720569285415,2.8549348644732452e-12,7.767739362834693e-07,0.04384188255093445,0.9556948805738007,0.00046323687526487193,True,True,,converged
vle_0010,40.0,0.447,0.5702,Aronu2011,Aronu,0.4287164150888359,-0.12385710047745953,6.495466427334212,5.994328589054021e-09,-6.494081733648992e-12,7.959685888181411e-08,0,1.1199436439503408e-06,0.01301147307576304,0.8863280158000321,0.05048590607340404,0.04874866449242682,0.0011117760960229072,0.000312420979838724,3.385875654501031e-12,6.235354826478597e-07,0.06600240642992351,0.9336105586332343,0.00038703493684225326,True,True,,converged
vle_0051,40.0,0.46,0.813,Idris2014,Idris,0.7544775650380955,-0.032444215365850876,6.804529946683301,6.889407817567417e-07,-7.091949958826283e-12,7.943093294215942e-08,0,1.93721816670914e-06,0.01044810617814394,0.8859756787475698,0.051942610491637314,0.04985523522935375,0.0014650222879912128,0.00031094314315107687,4.2689782873233344e-12,4.666997172908909e-07,0.11087871916940373,0.8888244273683684,0.00029685346222782825,True,True,,converged
vle_0011,40.0,0.464,1.0662,Aronu2011,Aronu,0.9105135240594227,-0.06855227733778631,6.955423782052363,9.860768902525407e-07,-4.0321059697656685e-12,5.350953458105323e-08,0,2.326605967926088e-06,0.009691853938132634,0.8858351832843173,0.05239043768830956,0.05016361650860846,0.0016059190445759045,0.0003102392185175079,4.619266228013285e-12,4.237069515376627e-07,0.13090698030634648,0.8688236566760157,0.0002693630176378522,True,True,,converged
vle_0035,40.0,0.464,0.75,Hilliard2008,Hilliard,0.9105123203008738,0.08422456329331292,6.955423782052363,7.874069396507366e-07,-4.0320884041022875e-12,5.2739711264848665e-08,0,2.326602432859779e-06,0.009691853944254626,0.8858351829205073,0.05239043804516884,0.05016361614602395,0.0016059190583839382,0.0003102395710131394,4.619257108662846e-12,4.237075960000365e-07,0.1309068072387396,0.8688238296891874,0.0002693630720730995,True,True,,converged
vle_0036,40.0,0.466,0.574,Hilliard2008,Hilliard,1.0028835749537706,0.24233862617584276,7.04524187173686,2.411556128123493e-07,-4.314898749263901e-12,6.233201332861427e-08,0,2.5567291274972976e-06,0.009320974711683413,0.8857577813135513,0.05261425965768366,0.0503106479484917,0.0016835444018151481,0.0003098320838939733,4.811887387734529e-12,4.0314894133242997e-07,0.1423490624185668,0.8573952144101048,0.00025572317132838346,True,True,,converged
vle_0055,40.0,0.4735,0.604,Jou1995,Jou,1.4638021754402712,0.38444544963142147,7.496674452304396,1.4447238072534674e-08,-4.6132089353983656e-12,5.641458500349472e-08,0,3.7024128422358175e-06,0.00798128892678165,0.8854171134959867,0.05345290148925218,0.050811563302509584,0.0020251908435187315,0.0003079078302879783,5.6572887660368584e-12,3.31693163571782e-07,0.19526020300779026,0.804534188372626,0.0002056086195836537,True,True,,converged
vle_0012,40.0,0.476,1.8326,Aronu2011,Aronu,1.6695111437733408,-0.04047835996881254,7.699271660639117,2.6597984970067046e-07,-4.707195932989516e-12,6.130369811785386e-08,0,4.2128850893688315e-06,0.007555465379095692,0.8852831193763173,0.05373215385603643,0.05095807718464452,0.0021595560600563,0.00030710536951188415,5.988938736103269e-12,3.0988325945997e-07,0.21684013986782155,0.7829704268098423,0.00018943332233614286,True,True,,converged
vle_0013,40.0,0.477,1.8278,Aronu2011,Aronu,1.7609497239749046,-0.01618171617836935,7.7894729541277234,1.7385299511119e-07,-4.7427358297465365e-12,6.238144223402742e-08,0,4.439697325218607e-06,0.007388423811950242,0.8852262822132136,0.05384380747427983,0.05101343967466112,0.0022165449915630673,0.0003067606883043622,6.129485601794454e-12,3.014425730490834e-07,0.22606789115838175,0.7737490457036548,0.00018306313796356046,True,True,,converged
vle_0037,40.0,0.481,0.883,Hilliard2008,Hilliard,2.188117167079874,0.3941098698671226,8.21175145785035,5.698608287474372e-07,-4.865522413412454e-12,6.27502991790152e-08,0,5.4988361740364325e-06,0.0067406507891778515,0.8849788648677772,0.05429010445685041,0.051214796830289074,0.0024645914603648434,0.00030522342543886185,6.7404359635091765e-12,2.693271873917732e-07,0.2664616894838015,0.7333800370426353,0.00015827347356313606,True,True,,converged
vle_0014,40.0,0.485,2.3193,Aronu2011,Aronu,2.7340155752817132,0.07144405635994784,8.752856185695062,4.531683597264191e-07,-4.939850857800088e-12,6.292295395837755e-08,0,6.8520763704909425e-06,0.006128507753319015,0.8846964162955603,0.054735816987029215,0.05138107543969812,0.002747681455398615,0.00030341011939000775,7.436506746941725e-12,2.3986579770687275e-07,0.3123569629477016,0.687508196422486,0.00013484062981247298,True,True,,converged
vle_0015,40.0,0.489,2.8577,Aronu2011,Aronu,3.4307790601870027,0.07937611587287824,9.444934906105477,8.480091278073587e-07,-4.9279536021648454e-12,5.589703455655126e-08,0,8.579997597154495e-06,0.005555830401625008,0.8843752049676814,0.05518084571035252,0.051508530114350304,0.003069488926841717,0.00030130680925995255,8.226462519713732e-12,2.130640654498237e-07,0.36324009580725103,0.6366467892675118,0.00011311492523715085,True,True,,converged
vle_0038,40.0,0.491,1.1,Hilliard2008,Hilliard,3.8474416983086455,0.5437793623720144,9.859291030351383,3.658718187304899e-07,-4.881485642235007e-12,6.22889224644041e-08,0,9.614022302675328e-06,0.005285330964354521,0.8841990659236377,0.055403063172112015,0.05155669602348251,0.003245891948999866,0.0003001372769873255,8.659036866941986e-12,2.0065946449849007e-07,0.39023512811057814,0.6096618745787189,0.0001029973107028823,True,True,,converged
vle_0039,40.0,0.501,1.87,Hilliard2008,Hilliard,6.832440119512072,0.5627342276255737,12.833133685877842,4.781345337434573e-07,-4.287640224201954e-12,6.071336855484333e-08,0,1.704504402115547e-05,0.004101987956518805,0.883152938857398,0.05651055261143604,0.05163171548306288,0.00429253464889516,0.00029307710777890346,1.1220143787361517e-11,1.4827966901934877e-07,0.5324062140045185,0.4675327033132247,6.108268225686158e-05,True,True,,converged
vle_0056,40.0,0.513,2.57,Jou1995,Jou,13.190579504863964,0.7103307525968835,19.178527479060733,9.212192431107269e-08,-3.46982525522465e-12,5.492805144058366e-08,0,3.3026433727450086e-05,0.0030513118774669126,0.8815386076006185,0.057829593077009474,0.05136155723743059,0.005903667334314142,0.0002821320998001148,1.5149410493587195e-11,1.0432448343315529e-07,0.687778533532647,0.31219132970956553,3.0136757787499204e-05,True,True,,converged
vle_0016,40.0,0.516,8.5583,Aronu2011,Aronu,15.389687491222958,0.25484229493495053,21.37455734419978,9.431655989544652e-08,-3.3511329956005315e-12,5.304500660940903e-08,0,3.860078539973155e-05,0.002845012696228964,0.8810807566892962,0.058157346993557596,0.051239476799138074,0.006359645850158658,0.00027906419410350566,1.6259169435856977e-11,9.597585811674953e-08,0.7200002902235128,0.2799745612665451,2.514850994221306e-05,True,True,,converged
vle_0040,40.0,0.518,3.03,Hilliard2008,Hilliard,17.00927965410417,0.7492432930542976,22.99213014310881,2.7214770881300865e-07,-6.553719831376926e-12,9.909827625165235e-08,0,4.272057314885843e-05,0.0027183804916974153,0.8807651360172226,0.058375360762637274,0.05114763289990079,0.006673719691186031,0.0002769586483240085,1.702307170427639e-11,9.089885998443512e-08,0.7397870292240921,0.26019067110418315,2.2299671724743385e-05,True,True,,converged
vle_0017,40.0,0.524,11.812,Aronu2011,Aronu,22.651601198807185,0.2827754685956706,28.62855454085273,4.432162716838661e-07,-6.154289133687031e-12,9.188096328216488e-08,0,5.716323587233064e-05,0.002385264138500553,0.8797740486706582,0.059026978879651755,0.050827509989049564,0.007658523500957941,0.0002704338496818736,1.941573412577657e-11,7.771621213322746e-08,0.7912240615041713,0.20876030933477713,1.562916105156829e-05,True,True,,converged
vle_0057,40.0,0.557,8.09,Jou1995,Jou,77.7785639750694,0.9829113988980567,83.73058006273274,9.857272154079055e-08,-9.53702961483881e-12,9.921791743749964e-08,0,0.0002039265699894557,0.0013540388685870633,0.8736002581699961,0.06253729762331785,0.04833194293017686,0.013739678202916184,0.000232818933565465,3.411298974386551e-11,3.866733808575293e-08,0.9289146679360879,0.07108239256600626,2.9394979058864055e-06,True,True,,converged
vle_0041,40.0,0.591,28.3,Hilliard2008,Hilliard,182.2870021698734,0.8089692672110593,188.2320687058379,6.519373521030047e-07,-3.0828722353707765e-11,9.468226735975804e-08,0,0.0005013496799564248,0.0009159481765722674,0.8667795297189094,0.06600027096316245,0.04527367576052689,0.020331832846808586,0.00019736963445707583,4.991843725230694e-11,2.3169688598079765e-08,0.9684162928408591,0.03158284642836489,8.607307761124407e-07,True,True,,converged
vle_0058,40.0,0.609,36.1,Jou1995,Jou,258.2836629336893,0.8545897349601272,264.2339837367459,2.7605323982271557e-07,-1.576079297514032e-11,8.655944228053158e-08,0,0.0007291476333970953,0.0007806762610154389,0.8631514280209227,0.067759802871398,0.04362384620948272,0.02377422253930666,0.00018085779122512568,5.813402420982131e-11,1.861511829417841e-08,0.977480864804336,0.02251861809649217,5.170991717879993e-07,True,True,,converged
vle_0059,40.0,0.642,103.0,Jou1995,Jou,434.96874601486485,0.62562082783356,440.9456419220534,8.916527942659513e-07,-6.154097174463202e-12,9.452710614255011e-08,0,0.0012876623778269884,0.0006141869727985014,0.8565803942642949,0.07083615628853707,0.04065129088738216,0.029875739532355946,0.00015455634392039718,7.266837295877102e-11,1.326021562355589e-08,0.9864452772882941,0.013554481666143012,2.410455629317572e-07,True,True,,converged
vle_0060,60.0,0.053,0.0045,Aronu2011,Aronu,0.0002188826876404358,-1.3130011010404912,17.333506939160785,8.484069624614676e-07,-1.0219051760395129e-12,2.82219829728092e-08,0,9.48884019538298e-10,0.10030753679627573,0.8875688530968677,0.006116390073504739,0.0058222422548854106,1.7632794683701832e-05,0.00010917099134195669,6.385744585947885e-13,5.817304291827121e-05,1.2627720888144358e-05,0.996544249161188,0.0034431231179238605,True,True,,converged
vle_0075,60.0,0.0564,0.00428,Jou1995,Jou,0.00025189918998524074,-1.2302169980434663,17.327733026907573,5.790877774525249e-07,-2.2943464212917333e-12,5.914144907137597e-08,0,1.0854381872907193e-09,0.09954922432463638,0.8875688391924885,0.0064966965450861235,0.006200248310134509,1.897690942269755e-05,0.00011145769639428093,6.750102066307563e-13,5.455593572423681e-05,1.4537342512957475e-05,0.9965569999941705,0.0034284626633166015,True,True,,converged
vle_0061,60.0,0.105,0.0154,Aronu2011,Aronu,0.0011866258827735923,-1.1132069038675962,17.244227109857803,1.8499891041301453e-07,-1.0256889543770937e-10,5.8555560400463946e-08,0,4.6940145384648425e-09,0.08868975560175983,0.8875532488913468,0.011944641436504928,0.011611771646018497,4.177920333212031e-05,0.00013229216625621135,1.1737270702232626e-12,2.6506359593371732e-05,6.881293520515326e-05,0.9967332053697915,0.0031979816950034276,True,True,,converged
vle_0069,60.0,0.114,0.0194,Hilliard2008,Hilliard,0.0014965912941688085,-1.1126985153731872,17.22864023573725,7.09350265637454e-07,-1.1604096922249109e-10,6.31165555375901e-08,0,5.8280381905287794e-09,0.08667718732578755,0.8875486544533084,0.012954348924250458,0.012614632317927872,4.687949109717973e-05,0.00013454557568794403,1.2635840648785725e-12,2.374608263893752e-05,8.686647777718635e-05,0.9967621023275459,0.003151031194676861,True,True,,converged
vle_0076,60.0,0.119,0.0193,Jou1995,Jou,0.0016950767480931668,-1.056367942445796,17.21998694979889,2.3062524848183052e-08,-1.2302095049916023e-10,6.719033862623291e-08,0,6.543835119104614e-09,0.08555906736227559,0.8875459306519277,0.013515326765464509,0.013171774366532574,4.985491904352545e-05,0.00013565821625854211,1.313463399103475e-12,2.238117334896491e-05,9.843658726541389e-05,0.9967771891348044,0.003124374277930107,True,True,,converged
vle_0062,60.0,0.162,0.0427,Aronu2011,Aronu,0.004517339671531102,-0.9755451274068773,17.145113183890587,3.074269887548553e-07,-1.4399446870434058e-10,7.833014059599464e-08,0,1.61915939947974e-08,0.07594492504089317,0.8875171989741011,0.0183400034733371,0.0179612388862953,8.047673245469619e-05,0.00014214730337579326,1.7502111545565316e-12,1.3993396198572705e-05,0.000263476806660895,0.9968582417663561,0.0028782814269829307,True,True,,converged
vle_0070,60.0,0.191,0.0589,Hilliard2008,Hilliard,0.008265556853191577,-0.8528431773367693,17.094526996167975,4.3555604345435484e-08,-1.3488502690136997e-10,7.603140161904776e-08,0,2.819479091813041e-08,0.0694654597237456,0.8874911714012592,0.021593904982057523,0.02118680133304869,0.00010771875672796126,0.0001444694258200259,2.0661839070330525e-12,1.0446180483826348e-05,0.00048352065284078586,0.9968211089777229,0.002695370369436284,True,True,,converged
vle_0077,60.0,0.206,0.0579,Jou1995,Jou,0.011192081944001259,-0.7137676824994467,17.068556492834073,7.56969358750581e-07,-1.2580919442553985e-10,7.180181427202115e-08,0,3.7218127843289876e-08,0.06611641041832508,0.887474898381669,0.023276966664381237,0.022852787937446592,0.0001246053565464949,0.0001452794800868255,2.242080976425451e-12,9.01454117481899e-06,0.0006557134429440506,0.9967488364276805,0.002595450129375465,True,True,,converged
vle_0063,60.0,0.244,0.1348,Aronu2011,Aronu,0.023837899105695944,-0.7524219149150154,17.00508414356461,9.990192069153636e-07,-7.746844380313598e-11,5.126150881551439e-08,0,7.43604186081286e-08,0.05764295065379487,0.8874219687210513,0.027540788561620785,0.027062421621930777,0.00017899631978321987,0.00014657094359154274,2.7475423524542566e-12,6.228815061394504e-06,0.001401810123633945,0.9962718996026239,0.0023262902737421686,True,True,,converged
vle_0071,60.0,0.291,0.209,Hilliard2008,Hilliard,0.061355742594501286,-0.5322910693269534,16.940929519010215,7.178905114813006e-08,-2.029639565833877e-12,5.3981487724286126e-08,0,1.7705666338608806e-07,0.0471967473482215,0.8873210177588503,0.03281469734312471,0.03223470477929971,0.00028141080215064046,0.00014733685922059813,3.5699849726603416e-12,3.908048899083351e-06,0.00362174593345962,0.9944161102551615,0.00196214381137878,True,True,,converged
vle_0064,60.0,0.303,0.3015,Aronu2011,Aronu,0.07868670655926421,-0.5833859482289419,16.930674728827334,9.190988374818687e-07,-2.0875397116594605e-12,5.6110391000174786e-08,0,2.2265788220067587e-07,0.04453900332818613,0.8872856916171388,0.03416126894354461,0.033545872082354024,0.0003170315004979704,0.00014745550012493696,3.8350268164122576e-12,3.4543664363093514e-06,0.004647582439540156,0.9934886806024594,0.0018637369580004495,True,True,,converged
vle_0065,60.0,0.36,0.6436,Aronu2011,Aronu,0.27922416640582054,-0.36266303235514896,16.989398968089446,6.860948831288738e-08,-2.5679302239649455e-12,6.672808439134315e-08,0,7.213036450459078e-07,0.03201114424015714,0.8870209591302693,0.04055747055405235,0.039677473598421525,0.0005826311253715394,0.00014776579616877992,5.6604455533538555e-12,1.8342462538672577e-06,0.016435199793134347,0.9821982779735211,0.0013665222333445442,True,True,,converged
vle_0072,60.0,0.386,0.763,Hilliard2008,Hilliard,0.5355467557343659,-0.1537271451940781,17.174446804995444,8.663064261504871e-07,-3.00184717268825e-12,7.050789463391993e-08,0,1.3294139800065997e-06,0.026391230446082086,0.8868058204146093,0.043474664861842774,0.04238012483110589,0.0007977995155437422,0.00014771001557677577,7.044031168126957e-12,1.3204942155284126e-06,0.031182765990377875,0.9676940809323461,0.001123153077275948,True,True,,converged
vle_0078,60.0,0.389,0.528,Jou1995,Jou,0.5798196265847094,0.04065898937025543,17.210245821486073,3.075757781800803e-08,-3.0669133368910087e-12,7.39179988329397e-08,0,1.4328634067954068e-06,0.025749236070116775,0.8867745761730879,0.04381122199528045,0.04268555046234872,0.0008290248792604393,0.00014768911485497105,7.241017190529115e-12,1.268434403196284e-06,0.03369037447802376,0.9652152453095055,0.0010943802124707745,True,True,,converged
vle_0066,60.0,0.393,1.097,Aronu2011,Aronu,0.6456166200893496,-0.23023192568692707,17.26464351516409,5.272204095518873e-08,-3.159626405558637e-12,8.338941270835676e-08,0,1.5860022562958822e-06,0.024895874554259446,0.8867303083512922,0.04425994130169648,0.043090175483231345,0.0008732615839056888,0.00014765152953726115,7.518767009792233e-12,1.2011863026886468e-06,0.037395305586372746,0.961548903875269,0.0010557905383582478,True,True,,converged
vle_0067,60.0,0.428,2.5014,Aronu2011,Aronu,1.8166945292002674,-0.1389012371538042,18.33287749934248,4.720599435792394e-07,-4.250783689558494e-12,7.430948656406144e-08,0,4.248256103880612e-06,0.017612966856807195,0.8861607481469918,0.04818441966807219,0.0464483059773272,0.0014417995376184312,0.0001468026225061615,1.1001971470669741e-11,7.089235711818413e-07,0.09909489272840143,0.9001976464652289,0.0007074608063696778,True,True,,converged
vle_0079,60.0,0.438,2.01,Jou1995,Jou,2.536330145231905,0.10100972606380601,19.022708301368212,1.0950304485390916e-07,-4.652569742035094e-12,6.978119770906233e-08,0,5.855985239164685e-06,0.015624998853472547,0.8859063263778901,0.0493045431512295,0.04731597002611516,0.0016954407117795265,0.00014626754899127518,1.252452927046701e-11,5.973327580748099e-07,0.1333317057198148,0.8660630800741889,0.0006052142059963495,True,True,,converged
vle_0073,60.0,0.485,4.86,Hilliard2008,Hilliard,15.985787097883438,0.5170977553836928,32.34430453167423,9.98725916190324e-07,-6.2336422779573555e-12,5.5592963121853245e-08,0,3.539177332867912e-05,0.007582138951690563,0.8834384299219332,0.05454173664826133,0.05011832110709396,0.004144318522953292,0.00013943400387988653,2.6916045995561037e-11,2.290439431144556e-07,0.4942380839331025,0.5055902851901438,0.00017163087675365707,True,True,,converged
vle_0068,60.0,0.491,13.558,Aronu2011,Aronu,20.676023108736707,0.18327137931549853,37.02094271517503,1.1908314934139241e-07,-1.202775835069446e-11,9.764113784171968e-08,0,4.5689050924599995e-05,0.006805168823228904,0.8828816616760693,0.05520261851491442,0.050233253655746796,0.0046936517766833635,0.00013775665296882208,3.011363085990907e-11,1.9981935031535928e-07,0.5584953162270911,0.4413703945033193,0.000134289269589592,True,True,,converged
vle_0080,60.0,0.504,11.0,Jou1995,Jou,35.8204835709953,0.5127387593027859,52.138901508602785,7.799909571559738e-07,-5.311338018922315e-12,6.375261207836047e-08,0,7.91144936556231e-05,0.005378294376847315,0.8814319564287149,0.056622006666672664,0.05023698797012743,0.006118112487392077,0.00013337871494859463,3.838711791946303e-11,1.4882325445915123e-07,0.6870202964495715,0.3129047791632471,7.492438718125983e-05,True,True,,converged
vle_0074,60.0,0.544,25.8,Hilliard2008,Hilliard,149.14379862509045,0.7619854942162825,165.42582834972882,6.714651803463312e-07,-4.085892127335475e-12,9.05441694953879e-08,0,0.00033737304829066825,0.0028631854897413636,0.87527555466141,0.060819876894089006,0.04852523814104192,0.012062837161921145,0.00011586713753480588,7.279043097650917e-11,6.739318068921244e-08,0.9015750449185219,0.09841262643905359,1.2328642424492514e-05,True,True,,converged
vle_0081,60.0,0.561,34.0,Jou1995,Jou,235.75015094441244,0.8409730624341497,252.04889919087825,1.1247953279891476e-07,-2.3487089385129717e-12,5.2764590918741305e-08,0,0.0005421983253994896,0.002330266961619034,0.8722318145580543,0.06250190804546367,0.047353134584031065,0.014932529656321967,0.00010809611721253592,8.935854663664774e-11,5.166253936430871e-08,0.935334975479807,0.06465847120916529,6.553311027675194e-06,True,True,,converged
vle_0082,60.0,0.579,82.0,Jou1995,Jou,354.0403950480519,0.6352389642906671,370.3822230853823,1.8855928551886336e-07,-2.7020492360873647e-12,5.342209519199059e-08,0,0.0008298032551822247,0.0019390602597106543,0.868917160710615,0.06420713570954782,0.046006831068630176,0.017999672473263426,0.00010029586156524454,1.0704324579458236e-10,4.0554442247726256e-08,0.9558784762907931,0.04411781711851644,3.706590690400566e-06,True,True,,converged
vle_0093,60.0,0.668,282.0,Jou1995,Jou,1305.6991416012152,0.6655940102776566,1322.649249221053,8.398520545682686e-08,-4.5352232813981446e-11,9.978423065604147e-08,0,0.003348527569716398,0.0010652897237078645,0.8527538082985695,0.07145151674419663,0.039353503676707056,0.0319566764570878,7.065950323485375e-05,1.871291724689616e-10,1.7839650749030663e-08,0.9871847297158938,0.012814661665475869,6.086186302995212e-07,True,True,,converged
vle_0083,80.0,0.017,0.0056,Aronu2011,Aronu,0.00018454497681352742,-1.4820857985086962,41.525999376794665,6.110197432462883e-07,-1.0681544895547318e-13,7.247118460895763e-08,0,7.360817788317433e-10,0.10831930437675541,0.8875884698071956,0.002064141639207522,0.0018627230838767343,9.402856240397043e-06,3.605820014599174e-05,7.955567272245648e-13,0.00011989929970098293,4.4440827333021115e-06,0.9950131168165086,0.004982439100757977,True,True,,converged
vle_0094,80.0,0.0174,0.00296,Jou1995,Jou,0.0001928177860899735,-1.1861446190208702,41.524681787710385,7.757140476627455e-07,-6.107444194478062e-13,3.558133343517511e-08,0,7.685681054514424e-10,0.10823198496372344,0.8875901374544349,0.002107137859301118,0.001907046289370537,9.637386410511638e-06,3.63989075640929e-05,8.1166546096033e-13,0.00011765636981548601,4.643450058828379e-06,0.9950152044777565,0.004980152072184681,True,True,,converged
vle_0095,80.0,0.0236,0.00484,Jou1995,Jou,0.0003469202228849919,-1.1446157449059204,41.50272812340837,3.6810060599634653e-07,-1.5367837346647387e-12,7.587531669628333e-08,0,1.3685780022846501e-09,0.10687050071680171,0.8876085095201166,0.0027809847522050108,0.0025946836325098834,1.334350797779613e-05,4.0981113570615294e-05,1.0617193866424763e-12,9.099538717867438e-05,8.358973941506318e-06,0.9950472302138622,0.004944410812196289,True,True,,converged
vle_0084,80.0,0.04,0.0219,Aronu2011,Aronu,0.0010194234156121087,-1.3320895099602592,41.44236058515134,2.4784048413550863e-07,2.1676497829494195e-11,8.23900982993564e-08,0,3.912208205371655e-09,0.10323430138332962,0.8876246451320912,0.004595209098709986,0.004416658487992583,2.38157449850815e-05,4.93686067047659e-05,1.7147816904149332e-12,5.59976322637488e-05,2.4598584665984606e-05,0.9951290334106855,0.004846368004648471,True,True,,converged
vle_0085,80.0,0.075,0.0557,Aronu2011,Aronu,0.004259308577063461,-1.1165160903285998,41.31178338357606,7.673914836914264e-09,-1.3388566373184058e-10,7.209807506569632e-08,0,1.5418138711193235e-08,0.09543033138707058,0.887615798615341,0.008506562526119678,0.008309273705868266,4.99028200120197e-05,5.927061389621432e-05,3.046777624642109e-12,2.8844910506514077e-05,0.00010310154218025829,0.9952788334669677,0.004618064990852143,True,True,,converged
vle_0096,80.0,0.0781,0.0465,Jou1995,Jou,0.004707900788972132,-0.9946256506420774,41.300206158216774,6.591511243492221e-07,-1.5690292425033143e-10,8.044745669621989e-08,0,1.6954700530965983e-08,0.09473833032045065,0.8876139496245227,0.008853777753140583,0.008654059342789875,5.249679563747173e-05,5.9852570556368585e-05,3.161487378209809e-12,2.7516635040385524e-05,0.00011399218616334882,0.995289424507652,0.004596583306184652,True,True,,converged
vle_0097,80.0,0.118,0.0992,Jou1995,Jou,0.014209786400201705,-0.8439241224400058,41.153043837025635,6.074121952082123e-07,-1.5618467294215704e-10,8.365203640892105e-08,0,4.792701933087887e-08,0.08583091473699965,0.8875815207015377,0.013326247897933094,0.013089001187629932,9.101888608180746e-05,6.497932891319964e-05,4.618397919984104e-12,1.626932926669212e-05,0.00034529126099336246,0.9953527514287805,0.004301957310226034,True,True,,converged
vle_0086,80.0,0.122,0.1406,Aronu2011,Aronu,0.01566531237460967,-0.9530462613181931,41.13846525234262,7.759104576621212e-07,-5.047327976442006e-12,9.773826192827073e-08,0,5.249302145249673e-08,0.0849381638875891,0.8875774615411615,0.013774817186615808,0.013533182891186846,9.548430772073501e-05,6.531230964899836e-05,4.764380448776925e-12,1.5525378291055247e-05,0.00038079476904446776,0.9953486324468674,0.004270572784088168,True,True,,converged
vle_0087,80.0,0.155,0.2485,Aronu2011,Aronu,0.033173535187644786,-0.8745346378393688,41.021913875385785,1.2125662696149675e-08,-2.6046051454536217e-12,6.874678604162909e-08,0,1.0537829766263538e-07,0.07757688197387418,0.8875380181948038,0.017476136104529475,0.017193139544782278,0.00013763173640484643,6.727777066848664e-05,5.991977305474534e-12,1.0809290647275095e-05,0.0008086783880541901,0.9951924548651327,0.003998866746813069,True,True,,converged
vle_0098,80.0,0.187,0.278,Jou1995,Jou,0.06462077260550426,-0.6336726497836295,40.91867404320214,9.988942437644255e-07,-2.6346983829258737e-12,5.4012350148013866e-08,0,1.9502482609022861e-07,0.07044851241737897,0.8874877269825411,0.021065915355668548,0.02073171972161491,0.0001898496773100817,6.826515330148945e-05,7.264060817949697e-12,7.815660094639604e-06,0.0015792489399162188,0.994707075709829,0.0037136753502547697,True,True,,converged
vle_0088,80.0,0.216,0.6137,Aronu2011,Aronu,0.11510850828320923,-0.7268486974483834,40.84198166917389,2.7394726398455305e-07,-5.358058248927829e-12,9.313137994126919e-08,0,3.318168146075263e-07,0.06400102119121127,0.8874284927382184,0.024319429030241757,0.023925682005653606,0.0002504469027611257,6.870382930603638e-05,8.545180804194551e-12,5.892477248094432e-06,0.0028183869532973503,0.9937448380891953,0.003436774957507221,True,True,,converged
vle_0089,80.0,0.271,1.2538,Aronu2011,Aronu,0.3378567962714606,-0.5694956059580751,40.80657558683488,4.890833604775935e-07,-3.1213998382952036e-12,5.9480637304432094e-08,0,8.941731104556548e-07,0.0518263076368303,0.88726137187172,0.030490170228785123,0.029929591116197383,0.000419285246362735,6.891416561829563e-05,1.158551940661976e-11,3.4655497902807394e-06,0.00827946945836006,0.9888574577312029,0.00286307281043714,True,True,,converged
vle_0090,80.0,0.347,3.7522,Aronu2011,Aronu,1.6315617956474906,-0.3616824517117478,41.697036038051046,2.6981258649527717e-07,-2.7653011978995257e-12,6.123588747186659e-08,0,3.856578525465752e-06,0.035245631254688936,0.8867879381218894,0.039015581714145535,0.0379845235062329,0.0008923010498966977,6.858942369260459e-05,1.871238752076001e-11,1.5783322161096098e-06,0.039128963367050656,0.9589118775537102,0.001959159079239129,True,True,,converged
vle_0099,80.0,0.348,2.67,Jou1995,Jou,1.66825820794852,-0.2042479910769045,41.728028665479606,8.290882334421878e-07,-2.784417596494906e-12,6.119104511981277e-08,0,3.937690531545006e-06,0.03503091552033014,0.8867782925324329,0.03912771806818908,0.03808709378094825,0.0009018997343076497,6.858192026146676e-05,1.884785714885164e-11,1.5607341512756333e-06,0.039979319927198526,0.9580743718846314,0.001946308188170112,True,True,,converged
vle_0092,80.0,0.398,8.3031,Aronu2011,Aronu,5.5251206578379914,-0.17689850186132675,45.294063414828976,9.526434663342798e-07,-8.397193946688998e-12,8.70425367338612e-08,0,1.2182740793095016e-05,0.024527834715165377,0.8860678793812035,0.04473000464279328,0.04298696260889732,0.0016063796520439017,6.790618830878501e-05,2.8394045308426393e-11,8.50042400759604e-07,0.12198332940976772,0.8767485258814344,0.001268144708797815,True,True,,converged
vle_0091,80.0,0.4,7.9387,Aronu2011,Aronu,5.820732261806114,-0.13477176710212277,45.57807256871915,3.0565904760027074e-07,-8.665776650636461e-12,9.724356431206616e-08,0,1.2801956608341143e-05,0.024121045830044843,0.8860264520170046,0.044953781428047734,0.04316990522412358,0.001647323095093519,6.786272667388569e-05,2.893297171441618e-11,8.276934705708584e-07,0.12770904809610054,0.8710513082483734,0.001239643655526157,True,True,,converged
vle_0100,80.0,0.46,16.0,Jou1995,Jou,33.805122977577874,0.3248625375122723,73.25694518960303,2.8168216203994234e-08,-3.0404908099751864e-12,5.644033507223867e-08,0,6.98156736223819e-05,0.012971504924360151,0.8837732457695705,0.051625283538975,0.04764154428909732,0.0038531395469226164,6.513356283937946e-05,5.706957456622533e-11,3.3263754313086423e-07,0.4614596321220291,0.5381252741974256,0.0004150936805453598,True,True,,converged
vle_0101,80.0,0.517,56.0,Jou1995,Jou,207.60003504136415,0.5690393954759511,246.99766058641504,7.367959558024495e-07,-7.004817757446402e-12,9.146276624960592e-08,0,0.0004235457300382501,0.00622019950930006,0.8781318429004502,0.057641141809824784,0.048337286664633716,0.009187986258730293,5.787201365770096e-05,1.2340574323620116e-10,1.249899592922417e-07,0.8404939324060231,0.1594472872751243,5.878031885260849e-05,True,True,,converged
vle_0102,80.0,0.5785,235.0,Jou1995,Jou,831.307561212093,0.5486938684018823,871.4255773892643,1.9329172484816581e-07,-3.3863206646166174e-11,6.716035372278384e-08,0,0.0017502684980602947,0.003403875910906114,0.8686571835664146,0.06311812753249146,0.04552770499221383,0.017495199294956715,4.758352845822491e-05,2.2604758134301658e-10,5.645045103149369e-08,0.9539627740817956,0.04602774874376762,9.477174436574305e-06,True,True,,converged
vle_0103,80.0,0.64,558.0,Jou1995,Jou,1917.5388171082448,0.536109965279415,1959.4335366096466,7.244456758925821e-07,-7.557586038857267e-11,7.644286270647171e-08,0,0.004173134985231841,0.002337286198375516,0.8587208896698536,0.06740402908289699,0.04203643568123694,0.025288820196399844,3.936974272283609e-05,3.214004684142161e-10,3.412188200094485e-08,0.9786189637368915,0.021377791520629606,3.244742478859231e-06,True,True,,converged
vle_0104,80.0,0.689,958.0,Jou1995,Jou,3030.673234428454,0.5001736044138593,3074.732819263572,3.2368138747074227e-07,-6.228828282724583e-11,6.454059686689106e-08,0,0.006715148470032519,0.0018903466138708329,0.8511537226050233,0.07013762751657938,0.039464445461554316,0.03060420962074316,3.44735591362067e-05,3.851978307131289e-10,2.5767862214449133e-08,0.9856704346605081,0.014327636148006034,1.929191485961173e-06,True,True,,converged
vle_0105,100.0,0.0117,0.00724,Jou1995,Jou,0.0006617378516003548,-1.0390525890705442,89.4644607415036,9.138063195024415e-07,-6.238151000533682e-14,7.615829389351347e-08,0,2.3801687534946454e-09,0.10951187987534806,0.8876079446357467,0.0014480585497100348,0.001286230488520701,1.1103314379594042e-05,1.5943994116697906e-05,1.6853496351799275e-12,0.00011883676032415696,7.396656125971226e-06,0.9933643674798533,0.006628235864020642,True,True,,converged
vle_0106,100.0,0.0566,0.136,Jou1995,Jou,0.016047780197829972,-0.9281239410689549,89.1434386274608,3.8318950595916945e-08,2.681753982427962e-10,9.896579911128356e-08,0,5.377164248004174e-08,0.09957345017035552,0.8876376352453306,0.006407735401222426,0.006264978106750545,6.149122112280709e-05,2.6609734048202134e-05,7.077043660229047e-12,2.804634245057596e-05,0.00018002200100105208,0.99357666888633,0.006243309112669029,True,True,,converged
vle_0107,100.0,0.188,1.43,Jou1995,Jou,0.4748624398141058,-0.47876821790742385,88.52473992028477,1.734996413205181e-07,-2.5272109657926848e-12,9.177701798535054e-08,0,1.3021603005905528e-06,0.07036591984851567,0.8873879824989466,0.021138354420432492,0.020741749156422754,0.00032728768076145887,3.1913396248584865e-05,2.252001629603601e-11,5.49081585166482e-06,0.00536417774558516,0.989828334760574,0.004807487493840855,True,True,,converged
vle_0120,100.0,0.315,16.0,Xu2011,Xu,5.606158978938128,-0.4554545733742562,92.44773160264873,3.377712260999033e-07,-3.4396745904670563e-12,9.532594091865576e-08,0,1.2829241770573726e-05,0.042621773808571864,0.8866420187233849,0.0353775048720264,0.03424545078174482,0.0010671781498007415,3.163161507166632e-05,4.6865227391064e-11,1.6127607639824207e-06,0.06064139034837611,0.9364266628258607,0.0029319468257629987,True,True,,converged
vle_0122,100.0,0.315,12.0,Xu2011,Xu,5.6061663701593005,-0.3305152641877497,92.44773160264873,4.229715813153234e-07,-3.4396842881472694e-12,9.718358384702697e-08,0,1.2829259681520699e-05,0.042621773338536735,0.8866420190972943,0.03537750496884876,0.03424545115294713,0.0010671776446242046,3.16317305016612e-05,4.686521919481211e-11,1.6127607005842278e-06,0.060641470298646874,0.9364265831507015,0.0029319465506516124,True,True,,converged
vle_0108,100.0,0.381,19.0,Jou1995,Jou,22.886029188320705,0.08081684654058319,109.09393585865217,1.740078481304863e-07,-7.581436512789233e-12,9.132416423085488e-08,0,4.814889616795177e-05,0.028905195303842605,0.8855829096183652,0.042747373248299296,0.040588196388517316,0.002096385690761374,3.1000472311307335e-05,7.47158894486778e-11,7.903070191622389e-07,0.209782780391873,0.7885088606818939,0.0017083589262331664,True,True,,converged
vle_0115,100.0,0.388,34.0,Xu2011,Xu,26.883009215554363,-0.10200103612167806,113.0333806960262,8.821883848153522e-07,-8.159455934492669e-12,8.617417179834774e-08,0,5.609978420532578e-05,0.027518179037105548,0.8854074239710156,0.04352459867654454,0.041197094755189026,0.0022649756729101952,3.0900312092653416e-05,7.908140769022826e-11,7.277118557589174e-07,0.23783247966235044,0.7605962623771231,0.0015712579605265324,True,True,,converged
vle_0109,100.0,0.422,39.0,Jou1995,Jou,61.01153390962899,0.19434733683350613,146.94318083263582,7.600027333576342e-07,-6.938868030968217e-12,9.954376878340554e-08,0,0.00012283416710059253,0.021111281558052676,0.8842562265966442,0.04726995020944071,0.04385114999797288,0.0033578379951648744,3.0242961499604845e-05,1.0677707710922749e-10,4.7640734748199386e-07,0.41520493543092296,0.5838640549896029,0.0009310095794739502,True,True,,converged
vle_0116,100.0,0.424,101.0,Xu2011,Xu,64.14444217695295,-0.19716234107554767,150.06754039258814,8.930676296259321e-07,-3.5965510865919018e-12,5.4841159169427556e-08,0,0.00012889987843036187,0.020756085709493173,0.8841692098916943,0.04748799900647843,0.04398761607640592,0.003439531475927996,3.0193713977772297e-05,1.0881794620920964e-10,4.641387741502684e-07,0.42743715269235566,0.5716663575827079,0.0008964897249363784,True,True,,converged
vle_0117,100.0,0.425,86.0,Xu2011,Xu,65.77495365774809,-0.11643790047125285,151.69384710017712,7.132962531741782e-08,-3.661749745858792e-12,5.6151954197503073e-08,0,0.00013205445133091583,0.020579579260566534,0.8841247458886986,0.04759689427864504,0.044054873167124545,0.0034812263592756405,3.0168381438813176e-05,1.0985845622801556e-10,4.5810306160658707e-07,0.4336033063642388,0.5655172590861595,0.0008794345496017435,True,True,,converged
vle_0121,100.0,0.475,95.0,Xu2011,Xu,236.58859104759486,0.3962701926339174,322.57208260160485,4.188801154825228e-07,-4.105092164955152e-12,6.418601117275102e-08,0,0.00045935500445004433,0.012950149728538548,0.8808955046826072,0.05286167375229988,0.04638278499633158,0.006421941743784029,2.8357288698363873e-05,1.8209030279357022e-10,2.326211998215029e-07,0.7334441007400985,0.2662931413788227,0.00026275788107891606,True,True,,converged
vle_0110,100.0,0.477,69.0,Jou1995,Jou,248.79342620681996,0.55698981020186,334.79570571598293,6.686357512108998e-08,-4.217468412949679e-12,6.489226578310081e-08,0,0.0004826909741561943,0.012703450950537891,0.880719367068508,0.05306137658433104,0.04642716157207733,0.006577463726292138,2.8262538044253802e-05,1.8586942567201169e-10,2.2640018362565656e-07,0.7431201235833017,0.2566313488563982,0.00024852756030001744,True,True,,converged
vle_0111,100.0,0.481,109.0,Jou1995,Jou,274.9071113215741,0.401759476416387,360.95254104227735,9.148003758951972e-07,-4.446784936678465e-12,6.81578242733849e-08,0,0.0005326314746815111,0.01222504363613767,0.8803557916969406,0.053457299488901884,0.046504040358024495,0.006896912451555509,2.8066177511545246e-05,1.936318645734582e-10,2.1452261502669528e-07,0.7616156698267295,0.23816212800566602,0.0002222021676044937,True,True,,converged
vle_0118,100.0,0.501,167.0,Xu2011,Xu,443.416473154013,0.4240953521978563,529.8027190867784,3.782211432934446e-07,-5.72154090338224e-12,8.120589001237022e-08,0,0.0008555293316632492,0.010133625686317314,0.8783201337334126,0.05535885513463792,0.0466576586451053,0.008647032402056972,2.699949875326595e-05,2.3602312921708685e-10,1.6533203036320857e-07,0.8369463900040575,0.1629266259865032,0.00012698400943935133,True,True,,converged
vle_0119,100.0,0.52,233.0,Xu2011,Xu,669.2056622912876,0.45820368593776534,756.1483774610009,5.025096534438944e-07,-8.404450237840755e-12,8.120645489384515e-08,0,0.0012902086232713023,0.008582563555267878,0.8760960761266101,0.05702852717865224,0.04649025765992701,0.010486331648304368,2.5903232119241823e-05,2.8039096627025113e-10,1.316954568704055e-07,0.8850189754269524,0.11490427188485335,7.67526881942698e-05,True,True,,converged
vle_0112,100.0,0.571,509.0,Jou1995,Jou,1602.0241315428023,0.4979512713071817,1691.784094762325,1.2488034073498966e-07,-2.3166595004613046e-11,9.41232620732535e-08,0,0.0031029201990976267,0.0059597747580311215,0.8693326087077028,0.060813847052172125,0.04512425665285151,0.015643513127707162,2.2998601471235098e-05,4.0386026229441994e-10,8.049710615809758e-08,0.9469436061626216,0.0530302858028022,2.610803457618387e-05,True,True,,converged
vle_0113,100.0,0.589,376.0,Jou1995,Jou,2033.1539330793828,0.7329824160301768,2124.38361010667,2.230827069737984e-07,-2.950833687807549e-11,5.9323213008610765e-08,0,0.003944326639860458,0.005380230796781914,0.8668374339540462,0.061930042074406104,0.044493160943062215,0.017392658446157935,2.2076461468124462e-05,4.4531611785730397e-10,7.023890096135704e-08,0.9570559306740716,0.042924387900821336,1.9681425107051577e-05,True,True,,converged
vle_0114,100.0,0.6135,909.0,Jou1995,Jou,2691.4868565340885,0.47142838012399674,2785.117064737785,8.388841226114607e-07,-5.80694981659423e-11,9.087000307772541e-08,0,0.005226972750511443,0.0047627605882324215,0.8634370095586864,0.06329708977996407,0.043599611431841066,0.019655572069448374,2.092351609330083e-05,4.984954736943313e-10,5.980672741523594e-08,0.9663819487557118,0.033603703445585824,1.4347798702327204e-05,True,True,,converged
vle_0123,120.0,0.00333,0.00202,Jou1995,Jou,0.00049745741484396,-0.608595460826936,176.76975046856398,2.459725916281741e-07,-2.204916479432717e-13,5.69262077476651e-08,0,1.6664986528160396e-09,0.11130664231100602,0.8875472162719646,0.0005753463850463321,0.00036418029742242824,5.044756419427515e-06,4.553023344226084e-06,1.7808666172320302e-12,0.0001970152865174649,2.81415464764389e-06,0.9914848861159576,0.008512299729394702,True,True,,converged
vle_0124,120.0,0.0112,0.0221,Jou1995,Jou,0.0037867658758935366,-0.7661238188285298,176.6949814626098,1.0735819611085162e-07,-2.683780525288351e-13,8.599860734648246e-08,0,1.2548753513118852e-08,0.10965945784705361,0.8876385718027938,0.0013549710311792874,0.0012317389019320018,1.7421363950040784e-05,7.984269555295755e-06,4.163594561501327e-12,8.984223061896343e-05,2.143108901310165e-05,0.9915525674831386,0.008426001427848313,True,True,,converged
vle_0125,120.0,0.0247,0.0984,Jou1995,Jou,0.017437005311451325,-0.7515231985909843,176.5249997671767,3.171503947380083e-07,-5.542028153667639e-13,4.710901890803143e-08,0,5.663292874103526e-08,0.10669610519021362,0.88765844269622,0.0028278263069690932,0.0027222313997970677,3.99350700320096e-05,1.0257150978008468e-05,8.560848265745363e-12,4.514554430058647e-05,9.877923996289158e-05,0.9916245028051867,0.008276717954850434,True,True,,converged
vle_0126,120.0,0.119,2.29,Jou1995,Jou,0.6733692266169464,-0.5315822173561768,175.79510316360077,1.2760302592340622e-08,-1.1631746269429944e-12,9.178679860610828e-08,0,1.9051054876942253e-06,0.08578411533815906,0.8874728205830897,0.013377809552257577,0.01308403113844933,0.0002568723105411562,1.4460208448466682e-05,3.800908377278537e-11,7.98572555795118e-06,0.00383042083936938,0.9891083531996201,0.00706122596101061,True,True,,converged
vle_0133,120.0,0.155,7.354,Mamun2005,Mamun,1.5134761089190414,-0.6865480557714843,176.08027379704458,8.936863546971097e-07,-1.3249888026898226e-12,9.503285625100943e-08,0,4.069328888947982e-06,0.07783301412695656,0.887349384663124,0.017414139158290702,0.016998559672323353,0.00038070996664501736,1.474653588555283e-05,4.949337267017602e-11,5.376498392633957e-06,0.008595375712917843,0.984892177055656,0.0065124472314260235,True,True,,converged
vle_0134,120.0,0.1766,9.314,Mamun2005,Mamun,2.3603647508553904,-0.5961571132352848,176.58802334326697,9.594830654435782e-07,-1.4586558525237913e-12,9.065944439612394e-08,0,6.158204399441948e-06,0.0730799850388181,0.8872576187447213,0.019835523088018597,0.019329970273267466,0.0004716147190312096,1.4808279102761101e-05,5.681950111267503e-11,4.321595821460927e-06,0.01336650530521603,0.980475492198028,0.006158002496756017,True,True,,converged
vle_0135,120.0,0.1843,9.045,Mamun2005,Mamun,2.7517686524777387,-0.5167966522339932,176.85717684298777,2.434354482300227e-07,-1.5169489496391002e-12,8.677457685735135e-08,0,7.103391498770768e-06,0.07138962252594735,0.887221006304295,0.02069854211423078,0.02015720763451437,0.0005076945029533447,1.4816570844624403e-05,5.954683269818488e-11,4.006896168967123e-06,0.015559270489321078,0.978414005779467,0.006026723731211976,True,True,,converged
vle_0136,120.0,0.2085,15.51,Mamun2005,Mamun,4.403372537943788,-0.5468263682411799,178.12289971532286,3.8534017221536487e-07,-1.7419570619604265e-12,7.521816058897457e-08,0,1.0996439661146465e-05,0.06609364656208257,0.8870900501667239,0.023410057915754776,0.022741230717274123,0.0006360326828481728,1.4809139033499957e-05,6.863682674344087e-11,3.176307985010792e-06,0.024720979419161074,0.9696830453981097,0.005595975182729337,True,True,,converged
vle_0137,120.0,0.2326,19.62,Mamun2005,Mamun,6.948216380995789,-0.45082566828193826,180.28239060730894,1.7917489536500852e-07,-2.0373636588563726e-12,6.108293959528055e-08,0,1.6797277440556625e-05,0.06085040710416563,0.8869305200819129,0.02610851919519096,0.02528535767465206,0.0007911024836480573,1.47630133955168e-05,7.870191233092415e-11,2.5330908922400694e-06,0.03854073799215583,0.9563220900213948,0.005137171986449442,True,True,,converged
vle_0138,120.0,0.2381,25.2,Mamun2005,Mamun,7.702888466420251,-0.5147469312195638,180.94956230512554,2.699343575329749e-07,-2.115705818733635e-12,5.974654726514927e-08,0,1.8485686587791412e-05,0.059659086898255304,0.8868891996043237,0.026723988050837037,0.025861019484838755,0.0008310652568125503,1.4748455365853221e-05,8.117634632392255e-11,2.406481802579981e-06,0.04256925724656511,0.9524028138570387,0.005027928896396058,True,True,,converged
vle_0139,120.0,0.256,27.71,Mamun2005,Mamun,10.761954670496925,-0.41074536732231537,183.72705508506775,5.908695963618982e-07,-2.6560935178368355e-12,7.323859563257429e-08,0,2.5223700863591747e-05,0.05579821493776197,0.8867396529714774,0.0287258003878094,0.027719322833718214,0.0009750554739459722,1.4692568027774219e-05,8.978685936269747e-11,2.037036608870236e-06,0.05857577516557926,0.9367643631055704,0.004659861728850274,True,True,,converged
vle_0140,120.0,0.2901,39.18,Mamun2005,Mamun,20.373672231162217,-0.2839951166501007,192.829189758462,2.2212100780905075e-07,-2.3903466081989794e-12,6.813256092641495e-08,0,4.5698664502658636e-05,0.04853131218930661,0.8863746199840407,0.03253146229465188,0.031178265428200805,0.0013226059466471757,1.4555647992608202e-05,1.091854893344225e-10,1.4797354722460785e-06,0.10565657749577383,0.8904412343479582,0.003902188156268118,True,True,,converged
vle_0141,120.0,0.2967,40.4,Mamun2005,Mamun,23.075869257777036,-0.24322329542368712,195.43989696669288,3.756521835818205e-07,-2.6882513449667025e-12,6.448118838875416e-08,0,5.133116847909286e-05,0.047141911020991106,0.8862886575342364,0.033266312460748015,0.031832184225372005,0.0014036887068768456,1.4524875007107927e-05,1.1351339363742814e-10,1.3898947759777323e-06,0.11807143585278114,0.8781817796752986,0.00374678447192023,True,True,,converged
vle_0142,120.0,0.3004,43.49,Mamun2005,Mamun,24.750230614124973,-0.244810157770483,197.06462545516126,8.32148346605055e-07,-2.8721548196653163e-12,7.766830378841405e-08,0,5.480126483562026e-05,0.046365927724374166,0.8862378801282604,0.03367794881152602,0.03219614167855141,0.001451451561716158,1.4506975564159076e-05,1.160365940504143e-10,1.3417391355702687e-06,0.12559448737671322,0.8707470506241082,0.0036584619991786613,True,True,,converged
vle_0143,120.0,0.3125,51.82,Mamun2005,Mamun,31.1623356019792,-0.22086740826807155,203.32197874159704,2.2405788004109528e-07,-3.570505567952853e-12,8.75282140100353e-08,0,6.797294228730625e-05,0.04384453690954857,0.886057514225829,0.03502221050298718,0.03337179237230953,0.0016203330397460882,1.4445336970817286e-05,1.2481803884958525e-10,1.194545503466117e-06,0.15326594692246023,0.8433701150669232,0.003363938010616697,True,True,,converged
vle_0159,120.0,0.314,50.0,Xu2011,Xu,32.070097174153084,-0.19286972846948883,204.21151824245246,6.667133494175914e-07,-3.668563181583596e-12,9.297460579205108e-08,0,6.98245435443552e-05,0.043533842450584205,0.8860335174430587,0.0351886264052681,0.03351586309892588,0.0016427110963058125,1.4437503455862944e-05,1.2596741645059163e-10,1.1773328896895828e-06,0.15704352746683706,0.8396296141668487,0.003326858366314243,True,True,,converged
vle_0161,120.0,0.314,45.0,Xu2011,Xu,32.070113210188,-0.14711202074827015,204.21151824245246,7.594506473002083e-07,-3.668554251738749e-12,9.09917901026347e-08,0,6.982458491434748e-05,0.043533842635933837,0.8860335173148669,0.035188626350226355,0.03351586296397434,0.0016427111999842436,1.443749190086926e-05,1.2596771958914046e-10,1.177332231340578e-06,0.15704360599343073,0.8396295359424373,0.0033268580641318806,True,True,,converged
vle_0144,120.0,0.3191,58.57,Mamun2005,Mamun,35.36861463421317,-0.21905717491436016,207.45026569655457,5.082172060966172e-07,-4.022912946276814e-12,9.299015601982319e-08,0,7.652889989681154e-05,0.042480871882374184,0.8859489833372217,0.03575401256436045,0.03400269498705324,0.0017213782059624803,1.4409512346868094e-05,1.2998327301746628e-10,1.1204808009503622e-06,0.17049201896876914,0.8263080334982035,0.0031999475330273166,True,True,,converged
vle_0145,120.0,0.3298,62.88,Mamun2005,Mamun,43.49826231252615,-0.16004062511475714,215.46520527400264,1.523674821868326e-07,-2.4417192593644558e-12,5.515607881534379e-08,0,9.291590358347291e-05,0.04029010542300631,0.8857557506073898,0.0369377878373254,0.03500784664806978,0.0019002365842157797,1.4347889142708004e-05,1.389903149153096e-10,1.008968276618793e-06,0.20188068072155924,0.7951892919967587,0.0029300272816821264,True,True,,converged
vle_0146,120.0,0.3424,77.59,Mamun2005,Mamun,55.65477831875665,-0.1443032946370394,227.5083380743589,1.5290715005278344e-07,-2.9307083805765762e-12,5.63659057206678e-08,0,0.00011713540265613746,0.037746935896825984,0.8854969773643511,0.0383266098834951,0.03615947558581816,0.0021377067944044177,1.4268735319037245e-05,1.5072637164355676e-10,8.901864038086407e-07,0.24462742240491606,0.7527645503621656,0.0026080272329183124,True,True,,converged
vle_0147,120.0,0.3424,74.95,Mamun2005,Mamun,55.65472592416822,-0.12926958880747888,227.5083380743589,1.5348939896853153e-07,-2.9307407052596676e-12,5.259320801087597e-08,0,0.00011713526971462544,0.037746945126317835,0.8854969681004528,0.0383266099063482,0.036159466348395355,0.0021377162915198374,1.4268613677302042e-05,1.5072629521203435e-10,8.901928477198808e-07,0.24462719210747347,0.7527647793214641,0.0026080285710624275,True,True,,converged
vle_0127,120.0,0.349,46.8,Jou1995,Jou,63.40533645841387,0.1318799583866322,235.2107647018596,3.165206756972072e-07,-3.1491953722666028e-12,5.380924150699684e-08,0,0.00013243865280679885,0.036433009248563665,0.8853460894905386,0.03905134317401667,0.03674695120518173,0.0022751110523650847,1.4224058058722065e-05,1.574220258635705e-10,8.329610465643697e-07,0.26956817447867676,0.7279929573667566,0.0024388681545664836,True,True,,converged
vle_0148,120.0,0.35,83.61,Mamun2005,Mamun,64.67582379488908,-0.11151625427328346,236.4748047749528,9.409036305640939e-07,-3.183502650532213e-12,5.356557153390895e-08,0,0.00013493852168709467,0.0362351365866192,0.885322219488185,0.03916096113012806,0.036834925309223665,0.002296777053496755,1.4217176999309436e-05,1.58471951752343e-10,8.245751891049087e-07,0.2734998506772824,0.7240868799845669,0.0024132693381508138,True,True,,converged
vle_0149,120.0,0.3594,92.79,Mamun2005,Mamun,78.01061134257492,-0.07534749339029538,249.7582714089128,5.338927211440136e-07,-7.043206177485932e-12,9.780746879073376e-08,0,0.00016105114186501,0.034391843619495155,0.8850840076618913,0.04018862298535528,0.0376476255382295,0.002511950901951914,1.4148738946587562e-05,1.6882914110853216e-10,7.492434359885746e-07,0.3123444557111515,0.6854816285334517,0.002173915755396879,True,True,,converged
vle_0152,120.0,0.37,63.0,Xu2011,Xu,96.58380935947314,0.18556378094573334,268.2987218012025,1.1221797097116237e-07,-7.870163404792638e-12,9.311128934541557e-08,0,0.0001971078381518429,0.032353480744292853,0.8847824257962807,0.04134052512656391,0.038530039023254456,0.0027816847515371506,1.4065003344121924e-05,1.816477279155467e-10,6.715349271852456e-07,0.3599860957632049,0.6381047752879234,0.001909128948871603,True,True,,converged
vle_0153,120.0,0.385,108.0,Xu2011,Xu,131.1316765038688,0.08428385816440577,302.85469890069226,2.949786033212831e-07,-9.137887380307152e-12,8.373422488716642e-08,0,0.0002634833131854692,0.029555087007183203,0.8842865388599394,0.04295441137644122,0.039707096085383746,0.003218877132421976,1.3932346959774584e-05,2.0211948788828188e-10,5.736763657069258e-07,0.4329854447689042,0.5654628186542249,0.00155173657687097,True,True,,converged
vle_0154,120.0,0.387,62.0,Xu2011,Xu,136.6258936502627,0.3431413261263566,308.35545038809886,6.143823000348547e-08,-9.313298876218124e-12,8.080085223127753e-08,0,0.00027397551582534417,0.029190611542186308,0.8842135948465152,0.04316786547670567,0.039856939736274744,0.003282537762061986,1.391327780305057e-05,2.0507481618129127e-10,5.616375528494848e-07,0.44307922392260024,0.55541457633587,0.001506199741529754,True,True,,converged
vle_0150,120.0,0.3882,137.9,Mamun2005,Mamun,140.03594986496938,0.006675275386362508,311.770097148702,1.4002850257099908e-07,-9.418988618386696e-12,8.014161778646667e-08,0,0.0002804803055425951,0.02897298916353515,0.8841689977620693,0.043295716992369455,0.039945980458964164,0.003321378947846618,1.3901639462144382e-05,2.0687489965162882e-10,5.545233359395727e-07,0.4491641473819017,0.5493566928436969,0.0014791597744014705,True,True,,converged
vle_0128,120.0,0.4115,122.0,Jou1995,Jou,226.5596562845265,0.2688227464637813,398.50110986764565,2.3744156463223476e-07,-6.474527388367877e-12,6.751272962901567e-08,0,0.00044412085881543787,0.024923999058703527,0.8831680385625895,0.045738745203269614,0.04153357424836845,0.00417744058673717,1.3649385598279031e-05,2.460899817798642e-10,4.3184982799516255e-07,0.5685295490388317,0.43046629541099063,0.0010041555501776617,True,True,,converged
vle_0151,120.0,0.4182,191.9,Mamun2005,Mamun,260.1985959155483,0.13222997395521982,432.2490505716353,4.120845114030658e-07,-7.25450823072972e-12,8.311506505265243e-08,0,0.0005072240646203452,0.02383013795364457,0.8828276391936833,0.04642428263216176,0.04193481486657804,0.004461932348980704,1.3567001792806672e-05,2.589648092376639e-10,4.016795733996351e-07,0.6019645284852427,0.39714760468301014,0.0008878668317471454,True,True,,converged
vle_0155,120.0,0.422,237.0,Xu2011,Xu,281.3989523351095,0.07457413018767138,453.52303985265235,2.3662570924898318e-07,-7.73445604761807e-12,9.037516690568737e-08,0,0.0005468898465607888,0.023225497012344228,0.8826231466473408,0.0468089920559859,0.04215029407217685,0.004631276424532841,1.3518159511013308e-05,2.6659849760469353e-10,3.855149490660133e-07,0.6204733334529924,0.3787003395131293,0.0008263270338783854,True,True,,converged
vle_0156,120.0,0.423,192.0,Xu2011,Xu,287.25095475206894,0.17496025214803873,459.39595736946995,2.2256636977857625e-07,-7.865411238197477e-12,9.219128926929443e-08,0,0.0005578264583494477,0.02306834419892595,0.882567926412099,0.04690970372989502,0.0422055076242524,0.0046768048595717355,1.3505074693471758e-05,2.686474025522055e-10,3.8137356561195006e-07,0.625279674633808,0.3739096564792233,0.0008106688869686764,True,True,,converged
vle_0129,120.0,0.444,222.0,Jou1995,Jou,440.1501538219227,0.29724788351719067,612.9052832272698,2.1036402264584808e-07,-5.538530205327559e-12,7.31283407162664e-08,0,0.0008421644839521899,0.019971323882603403,0.8812663712044377,0.048966672121944624,0.04321364362331018,0.005726315448254627,1.3204451784256072e-05,3.155460558606264e-10,3.044681670236639e-07,0.7181373139815337,0.2813294781936554,0.0005332078248108766,True,True,,converged
vle_0160,120.0,0.467,283.0,Xu2011,Xu,687.5477900191455,0.385516454934769,861.4473024475502,2.078738896571508e-07,-7.826692549635658e-12,9.727683547566812e-08,0,0.0012987915326417997,0.017063286535352686,0.879520438761205,0.05106515447126968,0.04397194404987091,0.007067317723644365,1.282652945024318e-05,3.7474260225893284e-10,2.4002182277836684e-07,0.7981309919546787,0.2015376356886812,0.0003313723566400939,True,True,,converged
vle_0130,120.0,0.473,422.0,Jou1995,Jou,768.2175783960657,0.2601717895309413,942.5175435662236,8.35730934234391e-07,-4.2602534213205715e-12,8.548376939643276e-08,0,0.0014471155621767278,0.01639157195254016,0.8790111548606985,0.05158143945305562,0.04411072472976612,0.007445044838602533,1.272206860445768e-05,3.9129900770619685e-10,2.2614325700915743e-07,0.8150697922177073,0.1846371085824727,0.0002930991998200814,True,True,,converged
vle_0157,120.0,0.492,387.0,Xu2011,Xu,1071.7100815888803,0.4423663511259343,1247.599847243745,3.3287744294341337e-07,-5.504766371913023e-12,6.519605477706136e-08,0,0.0020033532221682506,0.014495762653849302,0.8772658762490694,0.05312369177409517,0.04440184618924938,0.008696903927906894,1.2376570870062478e-05,4.4589784508864444e-10,1.8896689374838313e-07,0.8590174838162665,0.14078104628104177,0.000201469902691872,True,True,,converged
vle_0158,120.0,0.508,512.0,Xu2011,Xu,1385.4712202565026,0.4323275478406462,1563.1140791696532,7.861842687972853e-07,-6.742108435488798e-12,7.466719509352515e-08,0,0.0025758564995282756,0.01315392822082292,0.8756611682030084,0.054310562703357844,0.0444925484177801,0.009793691749706778,1.2079323955305946e-05,4.933858539439903e-10,1.6438845439986677e-07,0.8863532346868013,0.11349632404584398,0.0001504412673546614,True,True,,converged
vle_0131,120.0,0.536,822.0,Jou1995,Jou,2059.6301599579733,0.3989174252031346,2241.323744061578,3.11990046242272e-07,-1.0833521519154023e-11,6.740244629099834e-08,0,0.0037973544978495764,0.011278691763874681,0.8726358681113774,0.05614982416959682,0.04439141493941718,0.011735149623512266,1.1563877095217645e-05,5.766791451777715e-10,1.324405977781845e-07,0.9189346989318233,0.08096894551885336,9.635554932336348e-05,True,True,,converged
vle_0132,120.0,0.639,2804.0,Jou1995,Jou,5683.835503519023,0.3068634911804195,5892.494417779901,6.299804802267772e-07,-6.303105700142489e-11,8.769805148745036e-08,0,0.01008239656979392,0.0074682243728227205,0.860599784249808,0.06092977466056106,0.0427164601389226,0.018193326331076724,9.95626939910817e-06,8.444907503951013e-10,7.65631251708248e-08,0.9645890348862658,0.03537410051838485,3.686459534935585e-05,True,True,,converged
