model_id,observation_id,source_key,mea_mass_fraction,loading_mol_co2_per_mol_mea,temperature_k,state_pressure_pa,observed_pco2_pa,predicted_pco2_pa,log10_residual,density_kg_m3,ares_polar,split,role,group_id,measurement_origin,success,max_abs_reaction_balance_residual,parameter_fingerprint
M0,vle_obs_0119,Hilliard2008,0.3,0.153,313.15,6612.28,5.7,2.95909986259855,-0.2847152338563406,,0.0,training,active_training,vle|Hilliard2008|w=0.3|T=40,calibration_derived_partial_pressure,true,3.497042655453697e-10,sha256:7ac9cf016af9086a8f1c70189b524cbad1e29a75bb742862106d34ba7ab44ae0
M0,vle_obs_0120,Hilliard2008,0.3,0.163,313.15,6703.0,6.64,3.7194821962734506,-0.251685595118805,,0.0,training,active_training,vle|Hilliard2008|w=0.3|T=40,calibration_derived_partial_pressure,true,1.808828642424487e-10,sha256:7ac9cf016af9086a8f1c70189b524cbad1e29a75bb742862106d34ba7ab44ae0
M0,vle_obs_0121,Hilliard2008,0.3,0.17,313.15,6663.57,7.21,4.35019845524749,-0.21942619487906315,,0.0,training,active_training,vle|Hilliard2008|w=0.3|T=40,calibration_derived_partial_pressure,true,1.8819790170709894e-10,sha256:7ac9cf016af9086a8f1c70189b524cbad1e29a75bb742862106d34ba7ab44ae0
M0,vle_obs_0122,Hilliard2008,0.3,0.191,313.15,6626.179999999999,9.950000000000001,6.864422628285698,-0.16121906647005138,,0.0,training,active_training,vle|Hilliard2008|w=0.3|T=40,calibration_derived_partial_pressure,true,2.4282087451865664e-10,sha256:7ac9cf016af9086a8f1c70189b524cbad1e29a75bb742862106d34ba7ab44ae0
M0,vle_obs_0123,Hilliard2008,0.3,0.194,313.15,6726.3,9.85,7.316332925954805,-0.12914277089726392,,0.0,training,active_training,vle|Hilliard2008|w=0.3|T=40,calibration_derived_partial_pressure,true,1.7766410564945545e-10,sha256:7ac9cf016af9086a8f1c70189b524cbad1e29a75bb742862106d34ba7ab44ae0
M0,vle_obs_0124,Hilliard2008,0.3,0.232,313.15,6650.23,14.6,16.073257356507984,0.04175104267167871,,0.0,training,active_training,vle|Hilliard2008|w=0.3|T=40,calibration_derived_partial_pressure,true,1.5161916167016898e-10,sha256:7ac9cf016af9086a8f1c70189b524cbad1e29a75bb742862106d34ba7ab44ae0
M0,vle_obs_0125,Hilliard2008,0.3,0.246,313.15,6674.629999999999,19.099999999999998,21.346851585310738,0.04830046340349239,,0.0,training,active_training,vle|Hilliard2008|w=0.3|T=40,calibration_derived_partial_pressure,true,1.4215828514352324e-10,sha256:7ac9cf016af9086a8f1c70189b524cbad1e29a75bb742862106d34ba7ab44ae0
M0,vle_obs_0126,Hilliard2008,0.3,0.269,313.15,6658.26,23.099999999999998,33.933585554821946,0.16701777142410906,,0.0,training,active_training,vle|Hilliard2008|w=0.3|T=40,calibration_derived_partial_pressure,true,1.7642065586187528e-10,sha256:7ac9cf016af9086a8f1c70189b524cbad1e29a75bb742862106d34ba7ab44ae0
M0,vle_obs_0127,Hilliard2008,0.3,0.272,313.15,6677.51,22.4,36.04682736421602,0.20661902828445022,,0.0,training,active_training,vle|Hilliard2008|w=0.3|T=40,calibration_derived_partial_pressure,true,5.270806013868423e-11,sha256:7ac9cf016af9086a8f1c70189b524cbad1e29a75bb742862106d34ba7ab44ae0
M0,vle_obs_0128,Hilliard2008,0.3,0.326,313.15,6653.08,48.5,108.31259546147956,0.34893722422203477,,0.0,training,active_training,vle|Hilliard2008|w=0.3|T=40,calibration_derived_partial_pressure,true,1.639044455714611e-10,sha256:7ac9cf016af9086a8f1c70189b524cbad1e29a75bb742862106d34ba7ab44ae0
M0,vle_obs_0129,Hilliard2008,0.3,0.348,313.15,6670.429999999999,66.19999999999999,171.98758649761814,0.4146391126414688,,0.0,training,active_training,vle|Hilliard2008|w=0.3|T=40,calibration_derived_partial_pressure,true,4.9631410092843e-11,sha256:7ac9cf016af9086a8f1c70189b524cbad1e29a75bb742862106d34ba7ab44ae0
M0,vle_obs_0130,Hilliard2008,0.3,0.35,313.15,6826.33,72.1,179.47926207174754,0.39607901054529104,,0.0,training,active_training,vle|Hilliard2008|w=0.3|T=40,calibration_derived_partial_pressure,true,2.369802132307086e-10,sha256:7ac9cf016af9086a8f1c70189b524cbad1e29a75bb742862106d34ba7ab44ae0
M0,vle_obs_0131,Hilliard2008,0.3,0.36,313.15,6850.150000000001,96.60000000000001,222.4977577913773,0.36234851234532806,,0.0,training,active_training,vle|Hilliard2008|w=0.3|T=40,calibration_derived_partial_pressure,true,2.000426491122198e-10,sha256:7ac9cf016af9086a8f1c70189b524cbad1e29a75bb742862106d34ba7ab44ae0
M0,vle_obs_0132,Hilliard2008,0.3,0.382,313.15,6854.320000000001,131.0,360.8082069038039,0.4400051117410235,,0.0,training,active_training,vle|Hilliard2008|w=0.3|T=40,calibration_derived_partial_pressure,true,1.0575007536317571e-10,sha256:7ac9cf016af9086a8f1c70189b524cbad1e29a75bb742862106d34ba7ab44ae0
M0,vle_obs_0133,Hilliard2008,0.3,0.386,313.15,6783.62,120.0,394.6248007107581,0.5170031295298997,,0.0,training,active_training,vle|Hilliard2008|w=0.3|T=40,calibration_derived_partial_pressure,true,9.053024996319436e-11,sha256:7ac9cf016af9086a8f1c70189b524cbad1e29a75bb742862106d34ba7ab44ae0
M0,vle_obs_0134,Hilliard2008,0.3,0.389,313.15,6706.38,113.0,422.2000223591986,0.5724398084879249,,0.0,training,active_training,vle|Hilliard2008|w=0.3|T=40,calibration_derived_partial_pressure,true,1.2025935802739696e-10,sha256:7ac9cf016af9086a8f1c70189b524cbad1e29a75bb742862106d34ba7ab44ae0
M0,vle_obs_0135,Hilliard2008,0.3,0.4,313.15,6841.5,128.0,542.2535254761535,0.626992414625015,,0.0,training,active_training,vle|Hilliard2008|w=0.3|T=40,calibration_derived_partial_pressure,true,4.986837609521899e-10,sha256:7ac9cf016af9086a8f1c70189b524cbad1e29a75bb742862106d34ba7ab44ae0
M0,vle_obs_0136,Hilliard2008,0.3,0.464,313.15,7422.66,750.0,2472.7834699455393,0.5181248255029886,,0.0,training,active_training,vle|Hilliard2008|w=0.3|T=40,calibration_derived_partial_pressure,true,7.453593298123451e-11,sha256:7ac9cf016af9086a8f1c70189b524cbad1e29a75bb742862106d34ba7ab44ae0
M0,vle_obs_0137,Hilliard2008,0.3,0.466,313.15,7326.7,574.0,2594.1655239658025,0.655085790935103,,0.0,training,active_training,vle|Hilliard2008|w=0.3|T=40,calibration_derived_partial_pressure,true,2.1547208461925038e-10,sha256:7ac9cf016af9086a8f1c70189b524cbad1e29a75bb742862106d34ba7ab44ae0
M0,vle_obs_0138,Hilliard2008,0.3,0.481,313.15,7615.47,883.0,3705.1949380991446,0.6228503584850517,,0.0,training,active_training,vle|Hilliard2008|w=0.3|T=40,calibration_derived_partial_pressure,true,2.3629098677702132e-11,sha256:7ac9cf016af9086a8f1c70189b524cbad1e29a75bb742862106d34ba7ab44ae0
M0,vle_obs_0139,Hilliard2008,0.3,0.491,313.15,7781.93,1100.0,4678.346479114205,0.6286996974271779,,0.0,training,active_training,vle|Hilliard2008|w=0.3|T=40,calibration_derived_partial_pressure,true,2.647126962074253e-10,sha256:7ac9cf016af9086a8f1c70189b524cbad1e29a75bb742862106d34ba7ab44ae0
M0,vle_obs_0140,Hilliard2008,0.3,0.501,313.15,8671.99,1870.0,5877.184163472995,0.4973276931496471,,0.0,training,active_training,vle|Hilliard2008|w=0.3|T=40,calibration_derived_partial_pressure,true,5.860911755917186e-11,sha256:7ac9cf016af9086a8f1c70189b524cbad1e29a75bb742862106d34ba7ab44ae0
M0,vle_obs_0141,Hilliard2008,0.3,0.518,313.15,9831.720000000001,3030.0,8534.384190220915,0.44972956098622474,,0.0,training,active_training,vle|Hilliard2008|w=0.3|T=40,calibration_derived_partial_pressure,true,4.7272408210119465e-11,sha256:7ac9cf016af9086a8f1c70189b524cbad1e29a75bb742862106d34ba7ab44ae0
M0,vle_obs_0142,Hilliard2008,0.3,0.591,313.15,35021.46,28300.0,32663.214743157187,0.062272490635903205,,0.0,training,active_training,vle|Hilliard2008|w=0.3|T=40,calibration_derived_partial_pressure,true,1.2084910849807784e-10,sha256:7ac9cf016af9086a8f1c70189b524cbad1e29a75bb742862106d34ba7ab44ae0
M1,vle_obs_0119,Hilliard2008,0.3,0.153,313.15,6612.28,5.7,2.4286146013017653,-0.3705162539212216,,0.0,training,active_training,vle|Hilliard2008|w=0.3|T=40,calibration_derived_partial_pressure,true,8.575540277888649e-11,sha256:a9cb660cbdafb60d0ae850ed0246012860d3f8b5cad3ec5ee4f6a3d351c0b0ed
M1,vle_obs_0120,Hilliard2008,0.3,0.163,313.15,6703.0,6.64,3.018057652538656,-0.3424405477255775,,0.0,training,active_training,vle|Hilliard2008|w=0.3|T=40,calibration_derived_partial_pressure,true,2.82419421182567e-10,sha256:a9cb660cbdafb60d0ae850ed0246012860d3f8b5cad3ec5ee4f6a3d351c0b0ed
M1,vle_obs_0121,Hilliard2008,0.3,0.17,313.15,6663.57,7.21,3.5017601502305635,-0.31364886854556745,,0.0,training,active_training,vle|Hilliard2008|w=0.3|T=40,calibration_derived_partial_pressure,true,2.0463986061258765e-10,sha256:a9cb660cbdafb60d0ae850ed0246012860d3f8b5cad3ec5ee4f6a3d351c0b0ed
M1,vle_obs_0122,Hilliard2008,0.3,0.191,313.15,6626.179999999999,9.950000000000001,5.394897984888918,-0.26583984396381194,,0.0,training,active_training,vle|Hilliard2008|w=0.3|T=40,calibration_derived_partial_pressure,true,6.683720243927382e-11,sha256:a9cb660cbdafb60d0ae850ed0246012860d3f8b5cad3ec5ee4f6a3d351c0b0ed
M1,vle_obs_0123,Hilliard2008,0.3,0.194,313.15,6726.3,9.85,5.730448820174167,-0.23524759238859136,,0.0,training,active_training,vle|Hilliard2008|w=0.3|T=40,calibration_derived_partial_pressure,true,7.412026548081485e-11,sha256:a9cb660cbdafb60d0ae850ed0246012860d3f8b5cad3ec5ee4f6a3d351c0b0ed
M1,vle_obs_0124,Hilliard2008,0.3,0.232,313.15,6650.23,14.6,12.058473895491503,-0.08306050823779054,,0.0,training,active_training,vle|Hilliard2008|w=0.3|T=40,calibration_derived_partial_pressure,true,3.504716516999906e-10,sha256:a9cb660cbdafb60d0ae850ed0246012860d3f8b5cad3ec5ee4f6a3d351c0b0ed
M1,vle_obs_0125,Hilliard2008,0.3,0.246,313.15,6674.629999999999,19.099999999999998,15.765646090215183,-0.08332159402452693,,0.0,training,active_training,vle|Hilliard2008|w=0.3|T=40,calibration_derived_partial_pressure,true,8.399325679420144e-11,sha256:a9cb660cbdafb60d0ae850ed0246012860d3f8b5cad3ec5ee4f6a3d351c0b0ed
M1,vle_obs_0126,Hilliard2008,0.3,0.269,313.15,6658.26,23.099999999999998,24.434649778231115,0.024394138775026383,,0.0,training,active_training,vle|Hilliard2008|w=0.3|T=40,calibration_derived_partial_pressure,true,3.027977868441667e-10,sha256:a9cb660cbdafb60d0ae850ed0246012860d3f8b5cad3ec5ee4f6a3d351c0b0ed
M1,vle_obs_0127,Hilliard2008,0.3,0.272,313.15,6677.51,22.4,25.872113449811305,0.06258388862360983,,0.0,training,active_training,vle|Hilliard2008|w=0.3|T=40,calibration_derived_partial_pressure,true,1.680611205756577e-10,sha256:a9cb660cbdafb60d0ae850ed0246012860d3f8b5cad3ec5ee4f6a3d351c0b0ed
M1,vle_obs_0128,Hilliard2008,0.3,0.326,313.15,6653.08,48.5,73.61171060193432,0.18120517145852752,,0.0,training,active_training,vle|Hilliard2008|w=0.3|T=40,calibration_derived_partial_pressure,true,2.2372859120878275e-10,sha256:a9cb660cbdafb60d0ae850ed0246012860d3f8b5cad3ec5ee4f6a3d351c0b0ed
M1,vle_obs_0129,Hilliard2008,0.3,0.348,313.15,6670.429999999999,66.19999999999999,114.7410992764658,0.23886101688253084,,0.0,training,active_training,vle|Hilliard2008|w=0.3|T=40,calibration_derived_partial_pressure,true,1.220712420035852e-10,sha256:a9cb660cbdafb60d0ae850ed0246012860d3f8b5cad3ec5ee4f6a3d351c0b0ed
M1,vle_obs_0130,Hilliard2008,0.3,0.35,313.15,6826.33,72.1,119.55800258264657,0.21964338608925887,,0.0,training,active_training,vle|Hilliard2008|w=0.3|T=40,calibration_derived_partial_pressure,true,3.022329053692374e-10,sha256:a9cb660cbdafb60d0ae850ed0246012860d3f8b5cad3ec5ee4f6a3d351c0b0ed
M1,vle_obs_0131,Hilliard2008,0.3,0.36,313.15,6850.150000000001,96.60000000000001,147.1740372323453,0.18285407705599097,,0.0,training,active_training,vle|Hilliard2008|w=0.3|T=40,calibration_derived_partial_pressure,true,3.0028246555957594e-10,sha256:a9cb660cbdafb60d0ae850ed0246012860d3f8b5cad3ec5ee4f6a3d351c0b0ed
M1,vle_obs_0132,Hilliard2008,0.3,0.382,313.15,6854.320000000001,131.0,235.89731216528273,0.2554516968685078,,0.0,training,active_training,vle|Hilliard2008|w=0.3|T=40,calibration_derived_partial_pressure,true,1.184616849059239e-10,sha256:a9cb660cbdafb60d0ae850ed0246012860d3f8b5cad3ec5ee4f6a3d351c0b0ed
M1,vle_obs_0133,Hilliard2008,0.3,0.386,313.15,6783.62,120.0,257.6425061079817,0.3318362688717947,,0.0,training,active_training,vle|Hilliard2008|w=0.3|T=40,calibration_derived_partial_pressure,true,5.7063687108893646e-11,sha256:a9cb660cbdafb60d0ae850ed0246012860d3f8b5cad3ec5ee4f6a3d351c0b0ed
M1,vle_obs_0134,Hilliard2008,0.3,0.389,313.15,6706.38,113.0,275.4002233933228,0.38688584471943155,,0.0,training,active_training,vle|Hilliard2008|w=0.3|T=40,calibration_derived_partial_pressure,true,1.1726086768248933e-10,sha256:a9cb660cbdafb60d0ae850ed0246012860d3f8b5cad3ec5ee4f6a3d351c0b0ed
M1,vle_obs_0135,Hilliard2008,0.3,0.4,313.15,6841.5,128.0,353.03771318726217,0.44061113164440124,,0.0,training,active_training,vle|Hilliard2008|w=0.3|T=40,calibration_derived_partial_pressure,true,1.418456463397888e-10,sha256:a9cb660cbdafb60d0ae850ed0246012860d3f8b5cad3ec5ee4f6a3d351c0b0ed
M1,vle_obs_0136,Hilliard2008,0.3,0.464,313.15,7422.66,750.0,1690.5824989335385,0.3529751054145402,,0.0,training,active_training,vle|Hilliard2008|w=0.3|T=40,calibration_derived_partial_pressure,true,4.566302891362284e-11,sha256:a9cb660cbdafb60d0ae850ed0246012860d3f8b5cad3ec5ee4f6a3d351c0b0ed
M1,vle_obs_0137,Hilliard2008,0.3,0.466,313.15,7326.7,574.0,1779.7038768954483,0.4914358541081823,,0.0,training,active_training,vle|Hilliard2008|w=0.3|T=40,calibration_derived_partial_pressure,true,2.468425464030588e-10,sha256:a9cb660cbdafb60d0ae850ed0246012860d3f8b5cad3ec5ee4f6a3d351c0b0ed
M1,vle_obs_0138,Hilliard2008,0.3,0.481,313.15,7615.47,883.0,2616.9028678403747,0.4718268995576098,,0.0,training,active_training,vle|Hilliard2008|w=0.3|T=40,calibration_derived_partial_pressure,true,6.249933903745841e-11,sha256:a9cb660cbdafb60d0ae850ed0246012860d3f8b5cad3ec5ee4f6a3d351c0b0ed
M1,vle_obs_0139,Hilliard2008,0.3,0.491,313.15,7781.93,1100.0,3377.1297594067164,0.48715506268821923,,0.0,training,active_training,vle|Hilliard2008|w=0.3|T=40,calibration_derived_partial_pressure,true,6.851053058198886e-11,sha256:a9cb660cbdafb60d0ae850ed0246012860d3f8b5cad3ec5ee4f6a3d351c0b0ed
M1,vle_obs_0140,Hilliard2008,0.3,0.501,313.15,8671.99,1870.0,4341.029792596716,0.3657511598863879,,0.0,training,active_training,vle|Hilliard2008|w=0.3|T=40,calibration_derived_partial_pressure,true,8.200728984775196e-11,sha256:a9cb660cbdafb60d0ae850ed0246012860d3f8b5cad3ec5ee4f6a3d351c0b0ed
M1,vle_obs_0141,Hilliard2008,0.3,0.518,313.15,9831.720000000001,3030.0,6557.771142617845,0.3353136278029067,,0.0,training,active_training,vle|Hilliard2008|w=0.3|T=40,calibration_derived_partial_pressure,true,1.638511548662791e-10,sha256:a9cb660cbdafb60d0ae850ed0246012860d3f8b5cad3ec5ee4f6a3d351c0b0ed
M1,vle_obs_0142,Hilliard2008,0.3,0.591,313.15,35021.46,28300.0,28677.77707140645,0.005759048883010239,,0.0,training,active_training,vle|Hilliard2008|w=0.3|T=40,calibration_derived_partial_pressure,true,1.6821033455016732e-10,sha256:a9cb660cbdafb60d0ae850ed0246012860d3f8b5cad3ec5ee4f6a3d351c0b0ed
M3,vle_obs_0119,Hilliard2008,0.3,0.153,313.15,6612.28,5.7,1.0060962329035747,-0.7532353327854155,,0.0,training,active_training,vle|Hilliard2008|w=0.3|T=40,calibration_derived_partial_pressure,true,1.2849099562117772e-10,sha256:b12a7472480b2733ab0e19ce6d1bd87492abb88bfddb44b273db152e3cf6d9a9
M3,vle_obs_0120,Hilliard2008,0.3,0.163,313.15,6703.0,6.64,1.2169990281166227,-0.7368778479610884,,0.0,training,active_training,vle|Hilliard2008|w=0.3|T=40,calibration_derived_partial_pressure,true,3.183515673299553e-10,sha256:b12a7472480b2733ab0e19ce6d1bd87492abb88bfddb44b273db152e3cf6d9a9
M3,vle_obs_0121,Hilliard2008,0.3,0.17,313.15,6663.57,7.21,1.3856051127477493,-0.7162957875389129,,0.0,training,active_training,vle|Hilliard2008|w=0.3|T=40,calibration_derived_partial_pressure,true,2.3525359438281157e-10,sha256:b12a7472480b2733ab0e19ce6d1bd87492abb88bfddb44b273db152e3cf6d9a9
M3,vle_obs_0122,Hilliard2008,0.3,0.191,313.15,6626.179999999999,9.950000000000001,2.017046221597977,-0.6931072303490512,,0.0,training,active_training,vle|Hilliard2008|w=0.3|T=40,calibration_derived_partial_pressure,true,1.9454660105111543e-11,sha256:b12a7472480b2733ab0e19ce6d1bd87492abb88bfddb44b273db152e3cf6d9a9
M3,vle_obs_0123,Hilliard2008,0.3,0.194,313.15,6726.3,9.85,2.125247956224681,-0.6660266232934299,,0.0,training,active_training,vle|Hilliard2008|w=0.3|T=40,calibration_derived_partial_pressure,true,5.966072080809681e-11,sha256:b12a7472480b2733ab0e19ce6d1bd87492abb88bfddb44b273db152e3cf6d9a9
M3,vle_obs_0124,Hilliard2008,0.3,0.232,313.15,6650.23,14.6,4.040031582774096,-0.5579680955820252,,0.0,training,active_training,vle|Hilliard2008|w=0.3|T=40,calibration_derived_partial_pressure,true,2.519442432458163e-10,sha256:b12a7472480b2733ab0e19ce6d1bd87492abb88bfddb44b273db152e3cf6d9a9
M3,vle_obs_0125,Hilliard2008,0.3,0.246,313.15,6674.629999999999,19.099999999999998,5.091317948327201,-0.5742031480551434,,0.0,training,active_training,vle|Hilliard2008|w=0.3|T=40,calibration_derived_partial_pressure,true,9.556622160289407e-11,sha256:b12a7472480b2733ab0e19ce6d1bd87492abb88bfddb44b273db152e3cf6d9a9
M3,vle_obs_0126,Hilliard2008,0.3,0.269,313.15,6658.26,23.099999999999998,7.438097575241102,-0.4921501086238521,,0.0,training,active_training,vle|Hilliard2008|w=0.3|T=40,calibration_derived_partial_pressure,true,3.178683982696384e-10,sha256:b12a7472480b2733ab0e19ce6d1bd87492abb88bfddb44b273db152e3cf6d9a9
M3,vle_obs_0127,Hilliard2008,0.3,0.272,313.15,6677.51,22.4,7.81645345819309,-0.45723827204021733,,0.0,training,active_training,vle|Hilliard2008|w=0.3|T=40,calibration_derived_partial_pressure,true,1.1875300742758554e-10,sha256:b12a7472480b2733ab0e19ce6d1bd87492abb88bfddb44b273db152e3cf6d9a9
M3,vle_obs_0128,Hilliard2008,0.3,0.326,313.15,6653.08,48.5,19.62599494143118,-0.39291005603233237,,0.0,training,active_training,vle|Hilliard2008|w=0.3|T=40,calibration_derived_partial_pressure,true,7.042189054118353e-11,sha256:b12a7472480b2733ab0e19ce6d1bd87492abb88bfddb44b273db152e3cf6d9a9
M3,vle_obs_0129,Hilliard2008,0.3,0.348,313.15,6670.429999999999,66.19999999999999,29.363005197974474,-0.3530574874427097,,0.0,training,active_training,vle|Hilliard2008|w=0.3|T=40,calibration_derived_partial_pressure,true,1.4200196574165602e-10,sha256:b12a7472480b2733ab0e19ce6d1bd87492abb88bfddb44b273db152e3cf6d9a9
M3,vle_obs_0130,Hilliard2008,0.3,0.35,313.15,6826.33,72.1,30.495868451051393,-0.3736942591578946,,0.0,training,active_training,vle|Hilliard2008|w=0.3|T=40,calibration_derived_partial_pressure,true,3.7333691693675064e-10,sha256:b12a7472480b2733ab0e19ce6d1bd87492abb88bfddb44b273db152e3cf6d9a9
M3,vle_obs_0131,Hilliard2008,0.3,0.36,313.15,6850.150000000001,96.60000000000001,36.98497776481054,-0.4169517644732268,,0.0,training,active_training,vle|Hilliard2008|w=0.3|T=40,calibration_derived_partial_pressure,true,1.1392486953809566e-10,sha256:b12a7472480b2733ab0e19ce6d1bd87492abb88bfddb44b273db152e3cf6d9a9
M3,vle_obs_0132,Hilliard2008,0.3,0.382,313.15,6854.320000000001,131.0,57.998578506064966,-0.35385394613657345,,0.0,training,active_training,vle|Hilliard2008|w=0.3|T=40,calibration_derived_partial_pressure,true,8.423128861068108e-11,sha256:b12a7472480b2733ab0e19ce6d1bd87492abb88bfddb44b273db152e3cf6d9a9
M3,vle_obs_0133,Hilliard2008,0.3,0.386,313.15,6783.62,120.0,63.225053853135066,-0.27829203811248837,,0.0,training,active_training,vle|Hilliard2008|w=0.3|T=40,calibration_derived_partial_pressure,true,4.956035581926699e-12,sha256:b12a7472480b2733ab0e19ce6d1bd87492abb88bfddb44b273db152e3cf6d9a9
M3,vle_obs_0134,Hilliard2008,0.3,0.389,313.15,6706.38,113.0,67.52172691064547,-0.22363490236917888,,0.0,training,active_training,vle|Hilliard2008|w=0.3|T=40,calibration_derived_partial_pressure,true,3.04929415051447e-10,sha256:b12a7472480b2733ab0e19ce6d1bd87492abb88bfddb44b273db152e3cf6d9a9
M3,vle_obs_0135,Hilliard2008,0.3,0.4,313.15,6841.5,128.0,86.64586403020624,-0.16946213279676495,,0.0,training,active_training,vle|Hilliard2008|w=0.3|T=40,calibration_derived_partial_pressure,true,1.0881606726798054e-10,sha256:b12a7472480b2733ab0e19ce6d1bd87492abb88bfddb44b273db152e3cf6d9a9
M3,vle_obs_0136,Hilliard2008,0.3,0.464,313.15,7422.66,750.0,535.4133077858628,-0.14637210194582773,,0.0,training,active_training,vle|Hilliard2008|w=0.3|T=40,calibration_derived_partial_pressure,true,3.987210561717802e-10,sha256:b12a7472480b2733ab0e19ce6d1bd87492abb88bfddb44b273db152e3cf6d9a9
M3,vle_obs_0137,Hilliard2008,0.3,0.466,313.15,7326.7,574.0,574.1424686527057,0.00010777991707672904,,0.0,training,active_training,vle|Hilliard2008|w=0.3|T=40,calibration_derived_partial_pressure,true,1.8997425854649919e-10,sha256:b12a7472480b2733ab0e19ce6d1bd87492abb88bfddb44b273db152e3cf6d9a9
M3,vle_obs_0138,Hilliard2008,0.3,0.481,313.15,7615.47,883.0,992.719731945487,0.0508659507083893,,0.0,training,active_training,vle|Hilliard2008|w=0.3|T=40,calibration_derived_partial_pressure,true,9.265477274311706e-11,sha256:b12a7472480b2733ab0e19ce6d1bd87492abb88bfddb44b273db152e3cf6d9a9
M3,vle_obs_0139,Hilliard2008,0.3,0.491,313.15,7781.93,1100.0,1454.5160923873484,0.12132584537250825,,0.0,training,active_training,vle|Hilliard2008|w=0.3|T=40,calibration_derived_partial_pressure,true,2.3286617079065763e-10,sha256:b12a7472480b2733ab0e19ce6d1bd87492abb88bfddb44b273db152e3cf6d9a9
M3,vle_obs_0140,Hilliard2008,0.3,0.501,313.15,8671.99,1870.0,2138.8136018058412,0.05833133080055539,,0.0,training,active_training,vle|Hilliard2008|w=0.3|T=40,calibration_derived_partial_pressure,true,1.0401635108792107e-10,sha256:b12a7472480b2733ab0e19ce6d1bd87492abb88bfddb44b273db152e3cf6d9a9
M3,vle_obs_0141,Hilliard2008,0.3,0.518,313.15,9831.720000000001,3030.0,4035.676202270216,0.12447368535381413,,0.0,training,active_training,vle|Hilliard2008|w=0.3|T=40,calibration_derived_partial_pressure,true,2.3808155447113677e-10,sha256:b12a7472480b2733ab0e19ce6d1bd87492abb88bfddb44b273db152e3cf6d9a9
M3,vle_obs_0142,Hilliard2008,0.3,0.591,313.15,35021.46,28300.0,29950.27047948096,0.024614313311745295,,0.0,training,active_training,vle|Hilliard2008|w=0.3|T=40,calibration_derived_partial_pressure,true,2.956070943582745e-10,sha256:b12a7472480b2733ab0e19ce6d1bd87492abb88bfddb44b273db152e3cf6d9a9
M2,vle_obs_0107,Hilliard2008,0.17,0.121,313.15,6889.46,5.55,0.8939872406737291,-0.7929616626987226,,0.0,validation,reserved_validation,vle|Hilliard2008|w=0.17|T=40,calibration_derived_partial_pressure,true,1.9412027540965937e-10,sha256:8a08dd659a09f1dd2eed3430ca697af2b02066a9962db1ae6527c5148eab598e
M2,vle_obs_0108,Hilliard2008,0.17,0.212,313.15,6988.41,14.0,5.527509212552221,-0.40359856059985016,,0.0,validation,reserved_validation,vle|Hilliard2008|w=0.17|T=40,calibration_derived_partial_pressure,true,1.759765666520252e-10,sha256:8a08dd659a09f1dd2eed3430ca697af2b02066a9962db1ae6527c5148eab598e
M2,vle_obs_0109,Hilliard2008,0.17,0.3,313.15,7019.01,36.2,25.855870311949833,-0.14614940977042676,,0.0,validation,reserved_validation,vle|Hilliard2008|w=0.17|T=40,calibration_derived_partial_pressure,true,1.1412737421778729e-10,sha256:8a08dd659a09f1dd2eed3430ca697af2b02066a9962db1ae6527c5148eab598e
M2,vle_obs_0110,Hilliard2008,0.17,0.369,313.15,7142.24,116.0,89.99885459004014,-0.11022100699193307,,0.0,validation,reserved_validation,vle|Hilliard2008|w=0.17|T=40,calibration_derived_partial_pressure,true,1.532356463940232e-10,sha256:8a08dd659a09f1dd2eed3430ca697af2b02066a9962db1ae6527c5148eab598e
M2,vle_obs_0111,Hilliard2008,0.17,0.467,313.15,7938.68,879.0,654.0432673721593,-0.12838239561889017,,0.0,validation,reserved_validation,vle|Hilliard2008|w=0.17|T=40,calibration_derived_partial_pressure,true,1.2637357826861262e-10,sha256:8a08dd659a09f1dd2eed3430ca697af2b02066a9962db1ae6527c5148eab598e
M2,vle_obs_0112,Hilliard2008,0.17,0.552,313.15,15688.98,8560.0,3613.9630982292542,-0.3744900509617112,,0.0,validation,reserved_validation,vle|Hilliard2008|w=0.17|T=40,calibration_derived_partial_pressure,true,6.548006581397203e-11,sha256:8a08dd659a09f1dd2eed3430ca697af2b02066a9962db1ae6527c5148eab598e
M2,vle_obs_0119,Hilliard2008,0.3,0.153,313.15,6612.28,5.7,1.742297734701001,-0.5147524837098576,,0.0,training,active_training,vle|Hilliard2008|w=0.3|T=40,calibration_derived_partial_pressure,true,3.6054359497939004e-10,sha256:8a08dd659a09f1dd2eed3430ca697af2b02066a9962db1ae6527c5148eab598e
M2,vle_obs_0120,Hilliard2008,0.3,0.163,313.15,6703.0,6.64,2.1851174991821427,-0.48269328434330516,,0.0,training,active_training,vle|Hilliard2008|w=0.3|T=40,calibration_derived_partial_pressure,true,1.3928413977737364e-10,sha256:8a08dd659a09f1dd2eed3430ca697af2b02066a9962db1ae6527c5148eab598e
M2,vle_obs_0121,Hilliard2008,0.3,0.17,313.15,6663.57,7.21,2.551627272781524,-0.45111802930840594,,0.0,training,active_training,vle|Hilliard2008|w=0.3|T=40,calibration_derived_partial_pressure,true,2.177173996642523e-10,sha256:8a08dd659a09f1dd2eed3430ca697af2b02066a9962db1ae6527c5148eab598e
M2,vle_obs_0122,Hilliard2008,0.3,0.191,313.15,6626.18,9.950000000000001,4.007153928461838,-0.3949870552589719,,0.0,training,active_training,vle|Hilliard2008|w=0.3|T=40,calibration_derived_partial_pressure,true,1.5415935195051134e-10,sha256:8a08dd659a09f1dd2eed3430ca697af2b02066a9962db1ae6527c5148eab598e
M2,vle_obs_0123,Hilliard2008,0.3,0.194,313.15,6726.3,9.85,4.2680155659333145,-0.36321023582141737,,0.0,training,active_training,vle|Hilliard2008|w=0.3|T=40,calibration_derived_partial_pressure,true,1.6818901826809451e-10,sha256:8a08dd659a09f1dd2eed3430ca697af2b02066a9962db1ae6527c5148eab598e
M2,vle_obs_0124,Hilliard2008,0.3,0.232,313.15,6650.23,14.6,9.293577460142856,-0.1961699327351874,,0.0,training,active_training,vle|Hilliard2008|w=0.3|T=40,calibration_derived_partial_pressure,true,3.2870772770365875e-10,sha256:8a08dd659a09f1dd2eed3430ca697af2b02066a9962db1ae6527c5148eab598e
M2,vle_obs_0125,Hilliard2008,0.3,0.246,313.15,6674.63,19.099999999999998,12.30173005689018,-0.19106717439980384,,0.0,training,active_training,vle|Hilliard2008|w=0.3|T=40,calibration_derived_partial_pressure,true,1.5149481669141096e-10,sha256:8a08dd659a09f1dd2eed3430ca697af2b02066a9962db1ae6527c5148eab598e
M2,vle_obs_0126,Hilliard2008,0.3,0.269,313.15,6658.26,23.099999999999998,19.447190784244103,-0.07475510507955026,,0.0,training,active_training,vle|Hilliard2008|w=0.3|T=40,calibration_derived_partial_pressure,true,3.4567193551993114e-10,sha256:8a08dd659a09f1dd2eed3430ca697af2b02066a9962db1ae6527c5148eab598e
M2,vle_obs_0127,Hilliard2008,0.3,0.272,313.15,6677.51,22.4,20.643247855993568,-0.035469991320396896,,0.0,training,active_training,vle|Hilliard2008|w=0.3|T=40,calibration_derived_partial_pressure,true,7.846434613156816e-11,sha256:8a08dd659a09f1dd2eed3430ca697af2b02066a9962db1ae6527c5148eab598e
M2,vle_obs_0128,Hilliard2008,0.3,0.326,313.15,6653.08,48.5,61.21106895614696,0.10108822524102386,,0.0,training,active_training,vle|Hilliard2008|w=0.3|T=40,calibration_derived_partial_pressure,true,2.5440982653890387e-11,sha256:8a08dd659a09f1dd2eed3430ca697af2b02066a9962db1ae6527c5148eab598e
M2,vle_obs_0129,Hilliard2008,0.3,0.348,313.15,6670.43,66.19999999999999,96.66872604548523,0.16442800581542466,,0.0,training,active_training,vle|Hilliard2008|w=0.3|T=40,calibration_derived_partial_pressure,true,3.161559902764566e-11,sha256:8a08dd659a09f1dd2eed3430ca697af2b02066a9962db1ae6527c5148eab598e
M2,vle_obs_0130,Hilliard2008,0.3,0.35,313.15,6826.33,72.1,100.82979259429699,0.14565360913196443,,0.0,training,active_training,vle|Hilliard2008|w=0.3|T=40,calibration_derived_partial_pressure,true,1.5153744925555657e-10,sha256:8a08dd659a09f1dd2eed3430ca697af2b02066a9962db1ae6527c5148eab598e
M2,vle_obs_0131,Hilliard2008,0.3,0.36,313.15,6850.15,96.60000000000001,124.68992747007117,0.1108542459014831,,0.0,training,active_training,vle|Hilliard2008|w=0.3|T=40,calibration_derived_partial_pressure,true,2.6910385031442274e-10,sha256:8a08dd659a09f1dd2eed3430ca697af2b02066a9962db1ae6527c5148eab598e
M2,vle_obs_0132,Hilliard2008,0.3,0.382,313.15,6854.32,131.0,201.1203270204798,0.18618467084698928,,0.0,training,active_training,vle|Hilliard2008|w=0.3|T=40,calibration_derived_partial_pressure,true,2.5709212536639825e-10,sha256:8a08dd659a09f1dd2eed3430ca697af2b02066a9962db1ae6527c5148eab598e
M2,vle_obs_0133,Hilliard2008,0.3,0.386,313.15,6783.62,120.0,219.75898305757423,0.2627653906565361,,0.0,training,active_training,vle|Hilliard2008|w=0.3|T=40,calibration_derived_partial_pressure,true,6.071942948437936e-11,sha256:8a08dd659a09f1dd2eed3430ca697af2b02066a9962db1ae6527c5148eab598e
M2,vle_obs_0134,Hilliard2008,0.3,0.389,313.15,6706.38,113.0,234.9465306577569,0.31789059290548743,,0.0,training,active_training,vle|Hilliard2008|w=0.3|T=40,calibration_derived_partial_pressure,true,2.965094836326898e-11,sha256:8a08dd659a09f1dd2eed3430ca697af2b02066a9962db1ae6527c5148eab598e
M2,vle_obs_0135,Hilliard2008,0.3,0.4,313.15,6841.5,128.0,300.97046804226926,0.3713139140007935,,0.0,training,active_training,vle|Hilliard2008|w=0.3|T=40,calibration_derived_partial_pressure,true,3.1732838579046074e-11,sha256:8a08dd659a09f1dd2eed3430ca697af2b02066a9962db1ae6527c5148eab598e
M2,vle_obs_0136,Hilliard2008,0.3,0.464,313.15,7422.66,750.0,1354.092904796558,0.25658719907877636,,0.0,training,active_training,vle|Hilliard2008|w=0.3|T=40,calibration_derived_partial_pressure,true,1.3086776107229525e-10,sha256:8a08dd659a09f1dd2eed3430ca697af2b02066a9962db1ae6527c5148eab598e
M2,vle_obs_0137,Hilliard2008,0.3,0.466,313.15,7326.7,574.0,1420.0568398418698,0.39339383560172986,,0.0,training,active_training,vle|Hilliard2008|w=0.3|T=40,calibration_derived_partial_pressure,true,2.48103759759033e-10,sha256:8a08dd659a09f1dd2eed3430ca697af2b02066a9962db1ae6527c5148eab598e
M2,vle_obs_0138,Hilliard2008,0.3,0.481,313.15,7615.47,883.0,2023.1756144712058,0.36007287819748207,,0.0,training,active_training,vle|Hilliard2008|w=0.3|T=40,calibration_derived_partial_pressure,true,1.7062617985175166e-10,sha256:8a08dd659a09f1dd2eed3430ca697af2b02066a9962db1ae6527c5148eab598e
M2,vle_obs_0139,Hilliard2008,0.3,0.491,313.15,7781.93,1100.0,2550.731550467421,0.36527206891002933,,0.0,training,active_training,vle|Hilliard2008|w=0.3|T=40,calibration_derived_partial_pressure,true,1.5796075558682787e-10,sha256:8a08dd659a09f1dd2eed3430ca697af2b02066a9962db1ae6527c5148eab598e
M2,vle_obs_0140,Hilliard2008,0.3,0.501,313.15,8671.99,1870.0,3200.012695778844,0.23331009481333134,,0.0,training,active_training,vle|Hilliard2008|w=0.3|T=40,calibration_derived_partial_pressure,true,5.439915184979327e-11,sha256:8a08dd659a09f1dd2eed3430ca697af2b02066a9962db1ae6527c5148eab598e
M2,vle_obs_0141,Hilliard2008,0.3,0.518,313.15,9831.72,3030.0,4637.543036592855,0.1848453244104085,,0.0,training,active_training,vle|Hilliard2008|w=0.3|T=40,calibration_derived_partial_pressure,true,2.659987785591511e-10,sha256:8a08dd659a09f1dd2eed3430ca697af2b02066a9962db1ae6527c5148eab598e
M2,vle_obs_0142,Hilliard2008,0.3,0.591,313.15,35021.46,28300.0,17663.408834390255,-0.20471191436300748,,0.0,training,active_training,vle|Hilliard2008|w=0.3|T=40,calibration_derived_partial_pressure,true,1.460875864722766e-10,sha256:8a08dd659a09f1dd2eed3430ca697af2b02066a9962db1ae6527c5148eab598e
M2,vle_obs_0150,Hilliard2008,0.4,0.115,313.15,6105.45,5.05,0.6556390492781287,-0.88662656625715,,0.0,validation,reserved_validation,vle|Hilliard2008|w=0.4|T=40,calibration_derived_partial_pressure,true,1.1293543877854972e-10,sha256:8a08dd659a09f1dd2eed3430ca697af2b02066a9962db1ae6527c5148eab598e
M2,vle_obs_0151,Hilliard2008,0.4,0.201,313.15,6139.22,10.8,5.672354781553689,-0.2796603691983227,,0.0,validation,reserved_validation,vle|Hilliard2008|w=0.4|T=40,calibration_derived_partial_pressure,true,2.5857360697045806e-10,sha256:8a08dd659a09f1dd2eed3430ca697af2b02066a9962db1ae6527c5148eab598e
M2,vle_obs_0152,Hilliard2008,0.4,0.298,313.15,6175.53,29.5,48.60220713790408,0.21683397604230492,,0.0,validation,reserved_validation,vle|Hilliard2008|w=0.4|T=40,calibration_derived_partial_pressure,true,2.303934820702125e-11,sha256:8a08dd659a09f1dd2eed3430ca697af2b02066a9962db1ae6527c5148eab598e
M2,vle_obs_0153,Hilliard2008,0.4,0.373,313.15,6288.39,104.0,269.0007190254201,0.4127201015525308,,0.0,validation,reserved_validation,vle|Hilliard2008|w=0.4|T=40,calibration_derived_partial_pressure,true,3.9411673924405477e-10,sha256:8a08dd659a09f1dd2eed3430ca697af2b02066a9962db1ae6527c5148eab598e
M2,vle_obs_0154,Hilliard2008,0.4,0.485,313.15,7911.98,1620.0,4135.9470453289605,0.4070599550817827,,0.0,validation,reserved_validation,vle|Hilliard2008|w=0.4|T=40,calibration_derived_partial_pressure,true,1.6928325408116507e-10,sha256:8a08dd659a09f1dd2eed3430ca697af2b02066a9962db1ae6527c5148eab598e
M2,vle_obs_0155,Hilliard2008,0.4,0.545,313.15,28890.95,22300.0,14443.766629491243,-0.1886244002099436,,0.0,validation,reserved_validation,vle|Hilliard2008|w=0.4|T=40,calibration_derived_partial_pressure,true,1.1311840353300795e-11,sha256:8a08dd659a09f1dd2eed3430ca697af2b02066a9962db1ae6527c5148eab598e
M2,vle_obs_0186,Jou1995,0.3,0.0888,313.15,200000.0,1.47,0.32373479574326874,-0.6571279538900827,,0.0,validation,reserved_validation,vle|Jou1995|w=0.3|T=40,calibration_derived_partial_pressure,true,1.7546142316859914e-10,sha256:8a08dd659a09f1dd2eed3430ca697af2b02066a9962db1ae6527c5148eab598e
M2,vle_obs_0187,Jou1995,0.3,0.203,313.15,200000.0,8.959999999999999,5.161627006692838,-0.23952139162936778,,0.0,validation,reserved_validation,vle|Jou1995|w=0.3|T=40,calibration_derived_partial_pressure,true,4.938272013532696e-12,sha256:8a08dd659a09f1dd2eed3430ca697af2b02066a9962db1ae6527c5148eab598e
M2,vle_obs_0188,Jou1995,0.3,0.365,313.15,300000.0,67.7,139.36808254040756,0.31357465626971154,,0.0,validation,reserved_validation,vle|Jou1995|w=0.3|T=40,calibration_derived_partial_pressure,true,1.1581846592889633e-12,sha256:8a08dd659a09f1dd2eed3430ca697af2b02066a9962db1ae6527c5148eab598e
M2,vle_obs_0189,Jou1995,0.3,0.4735,313.15,210000.0,604.0,1700.9239730195393,0.4496479635652224,,0.0,validation,reserved_validation,vle|Jou1995|w=0.3|T=40,calibration_derived_partial_pressure,true,2.5721647034515627e-12,sha256:8a08dd659a09f1dd2eed3430ca697af2b02066a9962db1ae6527c5148eab598e
M2,vle_obs_0190,Jou1995,0.3,0.513,313.15,220000.0,2570.0,4178.798467451119,0.2111183034274528,,0.0,validation,reserved_validation,vle|Jou1995|w=0.3|T=40,calibration_derived_partial_pressure,true,3.154809746774845e-12,sha256:8a08dd659a09f1dd2eed3430ca697af2b02066a9962db1ae6527c5148eab598e
M2,vle_obs_0191,Jou1995,0.3,0.557,313.15,230000.0,8090.0,10015.406748816984,0.09272007007819448,,0.0,validation,reserved_validation,vle|Jou1995|w=0.3|T=40,calibration_derived_partial_pressure,true,3.19104742629861e-11,sha256:8a08dd659a09f1dd2eed3430ca697af2b02066a9962db1ae6527c5148eab598e
M2,vle_obs_0192,Jou1995,0.3,0.609,313.15,210000.0,36100.0,23167.2192737715,-0.1926332926961858,,0.0,validation,reserved_validation,vle|Jou1995|w=0.3|T=40,calibration_derived_partial_pressure,true,1.0466294497746276e-11,sha256:8a08dd659a09f1dd2eed3430ca697af2b02066a9962db1ae6527c5148eab598e
M2,vle_obs_0193,Jou1995,0.3,0.642,313.15,110000.0,103000.0,36060.772268568675,-0.4558022014761223,,0.0,validation,reserved_validation,vle|Jou1995|w=0.3|T=40,calibration_derived_partial_pressure,true,3.004885229529464e-11,sha256:8a08dd659a09f1dd2eed3430ca697af2b02066a9962db1ae6527c5148eab598e
M4A,vle_obs_0107,Hilliard2008,0.17,0.121,313.15,6889.46,5.55,0.8787494960540059,-0.8004278941542863,,0.0,validation,reserved_validation,vle|Hilliard2008|w=0.17|T=40,calibration_derived_partial_pressure,true,5.352873699848715e-11,sha256:d1466944f683c62376aeb832a01f0d2ddd782ebbf836e11d656195242fece977
M4A,vle_obs_0108,Hilliard2008,0.17,0.212,313.15,6988.41,14.0,5.38310024032221,-0.4150955686596021,,0.0,validation,reserved_validation,vle|Hilliard2008|w=0.17|T=40,calibration_derived_partial_pressure,true,1.55981894067736e-10,sha256:d1466944f683c62376aeb832a01f0d2ddd782ebbf836e11d656195242fece977
M4A,vle_obs_0109,Hilliard2008,0.17,0.3,313.15,7019.01,36.2,24.83139229270292,-0.1637074994648675,,0.0,validation,reserved_validation,vle|Hilliard2008|w=0.17|T=40,calibration_derived_partial_pressure,true,2.148254907297087e-10,sha256:d1466944f683c62376aeb832a01f0d2ddd782ebbf836e11d656195242fece977
M4A,vle_obs_0110,Hilliard2008,0.17,0.369,313.15,7142.24,116.0,84.51605664141869,-0.1375187637290877,,0.0,validation,reserved_validation,vle|Hilliard2008|w=0.17|T=40,calibration_derived_partial_pressure,true,4.46860326519527e-11,sha256:d1466944f683c62376aeb832a01f0d2ddd782ebbf836e11d656195242fece977
M4A,vle_obs_0111,Hilliard2008,0.17,0.467,313.15,7938.68,879.0,563.8219207177743,-0.19284691836312212,,0.0,validation,reserved_validation,vle|Hilliard2008|w=0.17|T=40,calibration_derived_partial_pressure,true,3.765876499528531e-11,sha256:d1466944f683c62376aeb832a01f0d2ddd782ebbf836e11d656195242fece977
M4A,vle_obs_0112,Hilliard2008,0.17,0.552,313.15,15688.98,8560.0,2736.247262546823,-0.49531842458683123,,0.0,validation,reserved_validation,vle|Hilliard2008|w=0.17|T=40,calibration_derived_partial_pressure,true,2.6930990770779317e-10,sha256:d1466944f683c62376aeb832a01f0d2ddd782ebbf836e11d656195242fece977
M4A,vle_obs_0119,Hilliard2008,0.3,0.153,313.15,6612.28,5.7,1.6819302719466092,-0.5300668684534793,,0.0,training,active_training,vle|Hilliard2008|w=0.3|T=40,calibration_derived_partial_pressure,true,7.321787620639952e-11,sha256:d1466944f683c62376aeb832a01f0d2ddd782ebbf836e11d656195242fece977
M4A,vle_obs_0120,Hilliard2008,0.3,0.163,313.15,6703.0,6.64,2.1053908784833455,-0.49883534232730864,,0.0,training,active_training,vle|Hilliard2008|w=0.3|T=40,calibration_derived_partial_pressure,true,2.566622470112634e-10,sha256:d1466944f683c62376aeb832a01f0d2ddd782ebbf836e11d656195242fece977
M4A,vle_obs_0121,Hilliard2008,0.3,0.17,313.15,6663.57,7.21,2.4551608996769656,-0.4678553057137762,,0.0,training,active_training,vle|Hilliard2008|w=0.3|T=40,calibration_derived_partial_pressure,true,1.964117757324857e-10,sha256:d1466944f683c62376aeb832a01f0d2ddd782ebbf836e11d656195242fece977
M4A,vle_obs_0122,Hilliard2008,0.3,0.191,313.15,6626.18,9.950000000000001,3.8389935613043495,-0.41360569701913497,,0.0,training,active_training,vle|Hilliard2008|w=0.3|T=40,calibration_derived_partial_pressure,true,2.092797046771011e-10,sha256:d1466944f683c62376aeb832a01f0d2ddd782ebbf836e11d656195242fece977
M4A,vle_obs_0123,Hilliard2008,0.3,0.194,313.15,6726.3,9.85,4.086251615840758,-0.3821111251745675,,0.0,training,active_training,vle|Hilliard2008|w=0.3|T=40,calibration_derived_partial_pressure,true,2.743014704265079e-10,sha256:d1466944f683c62376aeb832a01f0d2ddd782ebbf836e11d656195242fece977
M4A,vle_obs_0124,Hilliard2008,0.3,0.232,313.15,6650.23,14.6,8.817040228780327,-0.21903003346812297,,0.0,training,active_training,vle|Hilliard2008|w=0.3|T=40,calibration_derived_partial_pressure,true,5.358984367376252e-10,sha256:d1466944f683c62376aeb832a01f0d2ddd782ebbf836e11d656195242fece977
M4A,vle_obs_0125,Hilliard2008,0.3,0.246,313.15,6674.63,19.099999999999998,11.625703295788266,-0.21561413228865225,,0.0,training,active_training,vle|Hilliard2008|w=0.3|T=40,calibration_derived_partial_pressure,true,3.1099745001483825e-10,sha256:d1466944f683c62376aeb832a01f0d2ddd782ebbf836e11d656195242fece977
M4A,vle_obs_0126,Hilliard2008,0.3,0.269,313.15,6658.26,23.099999999999998,18.246032379719477,-0.1024435386573085,,0.0,training,active_training,vle|Hilliard2008|w=0.3|T=40,calibration_derived_partial_pressure,true,1.964828300060617e-10,sha256:d1466944f683c62376aeb832a01f0d2ddd782ebbf836e11d656195242fece977
M4A,vle_obs_0127,Hilliard2008,0.3,0.272,313.15,6677.51,22.4,19.348136471345807,-0.06360887632730705,,0.0,training,active_training,vle|Hilliard2008|w=0.3|T=40,calibration_derived_partial_pressure,true,3.056257469324919e-10,sha256:d1466944f683c62376aeb832a01f0d2ddd782ebbf836e11d656195242fece977
M4A,vle_obs_0128,Hilliard2008,0.3,0.326,313.15,6653.08,48.5,55.998624074702995,0.06243561761634507,,0.0,training,active_training,vle|Hilliard2008|w=0.3|T=40,calibration_derived_partial_pressure,true,1.0658141036401503e-10,sha256:d1466944f683c62376aeb832a01f0d2ddd782ebbf836e11d656195242fece977
M4A,vle_obs_0129,Hilliard2008,0.3,0.348,313.15,6670.43,66.19999999999999,87.17288770271098,0.11952344329118217,,0.0,training,active_training,vle|Hilliard2008|w=0.3|T=40,calibration_derived_partial_pressure,true,1.2657608294830425e-10,sha256:d1466944f683c62376aeb832a01f0d2ddd782ebbf836e11d656195242fece977
M4A,vle_obs_0130,Hilliard2008,0.3,0.35,313.15,6826.33,72.1,90.7890454357718,0.1000981851914831,,0.0,training,active_training,vle|Hilliard2008|w=0.3|T=40,calibration_derived_partial_pressure,true,4.071409875905374e-12,sha256:d1466944f683c62376aeb832a01f0d2ddd782ebbf836e11d656195242fece977
M4A,vle_obs_0131,Hilliard2008,0.3,0.36,313.15,6850.15,96.60000000000001,111.37207540757153,0.06179918635531885,,0.0,training,active_training,vle|Hilliard2008|w=0.3|T=40,calibration_derived_partial_pressure,true,1.341042832336825e-10,sha256:d1466944f683c62376aeb832a01f0d2ddd782ebbf836e11d656195242fece977
M4A,vle_obs_0132,Hilliard2008,0.3,0.382,313.15,6854.32,131.0,175.78655080749607,0.12771434906648882,,0.0,training,active_training,vle|Hilliard2008|w=0.3|T=40,calibration_derived_partial_pressure,true,1.3572787338489434e-10,sha256:d1466944f683c62376aeb832a01f0d2ddd782ebbf836e11d656195242fece977
M4A,vle_obs_0133,Hilliard2008,0.3,0.386,313.15,6783.62,120.0,191.18896964493388,0.20228158665959015,,0.0,training,active_training,vle|Hilliard2008|w=0.3|T=40,calibration_derived_partial_pressure,true,7.251088618431822e-11,sha256:d1466944f683c62376aeb832a01f0d2ddd782ebbf836e11d656195242fece977
M4A,vle_obs_0134,Hilliard2008,0.3,0.389,313.15,6706.38,113.0,203.6599787792554,0.2558272506959973,,0.0,training,active_training,vle|Hilliard2008|w=0.3|T=40,calibration_derived_partial_pressure,true,2.1900703472965688e-10,sha256:d1466944f683c62376aeb832a01f0d2ddd782ebbf836e11d656195242fece977
M4A,vle_obs_0135,Hilliard2008,0.3,0.4,313.15,6841.5,128.0,257.10997262462604,0.3029089524708729,,0.0,training,active_training,vle|Hilliard2008|w=0.3|T=40,calibration_derived_partial_pressure,true,1.1440448588473373e-10,sha256:d1466944f683c62376aeb832a01f0d2ddd782ebbf836e11d656195242fece977
M4A,vle_obs_0136,Hilliard2008,0.3,0.464,313.15,7422.66,750.0,1011.3817905919732,0.12985386672683846,,0.0,training,active_training,vle|Hilliard2008|w=0.3|T=40,calibration_derived_partial_pressure,true,2.6220448035019217e-10,sha256:d1466944f683c62376aeb832a01f0d2ddd782ebbf836e11d656195242fece977
M4A,vle_obs_0137,Hilliard2008,0.3,0.466,313.15,7326.7,574.0,1054.708396244412,0.26422051092559945,,0.0,training,active_training,vle|Hilliard2008|w=0.3|T=40,calibration_derived_partial_pressure,true,1.0966516583721386e-10,sha256:d1466944f683c62376aeb832a01f0d2ddd782ebbf836e11d656195242fece977
M4A,vle_obs_0138,Hilliard2008,0.3,0.481,313.15,7615.47,883.0,1437.6334850301491,0.21168747612884417,,0.0,training,active_training,vle|Hilliard2008|w=0.3|T=40,calibration_derived_partial_pressure,true,1.198934285184805e-10,sha256:d1466944f683c62376aeb832a01f0d2ddd782ebbf836e11d656195242fece977
M4A,vle_obs_0139,Hilliard2008,0.3,0.491,313.15,7781.93,1100.0,1757.0417061428586,0.20338938512064195,,0.0,training,active_training,vle|Hilliard2008|w=0.3|T=40,calibration_derived_partial_pressure,true,1.0647838166732981e-10,sha256:d1466944f683c62376aeb832a01f0d2ddd782ebbf836e11d656195242fece977
M4A,vle_obs_0140,Hilliard2008,0.3,0.501,313.15,8671.99,1870.0,2135.278040111382,0.05761282712155076,,0.0,training,active_training,vle|Hilliard2008|w=0.3|T=40,calibration_derived_partial_pressure,true,9.244160992238903e-11,sha256:d1466944f683c62376aeb832a01f0d2ddd782ebbf836e11d656195242fece977
M4A,vle_obs_0141,Hilliard2008,0.3,0.518,313.15,9831.72,3030.0,2930.4614264763873,-0.014506619344540004,,0.0,training,active_training,vle|Hilliard2008|w=0.3|T=40,calibration_derived_partial_pressure,true,2.588080860732589e-10,sha256:d1466944f683c62376aeb832a01f0d2ddd782ebbf836e11d656195242fece977
M4A,vle_obs_0142,Hilliard2008,0.3,0.591,313.15,35021.46,28300.0,9039.45813621431,-0.4956440377375579,,0.0,training,active_training,vle|Hilliard2008|w=0.3|T=40,calibration_derived_partial_pressure,true,7.564437964902027e-11,sha256:d1466944f683c62376aeb832a01f0d2ddd782ebbf836e11d656195242fece977
M4A,vle_obs_0150,Hilliard2008,0.4,0.115,313.15,6105.45,5.05,0.6304028174907215,-0.9036732326188587,,0.0,validation,reserved_validation,vle|Hilliard2008|w=0.4|T=40,calibration_derived_partial_pressure,true,2.9606894713651855e-10,sha256:d1466944f683c62376aeb832a01f0d2ddd782ebbf836e11d656195242fece977
M4A,vle_obs_0151,Hilliard2008,0.4,0.201,313.15,6139.22,10.8,5.311155647338087,-0.30823472656083495,,0.0,validation,reserved_validation,vle|Hilliard2008|w=0.4|T=40,calibration_derived_partial_pressure,true,2.4497381900800974e-10,sha256:d1466944f683c62376aeb832a01f0d2ddd782ebbf836e11d656195242fece977
M4A,vle_obs_0152,Hilliard2008,0.4,0.298,313.15,6175.53,29.5,43.355866612520224,0.16722585550095087,,0.0,validation,reserved_validation,vle|Hilliard2008|w=0.4|T=40,calibration_derived_partial_pressure,true,2.8915891903125157e-10,sha256:d1466944f683c62376aeb832a01f0d2ddd782ebbf836e11d656195242fece977
M4A,vle_obs_0153,Hilliard2008,0.4,0.373,313.15,6288.39,104.0,221.39873129574966,0.3281417885680709,,0.0,validation,reserved_validation,vle|Hilliard2008|w=0.4|T=40,calibration_derived_partial_pressure,true,7.112532784958603e-11,sha256:d1466944f683c62376aeb832a01f0d2ddd782ebbf836e11d656195242fece977
M4A,vle_obs_0154,Hilliard2008,0.4,0.485,313.15,7911.98,1620.0,2409.467558188879,0.17240606865969132,,0.0,validation,reserved_validation,vle|Hilliard2008|w=0.4|T=40,calibration_derived_partial_pressure,true,1.5340617665060563e-10,sha256:d1466944f683c62376aeb832a01f0d2ddd782ebbf836e11d656195242fece977
M4A,vle_obs_0155,Hilliard2008,0.4,0.545,313.15,28890.95,22300.0,6469.711199109749,-0.5374199683813726,,0.0,validation,reserved_validation,vle|Hilliard2008|w=0.4|T=40,calibration_derived_partial_pressure,true,5.977796035949723e-11,sha256:d1466944f683c62376aeb832a01f0d2ddd782ebbf836e11d656195242fece977
M4A,vle_obs_0186,Jou1995,0.3,0.0888,313.15,200000.0,1.47,0.3161063852518716,-0.6674840662048775,,0.0,validation,reserved_validation,vle|Jou1995|w=0.3|T=40,calibration_derived_partial_pressure,true,7.343459174080635e-12,sha256:d1466944f683c62376aeb832a01f0d2ddd782ebbf836e11d656195242fece977
M4A,vle_obs_0187,Jou1995,0.3,0.203,313.15,200000.0,8.959999999999999,4.931873875287107,-0.2592960479767177,,0.0,validation,reserved_validation,vle|Jou1995|w=0.3|T=40,calibration_derived_partial_pressure,true,3.019806626980426e-13,sha256:d1466944f683c62376aeb832a01f0d2ddd782ebbf836e11d656195242fece977
M4A,vle_obs_0188,Jou1995,0.3,0.365,313.15,300000.0,67.7,123.93235217840528,0.2625960237966093,,0.0,validation,reserved_validation,vle|Jou1995|w=0.3|T=40,calibration_derived_partial_pressure,true,9.64561763794336e-12,sha256:d1466944f683c62376aeb832a01f0d2ddd782ebbf836e11d656195242fece977
M4A,vle_obs_0189,Jou1995,0.3,0.4735,313.15,210000.0,604.0,1236.21672009939,0.31105767460150485,,0.0,validation,reserved_validation,vle|Jou1995|w=0.3|T=40,calibration_derived_partial_pressure,true,1.2811085525754606e-11,sha256:d1466944f683c62376aeb832a01f0d2ddd782ebbf836e11d656195242fece977
M4A,vle_obs_0190,Jou1995,0.3,0.513,313.15,220000.0,2570.0,2683.1642440198657,0.018714134539416574,,0.0,validation,reserved_validation,vle|Jou1995|w=0.3|T=40,calibration_derived_partial_pressure,true,1.836113483477675e-10,sha256:d1466944f683c62376aeb832a01f0d2ddd782ebbf836e11d656195242fece977
M4A,vle_obs_0191,Jou1995,0.3,0.557,313.15,230000.0,8090.0,5619.174229522837,-0.1582760234651805,,0.0,validation,reserved_validation,vle|Jou1995|w=0.3|T=40,calibration_derived_partial_pressure,true,3.108624468950438e-11,sha256:d1466944f683c62376aeb832a01f0d2ddd782ebbf836e11d656195242fece977
M4A,vle_obs_0192,Jou1995,0.3,0.609,313.15,210000.0,36100.0,11342.70333835596,-0.5027906283881987,,0.0,validation,reserved_validation,vle|Jou1995|w=0.3|T=40,calibration_derived_partial_pressure,true,4.171241130279668e-11,sha256:d1466944f683c62376aeb832a01f0d2ddd782ebbf836e11d656195242fece977
M4A,vle_obs_0193,Jou1995,0.3,0.642,313.15,110000.0,103000.0,16384.24648118792,-0.7984107519246565,,0.0,validation,reserved_validation,vle|Jou1995|w=0.3|T=40,calibration_derived_partial_pressure,true,7.014477887423709e-11,sha256:d1466944f683c62376aeb832a01f0d2ddd782ebbf836e11d656195242fece977
M4B,vle_obs_0107,Hilliard2008,0.17,0.121,313.15,6889.46,5.55,0.8265098120994133,-0.8270449693587838,,0.0,validation,reserved_validation,vle|Hilliard2008|w=0.17|T=40,calibration_derived_partial_pressure,true,2.4993696001729404e-10,sha256:3e6cc5a6d053943fafcfc412b97bbdb15aeecc0608e4cfe4c9ffcc0788b2a3ab
M4B,vle_obs_0108,Hilliard2008,0.17,0.212,313.15,6988.41,14.0,4.874055688491875,-0.45823754877237977,,0.0,validation,reserved_validation,vle|Hilliard2008|w=0.17|T=40,calibration_derived_partial_pressure,true,1.1865353144457913e-10,sha256:3e6cc5a6d053943fafcfc412b97bbdb15aeecc0608e4cfe4c9ffcc0788b2a3ab
M4B,vle_obs_0109,Hilliard2008,0.17,0.3,313.15,7019.01,36.2,21.934898906215707,-0.2175729333683972,,0.0,validation,reserved_validation,vle|Hilliard2008|w=0.17|T=40,calibration_derived_partial_pressure,true,2.5981350404435943e-10,sha256:3e6cc5a6d053943fafcfc412b97bbdb15aeecc0608e4cfe4c9ffcc0788b2a3ab
M4B,vle_obs_0110,Hilliard2008,0.17,0.369,313.15,7142.24,116.0,75.2318245491879,-0.18805639461449009,,0.0,validation,reserved_validation,vle|Hilliard2008|w=0.17|T=40,calibration_derived_partial_pressure,true,2.822346800712694e-10,sha256:3e6cc5a6d053943fafcfc412b97bbdb15aeecc0608e4cfe4c9ffcc0788b2a3ab
M4B,vle_obs_0111,Hilliard2008,0.17,0.467,313.15,7938.68,879.0,581.6233318154021,-0.1793470551536037,,0.0,validation,reserved_validation,vle|Hilliard2008|w=0.17|T=40,calibration_derived_partial_pressure,true,2.014495237290248e-10,sha256:3e6cc5a6d053943fafcfc412b97bbdb15aeecc0608e4cfe4c9ffcc0788b2a3ab
M4B,vle_obs_0112,Hilliard2008,0.17,0.552,313.15,15688.98,8560.0,3727.0817309048225,-0.3611048482067115,,0.0,validation,reserved_validation,vle|Hilliard2008|w=0.17|T=40,calibration_derived_partial_pressure,true,1.2748202493639837e-10,sha256:3e6cc5a6d053943fafcfc412b97bbdb15aeecc0608e4cfe4c9ffcc0788b2a3ab
M4B,vle_obs_0119,Hilliard2008,0.3,0.153,313.15,6612.28,5.7,1.4799312939209501,-0.5856333020097142,,0.0,training,active_training,vle|Hilliard2008|w=0.3|T=40,calibration_derived_partial_pressure,true,1.0892264867834456e-10,sha256:3e6cc5a6d053943fafcfc412b97bbdb15aeecc0608e4cfe4c9ffcc0788b2a3ab
M4B,vle_obs_0120,Hilliard2008,0.3,0.163,313.15,6703.0,6.64,1.8382927116273262,-0.5577534140355047,,0.0,training,active_training,vle|Hilliard2008|w=0.3|T=40,calibration_derived_partial_pressure,true,3.7562841725957696e-11,sha256:3e6cc5a6d053943fafcfc412b97bbdb15aeecc0608e4cfe4c9ffcc0788b2a3ab
M4B,vle_obs_0121,Hilliard2008,0.3,0.17,313.15,6663.57,7.21,2.1322366875398013,-0.5290998531139209,,0.0,training,active_training,vle|Hilliard2008|w=0.3|T=40,calibration_derived_partial_pressure,true,3.8745895380998263e-10,sha256:3e6cc5a6d053943fafcfc412b97bbdb15aeecc0608e4cfe4c9ffcc0788b2a3ab
M4B,vle_obs_0122,Hilliard2008,0.3,0.191,313.15,6626.18,9.950000000000001,3.2818456616105256,-0.4817049275164546,,0.0,training,active_training,vle|Hilliard2008|w=0.3|T=40,calibration_derived_partial_pressure,true,2.0618884377654467e-10,sha256:3e6cc5a6d053943fafcfc412b97bbdb15aeecc0608e4cfe4c9ffcc0788b2a3ab
M4B,vle_obs_0123,Hilliard2008,0.3,0.194,313.15,6726.3,9.85,3.4854990578709826,-0.4511712608146967,,0.0,training,active_training,vle|Hilliard2008|w=0.3|T=40,calibration_derived_partial_pressure,true,1.6936851920945628e-10,sha256:3e6cc5a6d053943fafcfc412b97bbdb15aeecc0608e4cfe4c9ffcc0788b2a3ab
M4B,vle_obs_0124,Hilliard2008,0.3,0.232,313.15,6650.23,14.6,7.3225979523446885,-0.299687665956132,,0.0,training,active_training,vle|Hilliard2008|w=0.3|T=40,calibration_derived_partial_pressure,true,1.8881607388721022e-10,sha256:3e6cc5a6d053943fafcfc412b97bbdb15aeecc0608e4cfe4c9ffcc0788b2a3ab
M4B,vle_obs_0125,Hilliard2008,0.3,0.246,313.15,6674.63,19.099999999999998,9.568792900664334,-0.30017621208794915,,0.0,training,active_training,vle|Hilliard2008|w=0.3|T=40,calibration_derived_partial_pressure,true,3.3237412822018086e-10,sha256:3e6cc5a6d053943fafcfc412b97bbdb15aeecc0608e4cfe4c9ffcc0788b2a3ab
M4B,vle_obs_0126,Hilliard2008,0.3,0.269,313.15,6658.26,23.099999999999998,14.819798352604902,-0.1927696854895079,,0.0,training,active_training,vle|Hilliard2008|w=0.3|T=40,calibration_derived_partial_pressure,true,1.5164047795224178e-10,sha256:3e6cc5a6d053943fafcfc412b97bbdb15aeecc0608e4cfe4c9ffcc0788b2a3ab
M4B,vle_obs_0127,Hilliard2008,0.3,0.272,313.15,6677.51,22.4,15.690456074731735,-0.1546124509192696,,0.0,training,active_training,vle|Hilliard2008|w=0.3|T=40,calibration_derived_partial_pressure,true,3.743849674719968e-11,sha256:3e6cc5a6d053943fafcfc412b97bbdb15aeecc0608e4cfe4c9ffcc0788b2a3ab
M4B,vle_obs_0128,Hilliard2008,0.3,0.326,313.15,6653.08,48.5,44.63810007858071,-0.03603603705777737,,0.0,training,active_training,vle|Hilliard2008|w=0.3|T=40,calibration_derived_partial_pressure,true,3.299405193502025e-10,sha256:3e6cc5a6d053943fafcfc412b97bbdb15aeecc0608e4cfe4c9ffcc0788b2a3ab
M4B,vle_obs_0129,Hilliard2008,0.3,0.348,313.15,6670.43,66.19999999999999,69.65610224658022,0.02210117950303906,,0.0,training,active_training,vle|Hilliard2008|w=0.3|T=40,calibration_derived_partial_pressure,true,3.6990854823670816e-11,sha256:3e6cc5a6d053943fafcfc412b97bbdb15aeecc0608e4cfe4c9ffcc0788b2a3ab
M4B,vle_obs_0130,Hilliard2008,0.3,0.35,313.15,6826.33,72.1,72.59146919553957,0.0029503215593154916,,0.0,training,active_training,vle|Hilliard2008|w=0.3|T=40,calibration_derived_partial_pressure,true,5.566391791944625e-11,sha256:3e6cc5a6d053943fafcfc412b97bbdb15aeecc0608e4cfe4c9ffcc0788b2a3ab
M4B,vle_obs_0131,Hilliard2008,0.3,0.36,313.15,6850.15,96.60000000000001,89.44249557799235,-0.03343321824533826,,0.0,training,active_training,vle|Hilliard2008|w=0.3|T=40,calibration_derived_partial_pressure,true,1.2025935802739696e-10,sha256:3e6cc5a6d053943fafcfc412b97bbdb15aeecc0608e4cfe4c9ffcc0788b2a3ab
M4B,vle_obs_0132,Hilliard2008,0.3,0.382,313.15,6854.32,131.0,143.8338768390691,0.04058989074946997,,0.0,training,active_training,vle|Hilliard2008|w=0.3|T=40,calibration_derived_partial_pressure,true,2.363123030590941e-10,sha256:3e6cc5a6d053943fafcfc412b97bbdb15aeecc0608e4cfe4c9ffcc0788b2a3ab
M4B,vle_obs_0133,Hilliard2008,0.3,0.386,313.15,6783.62,120.0,157.22243966364894,0.11733328501075733,,0.0,training,active_training,vle|Hilliard2008|w=0.3|T=40,calibration_derived_partial_pressure,true,4.774136641572113e-11,sha256:3e6cc5a6d053943fafcfc412b97bbdb15aeecc0608e4cfe4c9ffcc0788b2a3ab
M4B,vle_obs_0134,Hilliard2008,0.3,0.389,313.15,6706.38,113.0,168.17235498790558,0.1726761623485088,,0.0,training,active_training,vle|Hilliard2008|w=0.3|T=40,calibration_derived_partial_pressure,true,3.930367142856994e-11,sha256:3e6cc5a6d053943fafcfc412b97bbdb15aeecc0608e4cfe4c9ffcc0788b2a3ab
M4B,vle_obs_0135,Hilliard2008,0.3,0.4,313.15,6841.5,128.0,216.21511319289525,0.2276760777255735,,0.0,training,active_training,vle|Hilliard2008|w=0.3|T=40,calibration_derived_partial_pressure,true,4.954259225087299e-10,sha256:3e6cc5a6d053943fafcfc412b97bbdb15aeecc0608e4cfe4c9ffcc0788b2a3ab
M4B,vle_obs_0136,Hilliard2008,0.3,0.464,313.15,7422.66,750.0,1077.1187391900557,0.15720231820949754,,0.0,training,active_training,vle|Hilliard2008|w=0.3|T=40,calibration_derived_partial_pressure,true,2.1120527549101098e-10,sha256:3e6cc5a6d053943fafcfc412b97bbdb15aeecc0608e4cfe4c9ffcc0788b2a3ab
M4B,vle_obs_0137,Hilliard2008,0.3,0.466,313.15,7326.7,574.0,1136.2204050869198,0.29655069199501594,,0.0,training,active_training,vle|Hilliard2008|w=0.3|T=40,calibration_derived_partial_pressure,true,9.529799172014464e-11,sha256:3e6cc5a6d053943fafcfc412b97bbdb15aeecc0608e4cfe4c9ffcc0788b2a3ab
M4B,vle_obs_0138,Hilliard2008,0.3,0.481,313.15,7615.47,883.0,1699.2072021142567,0.2842856365911387,,0.0,training,active_training,vle|Hilliard2008|w=0.3|T=40,calibration_derived_partial_pressure,true,4.561826472126995e-10,sha256:3e6cc5a6d053943fafcfc412b97bbdb15aeecc0608e4cfe4c9ffcc0788b2a3ab
M4B,vle_obs_0139,Hilliard2008,0.3,0.491,313.15,7781.93,1100.0,2220.6558903126183,0.30508858094689495,,0.0,training,active_training,vle|Hilliard2008|w=0.3|T=40,calibration_derived_partial_pressure,true,2.1896084945183247e-10,sha256:3e6cc5a6d053943fafcfc412b97bbdb15aeecc0608e4cfe4c9ffcc0788b2a3ab
M4B,vle_obs_0140,Hilliard2008,0.3,0.501,313.15,8671.99,1870.0,2892.8602048466646,0.18948584068542015,,0.0,training,active_training,vle|Hilliard2008|w=0.3|T=40,calibration_derived_partial_pressure,true,6.792788553866558e-12,sha256:3e6cc5a6d053943fafcfc412b97bbdb15aeecc0608e4cfe4c9ffcc0788b2a3ab
M4B,vle_obs_0141,Hilliard2008,0.3,0.518,313.15,9831.72,3030.0,4474.144427808427,0.16926737074597614,,0.0,training,active_training,vle|Hilliard2008|w=0.3|T=40,calibration_derived_partial_pressure,true,6.217959480636637e-11,sha256:3e6cc5a6d053943fafcfc412b97bbdb15aeecc0608e4cfe4c9ffcc0788b2a3ab
M4B,vle_obs_0142,Hilliard2008,0.3,0.591,313.15,35021.46,28300.0,21430.698272629637,-0.12075011371207446,,0.0,training,active_training,vle|Hilliard2008|w=0.3|T=40,calibration_derived_partial_pressure,true,9.023892744153272e-13,sha256:3e6cc5a6d053943fafcfc412b97bbdb15aeecc0608e4cfe4c9ffcc0788b2a3ab
M4B,vle_obs_0150,Hilliard2008,0.4,0.115,313.15,6105.45,5.05,0.5549466462301574,-0.9590401469989808,,0.0,validation,reserved_validation,vle|Hilliard2008|w=0.4|T=40,calibration_derived_partial_pressure,true,2.817266420152009e-10,sha256:3e6cc5a6d053943fafcfc412b97bbdb15aeecc0608e4cfe4c9ffcc0788b2a3ab
M4B,vle_obs_0151,Hilliard2008,0.4,0.201,313.15,6139.22,10.8,4.2831802568542985,-0.4016574035022813,,0.0,validation,reserved_validation,vle|Hilliard2008|w=0.4|T=40,calibration_derived_partial_pressure,true,9.494627306594339e-11,sha256:3e6cc5a6d053943fafcfc412b97bbdb15aeecc0608e4cfe4c9ffcc0788b2a3ab
M4B,vle_obs_0152,Hilliard2008,0.4,0.298,313.15,6175.53,29.5,32.48105828033666,0.04180815477025825,,0.0,validation,reserved_validation,vle|Hilliard2008|w=0.4|T=40,calibration_derived_partial_pressure,true,7.346656616391556e-11,sha256:3e6cc5a6d053943fafcfc412b97bbdb15aeecc0608e4cfe4c9ffcc0788b2a3ab
M4B,vle_obs_0153,Hilliard2008,0.4,0.373,313.15,6288.39,104.0,170.14110486934717,0.21377590941873745,,0.0,validation,reserved_validation,vle|Hilliard2008|w=0.4|T=40,calibration_derived_partial_pressure,true,1.9604229350989044e-10,sha256:3e6cc5a6d053943fafcfc412b97bbdb15aeecc0608e4cfe4c9ffcc0788b2a3ab
M4B,vle_obs_0154,Hilliard2008,0.4,0.485,313.15,7911.98,1620.0,3384.526131136015,0.3199828569898832,,0.0,validation,reserved_validation,vle|Hilliard2008|w=0.4|T=40,calibration_derived_partial_pressure,true,2.2543389377460699e-10,sha256:3e6cc5a6d053943fafcfc412b97bbdb15aeecc0608e4cfe4c9ffcc0788b2a3ab
M4B,vle_obs_0155,Hilliard2008,0.4,0.545,313.15,28890.95,22300.0,16094.88919876978,-0.14161687180773422,,0.0,validation,reserved_validation,vle|Hilliard2008|w=0.4|T=40,calibration_derived_partial_pressure,true,1.1128520327474689e-10,sha256:3e6cc5a6d053943fafcfc412b97bbdb15aeecc0608e4cfe4c9ffcc0788b2a3ab
M4B,vle_obs_0186,Jou1995,0.3,0.0888,313.15,200000.0,1.47,0.2926033164833254,-0.7010380904631737,,0.0,validation,reserved_validation,vle|Jou1995|w=0.3|T=40,calibration_derived_partial_pressure,true,1.212860922805703e-10,sha256:3e6cc5a6d053943fafcfc412b97bbdb15aeecc0608e4cfe4c9ffcc0788b2a3ab
M4B,vle_obs_0187,Jou1995,0.3,0.203,313.15,200000.0,8.959999999999999,4.179331266816076,-0.33120121362057586,,0.0,validation,reserved_validation,vle|Jou1995|w=0.3|T=40,calibration_derived_partial_pressure,true,8.512301974406e-12,sha256:3e6cc5a6d053943fafcfc412b97bbdb15aeecc0608e4cfe4c9ffcc0788b2a3ab
M4B,vle_obs_0188,Jou1995,0.3,0.365,313.15,300000.0,67.7,99.8372906394664,0.16870411803326205,,0.0,validation,reserved_validation,vle|Jou1995|w=0.3|T=40,calibration_derived_partial_pressure,true,9.99733629214461e-12,sha256:3e6cc5a6d053943fafcfc412b97bbdb15aeecc0608e4cfe4c9ffcc0788b2a3ab
M4B,vle_obs_0189,Jou1995,0.3,0.4735,313.15,210000.0,604.0,1392.9980994570396,0.36291358527168777,,0.0,validation,reserved_validation,vle|Jou1995|w=0.3|T=40,calibration_derived_partial_pressure,true,7.73070496506989e-12,sha256:3e6cc5a6d053943fafcfc412b97bbdb15aeecc0608e4cfe4c9ffcc0788b2a3ab
M4B,vle_obs_0190,Jou1995,0.3,0.513,313.15,220000.0,2570.0,3955.408636878646,0.1872582341797595,,0.0,validation,reserved_validation,vle|Jou1995|w=0.3|T=40,calibration_derived_partial_pressure,true,2.1231016944511794e-11,sha256:3e6cc5a6d053943fafcfc412b97bbdb15aeecc0608e4cfe4c9ffcc0788b2a3ab
M4B,vle_obs_0191,Jou1995,0.3,0.557,313.15,230000.0,8090.0,11065.80350303076,0.1360344325084854,,0.0,validation,reserved_validation,vle|Jou1995|w=0.3|T=40,calibration_derived_partial_pressure,true,2.0385471088957274e-11,sha256:3e6cc5a6d053943fafcfc412b97bbdb15aeecc0608e4cfe4c9ffcc0788b2a3ab
M4B,vle_obs_0192,Jou1995,0.3,0.609,313.15,210000.0,36100.0,29295.381360499163,-0.09070804598020123,,0.0,validation,reserved_validation,vle|Jou1995|w=0.3|T=40,calibration_derived_partial_pressure,true,3.6926905977452407e-11,sha256:3e6cc5a6d053943fafcfc412b97bbdb15aeecc0608e4cfe4c9ffcc0788b2a3ab
M4B,vle_obs_0193,Jou1995,0.3,0.642,313.15,110000.0,103000.0,48674.630227478185,-0.32553456375862466,,0.0,validation,reserved_validation,vle|Jou1995|w=0.3|T=40,calibration_derived_partial_pressure,true,2.4655832930875476e-11,sha256:3e6cc5a6d053943fafcfc412b97bbdb15aeecc0608e4cfe4c9ffcc0788b2a3ab
M0,vle_obs_0186,Jou1995,0.3,0.0888,313.15,200000.0,1.47,0.5422628299158133,-0.43310749855115815,1052.7350240936519,0.0,validation,reserved_validation,vle|Jou1995|w=0.3|T=40,calibration_derived_partial_pressure,true,2.1458035348587146e-10,sha256:7ac9cf016af9086a8f1c70189b524cbad1e29a75bb742862106d34ba7ab44ae0
M0,vle_obs_0187,Jou1995,0.3,0.203,313.15,200000.0,8.959999999999999,8.866929784294182,-0.0045347402877577376,1129.573195564208,0.0,validation,reserved_validation,vle|Jou1995|w=0.3|T=40,calibration_derived_partial_pressure,true,7.723599537712289e-12,sha256:7ac9cf016af9086a8f1c70189b524cbad1e29a75bb742862106d34ba7ab44ae0
M0,vle_obs_0188,Jou1995,0.3,0.365,313.15,300000.0,67.7,249.00910673053016,0.5656265616655944,1248.0867183825906,0.0,validation,reserved_validation,vle|Jou1995|w=0.3|T=40,calibration_derived_partial_pressure,true,8.611777957412414e-12,sha256:7ac9cf016af9086a8f1c70189b524cbad1e29a75bb742862106d34ba7ab44ae0
M0,vle_obs_0189,Jou1995,0.3,0.4735,313.15,210000.0,604.0,3111.382213149399,0.7119164260284558,1323.5477466359227,0.0,validation,reserved_validation,vle|Jou1995|w=0.3|T=40,calibration_derived_partial_pressure,true,1.5489831639570184e-11,sha256:7ac9cf016af9086a8f1c70189b524cbad1e29a75bb742862106d34ba7ab44ae0
M0,vle_obs_0190,Jou1995,0.3,0.513,313.15,220000.0,2570.0,7686.285218765446,0.4757833726749572,1345.2865591617108,0.0,validation,reserved_validation,vle|Jou1995|w=0.3|T=40,calibration_derived_partial_pressure,true,4.1584513610359863e-11,sha256:7ac9cf016af9086a8f1c70189b524cbad1e29a75bb742862106d34ba7ab44ae0
M0,vle_obs_0191,Jou1995,0.3,0.557,313.15,230000.0,8090.0,18491.66396002835,0.35902747100411636,1365.0850425526003,0.0,validation,reserved_validation,vle|Jou1995|w=0.3|T=40,calibration_derived_partial_pressure,true,8.044054311540094e-11,sha256:7ac9cf016af9086a8f1c70189b524cbad1e29a75bb742862106d34ba7ab44ae0
M0,vle_obs_0192,Jou1995,0.3,0.609,313.15,210000.0,36100.0,42863.3387559801,0.07457879463740169,1384.2740160383944,0.0,validation,reserved_validation,vle|Jou1995|w=0.3|T=40,calibration_derived_partial_pressure,true,8.541434226572164e-11,sha256:7ac9cf016af9086a8f1c70189b524cbad1e29a75bb742862106d34ba7ab44ae0
M0,vle_obs_0193,Jou1995,0.3,0.642,313.15,110000.0,103000.0,66741.48775173844,-0.18844134130805015,1394.9299691262022,0.0,validation,reserved_validation,vle|Jou1995|w=0.3|T=40,calibration_derived_partial_pressure,true,1.4715340057591675e-11,sha256:7ac9cf016af9086a8f1c70189b524cbad1e29a75bb742862106d34ba7ab44ae0
M1,vle_obs_0186,Jou1995,0.3,0.0888,313.15,200000.0,1.47,0.4789790975460309,-0.48700077335551334,1056.98556890206,0.0,validation,reserved_validation,vle|Jou1995|w=0.3|T=40,calibration_derived_partial_pressure,true,1.0335554634366417e-10,sha256:a9cb660cbdafb60d0ae850ed0246012860d3f8b5cad3ec5ee4f6a3d351c0b0ed
M1,vle_obs_0187,Jou1995,0.3,0.203,313.15,200000.0,8.959999999999999,6.874124248343516,-0.11509063200896774,1139.9818251492106,0.0,validation,reserved_validation,vle|Jou1995|w=0.3|T=40,calibration_derived_partial_pressure,true,1.3802292642139946e-11,sha256:a9cb660cbdafb60d0ae850ed0246012860d3f8b5cad3ec5ee4f6a3d351c0b0ed
M1,vle_obs_0188,Jou1995,0.3,0.365,313.15,300000.0,67.7,164.18891903533225,0.38475517493750977,1270.5112359836944,0.0,validation,reserved_validation,vle|Jou1995|w=0.3|T=40,calibration_derived_partial_pressure,true,8.636646953164018e-12,sha256:a9cb660cbdafb60d0ae850ed0246012860d3f8b5cad3ec5ee4f6a3d351c0b0ed
M1,vle_obs_0189,Jou1995,0.3,0.4735,313.15,210000.0,604.0,2164.3270254573367,0.554285943793599,1357.2672658315012,0.0,validation,reserved_validation,vle|Jou1995|w=0.3|T=40,calibration_derived_partial_pressure,true,1.2867928944615414e-11,sha256:a9cb660cbdafb60d0ae850ed0246012860d3f8b5cad3ec5ee4f6a3d351c0b0ed
M1,vle_obs_0190,Jou1995,0.3,0.513,313.15,220000.0,2570.0,5838.164199559011,0.3563431821133667,1382.8112211629737,0.0,validation,reserved_validation,vle|Jou1995|w=0.3|T=40,calibration_derived_partial_pressure,true,1.6129320101754274e-12,sha256:a9cb660cbdafb60d0ae850ed0246012860d3f8b5cad3ec5ee4f6a3d351c0b0ed
M1,vle_obs_0191,Jou1995,0.3,0.557,313.15,230000.0,8090.0,15399.897774931535,0.27956931637156107,1406.0037431459752,0.0,validation,reserved_validation,vle|Jou1995|w=0.3|T=40,calibration_derived_partial_pressure,true,1.4637180356658064e-11,sha256:a9cb660cbdafb60d0ae850ed0246012860d3f8b5cad3ec5ee4f6a3d351c0b0ed
M1,vle_obs_0192,Jou1995,0.3,0.609,313.15,210000.0,36100.0,38484.781914149986,0.027781827933595217,1428.697407196598,0.0,validation,reserved_validation,vle|Jou1995|w=0.3|T=40,calibration_derived_partial_pressure,true,2.5689672611406422e-11,sha256:a9cb660cbdafb60d0ae850ed0246012860d3f8b5cad3ec5ee4f6a3d351c0b0ed
M1,vle_obs_0193,Jou1995,0.3,0.642,313.15,110000.0,103000.0,62014.25355105869,-0.22034570412424326,1441.5630667776254,0.0,validation,reserved_validation,vle|Jou1995|w=0.3|T=40,calibration_derived_partial_pressure,true,2.0730084315800923e-11,sha256:a9cb660cbdafb60d0ae850ed0246012860d3f8b5cad3ec5ee4f6a3d351c0b0ed
M3,vle_obs_0186,Jou1995,0.3,0.0888,313.15,200000.0,1.47,0.23542053038720814,-0.7954730009430362,1059.5640829970966,0.0,validation,reserved_validation,vle|Jou1995|w=0.3|T=40,calibration_derived_partial_pressure,true,4.276152765214647e-10,sha256:b12a7472480b2733ab0e19ce6d1bd87492abb88bfddb44b273db152e3cf6d9a9
M3,vle_obs_0187,Jou1995,0.3,0.203,313.15,200000.0,8.959999999999999,2.488242465642765,-0.5564153119552373,1149.0040851436836,0.0,validation,reserved_validation,vle|Jou1995|w=0.3|T=40,calibration_derived_partial_pressure,true,2.4801494191706297e-11,sha256:b12a7472480b2733ab0e19ce6d1bd87492abb88bfddb44b273db152e3cf6d9a9
M3,vle_obs_0188,Jou1995,0.3,0.365,313.15,300000.0,67.7,40.99174752618699,-0.2178922354917826,1294.3183033203027,0.0,validation,reserved_validation,vle|Jou1995|w=0.3|T=40,calibration_derived_partial_pressure,true,9.350742402602918e-12,sha256:b12a7472480b2733ab0e19ce6d1bd87492abb88bfddb44b273db152e3cf6d9a9
M3,vle_obs_0189,Jou1995,0.3,0.4735,313.15,210000.0,604.0,753.3299424721704,0.09594829098058068,1396.590478086799,0.0,validation,reserved_validation,vle|Jou1995|w=0.3|T=40,calibration_derived_partial_pressure,true,3.9612757518625585e-12,sha256:b12a7472480b2733ab0e19ce6d1bd87492abb88bfddb44b273db152e3cf6d9a9
M3,vle_obs_0190,Jou1995,0.3,0.513,313.15,220000.0,2570.0,3373.7343631106387,0.11817776133057334,1423.0430230885197,0.0,validation,reserved_validation,vle|Jou1995|w=0.3|T=40,calibration_derived_partial_pressure,true,5.5635496210015845e-12,sha256:b12a7472480b2733ab0e19ce6d1bd87492abb88bfddb44b273db152e3cf6d9a9
M3,vle_obs_0191,Jou1995,0.3,0.557,313.15,230000.0,8090.0,13669.615937533743,0.22780779115943156,1439.5416130791546,0.0,validation,reserved_validation,vle|Jou1995|w=0.3|T=40,calibration_derived_partial_pressure,true,3.566924533515703e-12,sha256:b12a7472480b2733ab0e19ce6d1bd87492abb88bfddb44b273db152e3cf6d9a9
M3,vle_obs_0192,Jou1995,0.3,0.609,313.15,210000.0,36100.0,42277.8941066036,0.06860614473684853,1450.929049620937,0.0,validation,reserved_validation,vle|Jou1995|w=0.3|T=40,calibration_derived_partial_pressure,true,7.077005648170598e-12,sha256:b12a7472480b2733ab0e19ce6d1bd87492abb88bfddb44b273db152e3cf6d9a9
M3,vle_obs_0193,Jou1995,0.3,0.642,313.15,110000.0,103000.0,72019.04267802429,-0.15538988054431163,1456.3132622674214,0.0,validation,reserved_validation,vle|Jou1995|w=0.3|T=40,calibration_derived_partial_pressure,true,4.1446668319622404e-10,sha256:b12a7472480b2733ab0e19ce6d1bd87492abb88bfddb44b273db152e3cf6d9a9
M5Q,vle_obs_0107,Hilliard2008,0.17,0.121,313.15,6889.46,5.55,3.78849414294178,-0.16582636296128364,1037.56045694987,-8.898012121755289e-17,validation,reserved_validation,vle|Hilliard2008|w=0.17|T=40,calibration_derived_partial_pressure,true,2.8421709430404007e-11,sha256:05f4fd91ae3f1ee1d5672fa1778458dcd2962a58d8d81a301070171b3ad4bd5e
M5Q,vle_obs_0108,Hilliard2008,0.17,0.212,313.15,6988.41,14.0,23.39332783306117,0.22296397136956914,1070.579718993331,-3.2106142315776744e-15,validation,reserved_validation,vle|Hilliard2008|w=0.17|T=40,calibration_derived_partial_pressure,true,2.0733281758111843e-10,sha256:05f4fd91ae3f1ee1d5672fa1778458dcd2962a58d8d81a301070171b3ad4bd5e
M5Q,vle_obs_0109,Hilliard2008,0.17,0.3,313.15,7019.01,36.2,109.26529394569681,0.47977366789055453,1103.2119910916485,-6.658397686990722e-14,validation,reserved_validation,vle|Hilliard2008|w=0.17|T=40,calibration_derived_partial_pressure,true,1.644693270463904e-10,sha256:05f4fd91ae3f1ee1d5672fa1778458dcd2962a58d8d81a301070171b3ad4bd5e
M5Q,vle_obs_0110,Hilliard2008,0.17,0.369,313.15,7142.24,116.0,379.8524444529346,0.5151569363245078,1128.7310164324365,-7.797527223540539e-13,validation,reserved_validation,vle|Hilliard2008|w=0.17|T=40,calibration_derived_partial_pressure,true,9.866241157396871e-11,sha256:05f4fd91ae3f1ee1d5672fa1778458dcd2962a58d8d81a301070171b3ad4bd5e
M5Q,vle_obs_0111,Hilliard2008,0.17,0.467,313.15,7938.68,879.0,2755.7804241389176,0.49625573570034665,1162.072986944226,-4.097506345444128e-11,validation,reserved_validation,vle|Hilliard2008|w=0.17|T=40,calibration_derived_partial_pressure,true,1.396500692862901e-10,sha256:05f4fd91ae3f1ee1d5672fa1778458dcd2962a58d8d81a301070171b3ad4bd5e
M5Q,vle_obs_0112,Hilliard2008,0.17,0.552,313.15,15688.98,8560.0,15210.476230482238,0.2496690470768805,1183.8949810206404,-1.3569525971459247e-09,validation,reserved_validation,vle|Hilliard2008|w=0.17|T=40,calibration_derived_partial_pressure,true,1.1587530934775714e-10,sha256:05f4fd91ae3f1ee1d5672fa1778458dcd2962a58d8d81a301070171b3ad4bd5e
M5Q,vle_obs_0119,Hilliard2008,0.3,0.153,313.15,6612.28,5.7,7.40771285960909,0.11380928405103917,1095.0987725497957,-5.151595417873579e-16,training,active_training,vle|Hilliard2008|w=0.3|T=40,calibration_derived_partial_pressure,true,1.836752971939859e-12,sha256:05f4fd91ae3f1ee1d5672fa1778458dcd2962a58d8d81a301070171b3ad4bd5e
M5Q,vle_obs_0120,Hilliard2008,0.3,0.163,313.15,6703.0,6.64,9.28927906266623,0.14581393050772443,1101.8853419205773,-8.024713709784022e-16,training,active_training,vle|Hilliard2008|w=0.3|T=40,calibration_derived_partial_pressure,true,1.2650502867472824e-10,sha256:05f4fd91ae3f1ee1d5672fa1778458dcd2962a58d8d81a301070171b3ad4bd5e
M5Q,vle_obs_0121,Hilliard2008,0.3,0.17,313.15,6663.57,7.21,10.846369001643476,0.17734911065674883,1106.664808476713,-1.086750302874748e-15,training,active_training,vle|Hilliard2008|w=0.3|T=40,calibration_derived_partial_pressure,true,3.156728212161397e-10,sha256:05f4fd91ae3f1ee1d5672fa1778458dcd2962a58d8d81a301070171b3ad4bd5e
M5Q,vle_obs_0122,Hilliard2008,0.3,0.191,313.15,6626.18,9.950000000000001,17.028387764337406,0.23335045047011935,1121.1456847108034,-2.624537741893744e-15,training,active_training,vle|Hilliard2008|w=0.3|T=40,calibration_derived_partial_pressure,true,2.661089126831939e-10,sha256:05f4fd91ae3f1ee1d5672fa1778458dcd2962a58d8d81a301070171b3ad4bd5e
M5Q,vle_obs_0123,Hilliard2008,0.3,0.194,313.15,6726.3,9.85,18.136097177985192,0.26510760369129815,1123.231782214778,-2.9683213168682524e-15,training,active_training,vle|Hilliard2008|w=0.3|T=40,calibration_derived_partial_pressure,true,1.1005951705556072e-10,sha256:05f4fd91ae3f1ee1d5672fa1778458dcd2962a58d8d81a301070171b3ad4bd5e
M5Q,vle_obs_0124,Hilliard2008,0.3,0.232,313.15,6650.23,14.6,39.46611989726,0.43187157514510527,1150.0242478462444,-1.3531796587373071e-14,training,active_training,vle|Hilliard2008|w=0.3|T=40,calibration_derived_partial_pressure,true,2.0881785189885704e-10,sha256:05f4fd91ae3f1ee1d5672fa1778458dcd2962a58d8d81a301070171b3ad4bd5e
M5Q,vle_obs_0125,Hilliard2008,0.3,0.246,313.15,6674.63,19.099999999999998,52.22674653755552,0.4368596050798662,1160.0625122039553,-2.336185658995272e-14,training,active_training,vle|Hilliard2008|w=0.3|T=40,calibration_derived_partial_pressure,true,1.5127810115700413e-10,sha256:05f4fd91ae3f1ee1d5672fa1778458dcd2962a58d8d81a301070171b3ad4bd5e
M5Q,vle_obs_0126,Hilliard2008,0.3,0.269,313.15,6658.26,23.099999999999998,82.52384375105356,0.5529674682140524,1176.7365512174774,-5.697434475596525e-14,training,active_training,vle|Hilliard2008|w=0.3|T=40,calibration_derived_partial_pressure,true,7.009059999063538e-11,sha256:05f4fd91ae3f1ee1d5672fa1778458dcd2962a58d8d81a301070171b3ad4bd5e
M5Q,vle_obs_0127,Hilliard2008,0.3,0.272,313.15,6677.51,22.4,87.59362765764865,0.5922244945258941,1178.9272248095886,-6.399350640436562e-14,training,active_training,vle|Hilliard2008|w=0.3|T=40,calibration_derived_partial_pressure,true,2.4430235612271645e-10,sha256:05f4fd91ae3f1ee1d5672fa1778458dcd2962a58d8d81a301070171b3ad4bd5e
M5Q,vle_obs_0128,Hilliard2008,0.3,0.326,313.15,6653.08,48.5,259.39462440045963,0.7282192330786897,1218.8618344867455,-5.318680522516943e-13,training,active_training,vle|Hilliard2008|w=0.3|T=40,calibration_derived_partial_pressure,true,1.5049295143398922e-10,sha256:05f4fd91ae3f1ee1d5672fa1778458dcd2962a58d8d81a301070171b3ad4bd5e
M5Q,vle_obs_0129,Hilliard2008,0.3,0.348,313.15,6670.43,66.19999999999999,409.4089122021484,0.7912993029124018,1235.3000940767552,-1.2986488764462335e-12,training,active_training,vle|Hilliard2008|w=0.3|T=40,calibration_derived_partial_pressure,true,2.5278978910137084e-10,sha256:05f4fd91ae3f1ee1d5672fa1778458dcd2962a58d8d81a301070171b3ad4bd5e
M5Q,vle_obs_0130,Hilliard2008,0.3,0.35,313.15,6826.33,72.1,427.00781680980754,0.7725005605779431,1236.795155929609,-1.4102492873657435e-12,training,active_training,vle|Hilliard2008|w=0.3|T=40,calibration_derived_partial_pressure,true,1.7063683799278806e-10,sha256:05f4fd91ae3f1ee1d5672fa1778458dcd2962a58d8d81a301070171b3ad4bd5e
M5Q,vle_obs_0131,Hilliard2008,0.3,0.36,313.15,6850.15,96.60000000000001,527.903493660016,0.7375774097514927,1244.2652325419697,-2.137495235303087e-12,training,active_training,vle|Hilliard2008|w=0.3|T=40,calibration_derived_partial_pressure,true,2.7405633318267064e-10,sha256:05f4fd91ae3f1ee1d5672fa1778458dcd2962a58d8d81a301070171b3ad4bd5e
M5Q,vle_obs_0132,Hilliard2008,0.3,0.382,313.15,6854.32,131.0,850.9371298603244,0.8126261784554102,1260.621546343203,-5.4644505753635145e-12,training,active_training,vle|Hilliard2008|w=0.3|T=40,calibration_derived_partial_pressure,true,2.644284791131213e-10,sha256:05f4fd91ae3f1ee1d5672fa1778458dcd2962a58d8d81a301070171b3ad4bd5e
M5Q,vle_obs_0133,Hilliard2008,0.3,0.386,313.15,6783.62,120.0,929.684919609856,0.8891545402911825,1263.5750808452271,-6.506024895729281e-12,training,active_training,vle|Hilliard2008|w=0.3|T=40,calibration_derived_partial_pressure,true,8.765255188336596e-11,sha256:05f4fd91ae3f1ee1d5672fa1778458dcd2962a58d8d81a301070171b3ad4bd5e
M5Q,vle_obs_0134,Hilliard2008,0.3,0.389,313.15,6706.38,113.0,993.8451719282663,0.9442402887865718,1265.7844647352229,-7.421514116914267e-12,training,active_training,vle|Hilliard2008|w=0.3|T=40,calibration_derived_partial_pressure,true,2.8905589033456636e-10,sha256:05f4fd91ae3f1ee1d5672fa1778458dcd2962a58d8d81a301070171b3ad4bd5e
M5Q,vle_obs_0135,Hilliard2008,0.3,0.4,313.15,6841.5,128.0,1272.7057770164192,0.9975180457991523,1273.8347891511285,-1.2098930650465172e-11,training,active_training,vle|Hilliard2008|w=0.3|T=40,calibration_derived_partial_pressure,true,1.5518253349000588e-11,sha256:05f4fd91ae3f1ee1d5672fa1778458dcd2962a58d8d81a301070171b3ad4bd5e
M5Q,vle_obs_0136,Hilliard2008,0.3,0.464,313.15,7422.66,750.0,5715.024691621134,0.8819568477020926,1317.6575242899792,-2.443376540834696e-10,training,active_training,vle|Hilliard2008|w=0.3|T=40,calibration_derived_partial_pressure,true,1.9251444882684154e-10,sha256:05f4fd91ae3f1ee1d5672fa1778458dcd2962a58d8d81a301070171b3ad4bd5e
M5Q,vle_obs_0137,Hilliard2008,0.3,0.466,313.15,7326.7,574.0,5993.0906606941135,1.01873895515357,1318.902163355335,-2.690603413113241e-10,training,active_training,vle|Hilliard2008|w=0.3|T=40,calibration_derived_partial_pressure,true,2.6190605240117293e-10,sha256:05f4fd91ae3f1ee1d5672fa1778458dcd2962a58d8d81a301070171b3ad4bd5e
M5Q,vle_obs_0138,Hilliard2008,0.3,0.481,313.15,7615.47,883.0,8534.925424509502,0.9852390271613496,1327.9224306908231,-5.529906443559836e-10,training,active_training,vle|Hilliard2008|w=0.3|T=40,calibration_derived_partial_pressure,true,1.1031886515411315e-10,sha256:05f4fd91ae3f1ee1d5672fa1778458dcd2962a58d8d81a301070171b3ad4bd5e
M5Q,vle_obs_0139,Hilliard2008,0.3,0.491,313.15,7781.93,1100.0,10757.613955508808,0.9903232701063872,1333.6147507464077,-8.89042085475153e-10,training,active_training,vle|Hilliard2008|w=0.3|T=40,calibration_derived_partial_pressure,true,1.1748824135793257e-11,sha256:05f4fd91ae3f1ee1d5672fa1778458dcd2962a58d8d81a301070171b3ad4bd5e
M5Q,vle_obs_0140,Hilliard2008,0.3,0.501,313.15,8671.99,1870.0,13492.45672391276,0.858249427234584,1339.04483239436,-1.4186920601943852e-09,training,active_training,vle|Hilliard2008|w=0.3|T=40,calibration_derived_partial_pressure,true,7.685940772717004e-11,sha256:05f4fd91ae3f1ee1d5672fa1778458dcd2962a58d8d81a301070171b3ad4bd5e
M5Q,vle_obs_0141,Hilliard2008,0.3,0.518,313.15,9831.72,3030.0,19545.213868854204,0.8095977984560382,1347.6849564216163,-3.0666040747999168e-09,training,active_training,vle|Hilliard2008|w=0.3|T=40,calibration_derived_partial_pressure,true,7.490541520382976e-11,sha256:05f4fd91ae3f1ee1d5672fa1778458dcd2962a58d8d81a301070171b3ad4bd5e
M5Q,vle_obs_0142,Hilliard2008,0.3,0.591,313.15,35021.46,28300.0,74280.82242350579,0.4190902679981249,1377.9532696739063,-5.317049368701495e-08,training,active_training,vle|Hilliard2008|w=0.3|T=40,calibration_derived_partial_pressure,true,4.6632919747935375e-11,sha256:05f4fd91ae3f1ee1d5672fa1778458dcd2962a58d8d81a301070171b3ad4bd5e
M5Q,vle_obs_0150,Hilliard2008,0.4,0.115,313.15,6105.45,5.05,2.7911114955172627,-0.2575141926795661,1096.830278891284,-1.0911324896758949e-16,validation,reserved_validation,vle|Hilliard2008|w=0.4|T=40,calibration_derived_partial_pressure,true,1.312443487222481e-10,sha256:05f4fd91ae3f1ee1d5672fa1778458dcd2962a58d8d81a301070171b3ad4bd5e
M5Q,vle_obs_0151,Hilliard2008,0.4,0.201,313.15,6139.22,10.8,24.14145936562498,0.349339764428523,1178.2638227896223,-7.40425929385046e-15,validation,reserved_validation,vle|Hilliard2008|w=0.4|T=40,calibration_derived_partial_pressure,true,1.510258584858093e-10,sha256:05f4fd91ae3f1ee1d5672fa1778458dcd2962a58d8d81a301070171b3ad4bd5e
M5Q,vle_obs_0152,Hilliard2008,0.4,0.298,313.15,6175.53,29.5,206.56848781505497,0.8452420542942416,1278.6665964744118,-4.756457012578754e-13,validation,reserved_validation,vle|Hilliard2008|w=0.4|T=40,calibration_derived_partial_pressure,true,1.0937029060187342e-10,sha256:05f4fd91ae3f1ee1d5672fa1778458dcd2962a58d8d81a301070171b3ad4bd5e
M5Q,vle_obs_0153,Hilliard2008,0.4,0.373,313.15,6288.39,104.0,1140.965799100113,1.0402392871661381,1360.927005266849,-1.3152784202542588e-11,validation,reserved_validation,vle|Hilliard2008|w=0.4|T=40,calibration_derived_partial_pressure,true,1.900701818158268e-12,sha256:05f4fd91ae3f1ee1d5672fa1778458dcd2962a58d8d81a301070171b3ad4bd5e
M5Q,vle_obs_0154,Hilliard2008,0.4,0.485,313.15,7911.98,1620.0,17470.321289007126,1.0327858774328489,1473.805486401226,-3.03994477279146e-09,validation,reserved_validation,vle|Hilliard2008|w=0.4|T=40,calibration_derived_partial_pressure,true,1.3911005680711241e-10,sha256:05f4fd91ae3f1ee1d5672fa1778458dcd2962a58d8d81a301070171b3ad4bd5e
M5Q,vle_obs_0155,Hilliard2008,0.4,0.545,313.15,28890.95,22300.0,60863.65501359264,0.4360531662189989,1517.173379698243,-4.167309764859825e-08,validation,reserved_validation,vle|Hilliard2008|w=0.4|T=40,calibration_derived_partial_pressure,true,1.1382894626876805e-11,sha256:05f4fd91ae3f1ee1d5672fa1778458dcd2962a58d8d81a301070171b3ad4bd5e
M5Q,vle_obs_0186,Jou1995,0.3,0.0888,313.15,200000.0,1.47,1.377528383141071,-0.028216778756437754,1052.7349671138315,-1.8770247636565908e-17,validation,reserved_validation,vle|Jou1995|w=0.3|T=40,calibration_derived_partial_pressure,true,7.712941396675888e-11,sha256:05f4fd91ae3f1ee1d5672fa1778458dcd2962a58d8d81a301070171b3ad4bd5e
M5Q,vle_obs_0187,Jou1995,0.3,0.203,313.15,200000.0,8.959999999999999,21.93360383646892,0.38880198533982907,1129.5731123471692,-4.2795408410058726e-15,validation,reserved_validation,vle|Jou1995|w=0.3|T=40,calibration_derived_partial_pressure,true,1.2814638239433407e-11,sha256:05f4fd91ae3f1ee1d5672fa1778458dcd2962a58d8d81a301070171b3ad4bd5e
M5Q,vle_obs_0188,Jou1995,0.3,0.365,313.15,300000.0,67.7,590.0930519525276,0.9403318323859139,1248.086809423705,-2.6382638584034106e-12,validation,reserved_validation,vle|Jou1995|w=0.3|T=40,calibration_derived_partial_pressure,true,1.8047785488306545e-12,sha256:05f4fd91ae3f1ee1d5672fa1778458dcd2962a58d8d81a301070171b3ad4bd5e
M5Q,vle_obs_0189,Jou1995,0.3,0.4735,313.15,210000.0,604.0,7178.0243274205895,1.074967987268903,1323.549846576159,-3.8606925120826656e-10,validation,reserved_validation,vle|Jou1995|w=0.3|T=40,calibration_derived_partial_pressure,true,2.708588908717502e-11,sha256:05f4fd91ae3f1ee1d5672fa1778458dcd2962a58d8d81a301070171b3ad4bd5e
M5Q,vle_obs_0190,Jou1995,0.3,0.513,313.15,220000.0,2570.0,17616.771404777108,0.835993195638743,1345.290198595966,-2.4534300369882747e-09,validation,reserved_validation,vle|Jou1995|w=0.3|T=40,calibration_derived_partial_pressure,true,2.8602897828022833e-11,sha256:05f4fd91ae3f1ee1d5672fa1778458dcd2962a58d8d81a301070171b3ad4bd5e
M5Q,vle_obs_0191,Jou1995,0.3,0.557,313.15,230000.0,8090.0,42173.27501266251,0.7170888063340624,1365.0892938350676,-1.5511829260260712e-08,validation,reserved_validation,vle|Jou1995|w=0.3|T=40,calibration_derived_partial_pressure,true,1.0821565865626326e-11,sha256:05f4fd91ae3f1ee1d5672fa1778458dcd2962a58d8d81a301070171b3ad4bd5e
M5Q,vle_obs_0192,Jou1995,0.3,0.609,313.15,210000.0,36100.0,97362.14761357113,0.43088294308665076,1384.273070555668,-9.590285539939012e-08,validation,reserved_validation,vle|Jou1995|w=0.3|T=40,calibration_derived_partial_pressure,true,4.743938575302309e-11,sha256:05f4fd91ae3f1ee1d5672fa1778458dcd2962a58d8d81a301070171b3ad4bd5e
M5Q,vle_obs_0193,Jou1995,0.3,0.642,313.15,110000.0,103000.0,151250.3178078195,0.16685907116172966,1394.9186105163712,-2.570412862345362e-07,validation,reserved_validation,vle|Jou1995|w=0.3|T=40,calibration_derived_partial_pressure,true,4.6703974021511385e-11,sha256:05f4fd91ae3f1ee1d5672fa1778458dcd2962a58d8d81a301070171b3ad4bd5e
M5,vle_obs_0107,Hilliard2008,0.17,0.121,313.15,6889.46,5.55,432.894370736213,1.8920889552566726,1111.86499345127,-2.545221712074881,validation,reserved_validation,vle|Hilliard2008|w=0.17|T=40,calibration_derived_partial_pressure,true,4.141398335377744e-11,sha256:2b1dc301842844acc3682509143335b7cf754456b55ad542d4c911859f8e0378
M5,vle_obs_0108,Hilliard2008,0.17,0.212,313.15,6988.41,14.0,2808.6426520180516,2.302368451074403,1147.4121282344854,-2.5478461669213033,validation,reserved_validation,vle|Hilliard2008|w=0.17|T=40,calibration_derived_partial_pressure,true,1.1258549648118787e-11,sha256:2b1dc301842844acc3682509143335b7cf754456b55ad542d4c911859f8e0378
M5,vle_obs_0109,Hilliard2008,0.17,0.3,313.15,7019.01,36.2,13738.737070657902,2.579238241633371,1182.4548221397063,-2.5499130127229903,validation,reserved_validation,vle|Hilliard2008|w=0.17|T=40,calibration_derived_partial_pressure,true,2.396518539171666e-10,sha256:2b1dc301842844acc3682509143335b7cf754456b55ad542d4c911859f8e0378
M5,vle_obs_0110,Hilliard2008,0.17,0.369,313.15,7142.24,116.0,48947.0331777697,2.6252683838566364,1209.7272173649656,-2.5499192690124937,validation,reserved_validation,vle|Hilliard2008|w=0.17|T=40,calibration_derived_partial_pressure,true,2.538484977776534e-10,sha256:2b1dc301842844acc3682509143335b7cf754456b55ad542d4c911859f8e0378
M5,vle_obs_0111,Hilliard2008,0.17,0.467,313.15,7938.68,879.0,344161.14336010686,2.592772960769942,1245.1422342316675,-2.5425826178617856,validation,reserved_validation,vle|Hilliard2008|w=0.17|T=40,calibration_derived_partial_pressure,true,8.090239589364501e-11,sha256:2b1dc301842844acc3682509143335b7cf754456b55ad542d4c911859f8e0378
M5,vle_obs_0112,Hilliard2008,0.17,0.552,313.15,15688.98,8560.0,1729576.2446242212,2.3054659470272103,1268.7859773865116,-2.5233696797420837,validation,reserved_validation,vle|Hilliard2008|w=0.17|T=40,calibration_derived_partial_pressure,true,2.041957714027376e-10,sha256:2b1dc301842844acc3682509143335b7cf754456b55ad542d4c911859f8e0378
M5,vle_obs_0119,Hilliard2008,0.3,0.153,313.15,6612.28,5.7,869.5224089087341,2.1834059232366854,1168.3014884204774,-2.319723978883164,training,active_training,vle|Hilliard2008|w=0.3|T=40,calibration_derived_partial_pressure,true,3.0181723786881776e-10,sha256:2b1dc301842844acc3682509143335b7cf754456b55ad542d4c911859f8e0378
M5,vle_obs_0120,Hilliard2008,0.3,0.163,313.15,6703.0,6.64,1099.5179090240115,2.2190342282050644,1175.5817843402426,-2.320079956791888,training,active_training,vle|Hilliard2008|w=0.3|T=40,calibration_derived_partial_pressure,true,2.2713919634043123e-10,sha256:2b1dc301842844acc3682509143335b7cf754456b55ad542d4c911859f8e0378
M5,vle_obs_0121,Hilliard2008,0.3,0.17,313.15,6663.57,7.21,1291.4757189498255,2.253150980691003,1180.7079604896123,-2.320333691339537,training,active_training,vle|Hilliard2008|w=0.3|T=40,calibration_derived_partial_pressure,true,1.7329782053820963e-10,sha256:2b1dc301842844acc3682509143335b7cf754456b55ad542d4c911859f8e0378
M5,vle_obs_0122,Hilliard2008,0.3,0.191,313.15,6626.18,9.950000000000001,2065.054218125382,2.31710837782469,1196.2332861743446,-2.3211062134686866,training,active_training,vle|Hilliard2008|w=0.3|T=40,calibration_derived_partial_pressure,true,4.2938452793350734e-10,sha256:2b1dc301842844acc3682509143335b7cf754456b55ad542d4c911859f8e0378
M5,vle_obs_0123,Hilliard2008,0.3,0.194,313.15,6726.3,9.85,2205.2742037417656,2.3500263668292094,1198.4689858954855,-2.321216843858898,training,active_training,vle|Hilliard2008|w=0.3|T=40,calibration_derived_partial_pressure,true,1.7921664152709127e-10,sha256:2b1dc301842844acc3682509143335b7cf754456b55ad542d4c911859f8e0378
M5,vle_obs_0124,Hilliard2008,0.3,0.232,313.15,6650.23,14.6,4969.107693498598,2.5319255533550087,1227.1581584702676,-2.3225686146966655,training,active_training,vle|Hilliard2008|w=0.3|T=40,calibration_derived_partial_pressure,true,9.831069291976746e-11,sha256:2b1dc301842844acc3682509143335b7cf754456b55ad542d4c911859f8e0378
M5,vle_obs_0125,Hilliard2008,0.3,0.246,313.15,6674.63,19.099999999999998,6662.959350363513,2.542633796468155,1237.8920397721301,-2.323018426559991,training,active_training,vle|Hilliard2008|w=0.3|T=40,calibration_derived_partial_pressure,true,4.389200114474079e-10,sha256:2b1dc301842844acc3682509143335b7cf754456b55ad542d4c911859f8e0378
M5,vle_obs_0126,Hilliard2008,0.3,0.269,313.15,6658.26,23.099999999999998,10759.368910121095,2.6681748186789442,1255.696871838203,-2.3236527032161143,training,active_training,vle|Hilliard2008|w=0.3|T=40,calibration_derived_partial_pressure,true,3.7567815525108017e-10,sha256:2b1dc301842844acc3682509143335b7cf754456b55ad542d4c911859f8e0378
M5,vle_obs_0127,Hilliard2008,0.3,0.272,313.15,6677.51,22.4,11452.606503615578,2.7086563208581174,1258.033408665953,-2.323722965621098,training,active_training,vle|Hilliard2008|w=0.3|T=40,calibration_derived_partial_pressure,true,1.475903843584092e-10,sha256:2b1dc301842844acc3682509143335b7cf754456b55ad542d4c911859f8e0378
M5,vle_obs_0128,Hilliard2008,0.3,0.326,313.15,6653.08,48.5,35568.20385650169,2.8653201958861443,1300.4722585376658,-2.32419024745464,training,active_training,vle|Hilliard2008|w=0.3|T=40,calibration_derived_partial_pressure,true,1.255813231182401e-10,sha256:2b1dc301842844acc3682509143335b7cf754456b55ad542d4c911859f8e0378
M5,vle_obs_0129,Hilliard2008,0.3,0.348,313.15,6670.43,66.19999999999999,57012.312585908105,2.9351106681743073,1317.8241183737337,-2.3237206711384912,training,active_training,vle|Hilliard2008|w=0.3|T=40,calibration_derived_partial_pressure,true,3.0519231586367823e-10,sha256:2b1dc301842844acc3682509143335b7cf754456b55ad542d4c911859f8e0378
M5,vle_obs_0130,Hilliard2008,0.3,0.35,313.15,6826.33,72.1,59534.659334818745,2.916834608160159,1319.3977889895907,-2.323650816373216,training,active_training,vle|Hilliard2008|w=0.3|T=40,calibration_derived_partial_pressure,true,3.660716174636036e-10,sha256:2b1dc301842844acc3682509143335b7cf754456b55ad542d4c911859f8e0378
M5,vle_obs_0131,Hilliard2008,0.3,0.36,313.15,6850.15,96.60000000000001,73999.14473647112,2.884249573877947,1327.2482535672184,-2.3232214946926764,training,active_training,vle|Hilliard2008|w=0.3|T=40,calibration_derived_partial_pressure,true,7.637268595317437e-11,sha256:2b1dc301842844acc3682509143335b7cf754456b55ad542d4c911859f8e0378
M5,vle_obs_0132,Hilliard2008,0.3,0.382,313.15,6854.32,131.0,120141.54733235898,2.962421925376396,1344.357674510847,-2.321729363131006,training,active_training,vle|Hilliard2008|w=0.3|T=40,calibration_derived_partial_pressure,true,1.9164758668921422e-10,sha256:2b1dc301842844acc3682509143335b7cf754456b55ad542d4c911859f8e0378
M5,vle_obs_0133,Hilliard2008,0.3,0.386,313.15,6783.62,120.0,131320.18108656647,3.039150226889074,1347.434548027485,-2.3213634591756316,training,active_training,vle|Hilliard2008|w=0.3|T=40,calibration_derived_partial_pressure,true,1.6504486666235607e-10,sha256:2b1dc301842844acc3682509143335b7cf754456b55ad542d4c911859f8e0378
M5,vle_obs_0134,Hilliard2008,0.3,0.389,313.15,6706.38,113.0,140403.47527390273,3.0942994141223314,1349.7335475969355,-2.3210675089836856,training,active_training,vle|Hilliard2008|w=0.3|T=40,calibration_derived_partial_pressure,true,3.9960568187780154e-10,sha256:2b1dc301842844acc3682509143335b7cf754456b55ad542d4c911859f8e0378
M5,vle_obs_0135,Hilliard2008,0.3,0.4,313.15,6841.5,128.0,179608.7340809373,3.147117482232005,1358.0909546582177,-2.319813027674672,training,active_training,vle|Hilliard2008|w=0.3|T=40,calibration_derived_partial_pressure,true,3.6996539165556896e-10,sha256:2b1dc301842844acc3682509143335b7cf754456b55ad542d4c911859f8e0378
M5,vle_obs_0136,Hilliard2008,0.3,0.464,313.15,7422.66,750.0,752670.8423590232,3.001543828877655,1403.1907175410558,-2.3056370587154964,training,active_training,vle|Hilliard2008|w=0.3|T=40,calibration_derived_partial_pressure,true,5.39088773621188e-11,sha256:2b1dc301842844acc3682509143335b7cf754456b55ad542d4c911859f8e0378
M5,vle_obs_0137,Hilliard2008,0.3,0.466,313.15,7326.7,574.0,786178.2905464023,3.1366091546845736,1404.4715131787234,-2.3049679098648572,training,active_training,vle|Hilliard2008|w=0.3|T=40,calibration_derived_partial_pressure,true,3.212967669696809e-10,sha256:2b1dc301842844acc3682509143335b7cf754456b55ad542d4c911859f8e0378
M5,vle_obs_0138,Hilliard2008,0.3,0.481,313.15,7615.47,883.0,1084165.2421503058,3.08913477630457,1413.7860196543506,-2.299471388939793,training,active_training,vle|Hilliard2008|w=0.3|T=40,calibration_derived_partial_pressure,true,7.563727422166266e-11,sha256:2b1dc301842844acc3682509143335b7cf754456b55ad542d4c911859f8e0378
M5,vle_obs_0139,Hilliard2008,0.3,0.491,313.15,7781.93,1100.0,1335052.650394117,3.0841057081264522,1419.7063100857772,-2.2953403943563155,training,active_training,vle|Hilliard2008|w=0.3|T=40,calibration_derived_partial_pressure,true,2.714628521971463e-10,sha256:2b1dc301842844acc3682509143335b7cf754456b55ad542d4c911859f8e0378
M5,vle_obs_0140,Hilliard2008,0.3,0.501,313.15,8671.99,1870.0,1634692.9377680337,2.941594579843926,1425.3967972813657,-2.290845789306964,training,active_training,vle|Hilliard2008|w=0.3|T=40,calibration_derived_partial_pressure,true,6.175326916491031e-11,sha256:2b1dc301842844acc3682509143335b7cf754456b55ad542d4c911859f8e0378
M5,vle_obs_0141,Hilliard2008,0.3,0.518,313.15,9831.72,3030.0,2273186.817129802,2.875192500277926,1434.5616859599704,-2.2824131089974156,training,active_training,vle|Hilliard2008|w=0.3|T=40,calibration_derived_partial_pressure,true,1.8960122361022513e-10,sha256:2b1dc301842844acc3682509143335b7cf754456b55ad542d4c911859f8e0378
M5,vle_obs_0142,Hilliard2008,0.3,0.591,313.15,35021.46,28300.0,7514456.831144279,2.4241111583457817,1467.9989975430547,-2.237330756415328,training,active_training,vle|Hilliard2008|w=0.3|T=40,calibration_derived_partial_pressure,true,2.423732325951278e-10,sha256:2b1dc301842844acc3682509143335b7cf754456b55ad542d4c911859f8e0378
M5,vle_obs_0150,Hilliard2008,0.4,0.115,313.15,6105.45,5.05,330.1862063519047,1.8154675483781342,1164.9100016813663,-2.1206317021610634,validation,reserved_validation,vle|Hilliard2008|w=0.4|T=40,calibration_derived_partial_pressure,true,3.47597506333841e-11,sha256:2b1dc301842844acc3682509143335b7cf754456b55ad542d4c911859f8e0378
M5,vle_obs_0151,Hilliard2008,0.4,0.201,313.15,6139.22,10.8,3065.5846254857433,2.453089553844092,1251.935989945307,-2.1215790248666715,validation,reserved_validation,vle|Hilliard2008|w=0.4|T=40,calibration_derived_partial_pressure,true,2.1948665107629495e-11,sha256:2b1dc301842844acc3682509143335b7cf754456b55ad542d4c911859f8e0378
M5,vle_obs_0152,Hilliard2008,0.4,0.298,313.15,6175.53,29.5,29219.72478020734,2.995854105031471,1358.5872578001165,-2.121327756840302,validation,reserved_validation,vle|Hilliard2008|w=0.4|T=40,calibration_derived_partial_pressure,true,2.383053754329012e-10,sha256:2b1dc301842844acc3682509143335b7cf754456b55ad542d4c911859f8e0378
M5,vle_obs_0153,Hilliard2008,0.4,0.373,313.15,6288.39,104.0,171812.65168139344,3.218021801297206,1444.235501057995,-2.114708418739131,validation,reserved_validation,vle|Hilliard2008|w=0.4|T=40,calibration_derived_partial_pressure,true,3.377209623067756e-11,sha256:2b1dc301842844acc3682509143335b7cf754456b55ad542d4c911859f8e0378
M5,vle_obs_0154,Hilliard2008,0.4,0.485,313.15,7911.98,1620.0,2205575.1828908636,3.134006851905562,1556.9965567955296,-2.0697190479906924,validation,reserved_validation,vle|Hilliard2008|w=0.4|T=40,calibration_derived_partial_pressure,true,1.2365575230433024e-10,sha256:2b1dc301842844acc3682509143335b7cf754456b55ad542d4c911859f8e0378
M5,vle_obs_0155,Hilliard2008,0.4,0.545,313.15,28890.95,22300.0,6400909.980624709,2.457936856478069,1601.7747310038958,-2.0217636156957526,validation,reserved_validation,vle|Hilliard2008|w=0.4|T=40,calibration_derived_partial_pressure,true,9.936940159605001e-11,sha256:2b1dc301842844acc3682509143335b7cf754456b55ad542d4c911859f8e0378
M5,vle_obs_0186,Jou1995,0.3,0.0888,313.15,200000.0,1.47,153.92916212744606,2.0200035706665185,1122.8076644510377,-2.317922383632281,validation,reserved_validation,vle|Jou1995|w=0.3|T=40,calibration_derived_partial_pressure,true,3.5841196677210974e-10,sha256:2b1dc301842844acc3682509143335b7cf754456b55ad542d4c911859f8e0378
M5,vle_obs_0187,Jou1995,0.3,0.203,313.15,200000.0,8.959999999999999,2688.2370362307593,2.4771595504742594,1205.242314461614,-2.3216298237777893,validation,reserved_validation,vle|Jou1995|w=0.3|T=40,calibration_derived_partial_pressure,true,8.100187187665142e-12,sha256:2b1dc301842844acc3682509143335b7cf754456b55ad542d4c911859f8e0378
M5,vle_obs_0188,Jou1995,0.3,0.365,313.15,300000.0,67.7,82876.93753646995,3.0878450259893597,1331.2237092967107,-2.323071654030848,validation,reserved_validation,vle|Jou1995|w=0.3|T=40,calibration_derived_partial_pressure,true,4.476419235288631e-12,sha256:2b1dc301842844acc3682509143335b7cf754456b55ad542d4c911859f8e0378
M5,vle_obs_0189,Jou1995,0.3,0.4735,313.15,210000.0,604.0,926867.9153740704,3.1859809101821206,1409.2404093797452,-2.3024057644848037,validation,reserved_validation,vle|Jou1995|w=0.3|T=40,calibration_derived_partial_pressure,true,1.035260766002466e-11,sha256:2b1dc301842844acc3682509143335b7cf754456b55ad542d4c911859f8e0378
M5,vle_obs_0190,Jou1995,0.3,0.513,313.15,220000.0,2570.0,2072994.4463974636,2.9066650152786457,1431.9804426833448,-2.285076271285174,validation,reserved_validation,vle|Jou1995|w=0.3|T=40,calibration_derived_partial_pressure,true,1.0657785765033623e-10,sha256:2b1dc301842844acc3682509143335b7cf754456b55ad542d4c911859f8e0378
M5,vle_obs_0191,Jou1995,0.3,0.557,313.15,230000.0,8090.0,4509956.9220828675,2.7462238720193355,1453.5000507940404,-2.2599085617446772,validation,reserved_validation,vle|Jou1995|w=0.3|T=40,calibration_derived_partial_pressure,true,1.0246026249660645e-11,sha256:2b1dc301842844acc3682509143335b7cf754456b55ad542d4c911859f8e0378
M5,vle_obs_0192,Jou1995,0.3,0.609,313.15,210000.0,36100.0,9619996.580722498,2.425667715768993,1475.2002199990532,-2.224733172283016,validation,reserved_validation,vle|Jou1995|w=0.3|T=40,calibration_derived_partial_pressure,true,1.3500311979441904e-13,sha256:2b1dc301842844acc3682509143335b7cf754456b55ad542d4c911859f8e0378
M5,vle_obs_0193,Jou1995,0.3,0.642,313.15,110000.0,103000.0,14442250.236930449,2.1467976409207186,1487.541665441858,-2.2004976064386756,validation,reserved_validation,vle|Jou1995|w=0.3|T=40,calibration_derived_partial_pressure,true,1.6228796084760688e-11,sha256:2b1dc301842844acc3682509143335b7cf754456b55ad542d4c911859f8e0378
