model_id,observation_id,active_row_id,source_row,loading,temperature_k,pressure_pa,observed_pco2_pa,measurement_origin,source_locator,predicted_pco2_pa,success,max_abs_reaction_balance_residual,parameter_fingerprint
M0,vle_obs_0119,vle_0018,13,0.153,313.15,6612.28,5.7,calibration_derived_partial_pressure,"Hilliard (2008), apparatus Sections 2.3.4-2.3.5 and VLE appendices",2.95909986259855,True,3.497042655453697e-10,sha256:7ac9cf016af9086a8f1c70189b524cbad1e29a75bb742862106d34ba7ab44ae0
M0,vle_obs_0120,vle_0019,14,0.163,313.15,6703.0,6.64,calibration_derived_partial_pressure,"Hilliard (2008), apparatus Sections 2.3.4-2.3.5 and VLE appendices",3.7194821962734506,True,1.808828642424487e-10,sha256:7ac9cf016af9086a8f1c70189b524cbad1e29a75bb742862106d34ba7ab44ae0
M0,vle_obs_0121,vle_0020,15,0.17,313.15,6663.57,7.21,calibration_derived_partial_pressure,"Hilliard (2008), apparatus Sections 2.3.4-2.3.5 and VLE appendices",4.35019845524749,True,1.8819790170709894e-10,sha256:7ac9cf016af9086a8f1c70189b524cbad1e29a75bb742862106d34ba7ab44ae0
M0,vle_obs_0122,vle_0021,16,0.191,313.15,6626.179999999999,9.950000000000001,calibration_derived_partial_pressure,"Hilliard (2008), apparatus Sections 2.3.4-2.3.5 and VLE appendices",6.864422628285698,True,2.4282087451865664e-10,sha256:7ac9cf016af9086a8f1c70189b524cbad1e29a75bb742862106d34ba7ab44ae0
M0,vle_obs_0123,vle_0022,17,0.194,313.15,6726.3,9.85,calibration_derived_partial_pressure,"Hilliard (2008), apparatus Sections 2.3.4-2.3.5 and VLE appendices",7.316332925954805,True,1.7766410564945545e-10,sha256:7ac9cf016af9086a8f1c70189b524cbad1e29a75bb742862106d34ba7ab44ae0
M0,vle_obs_0124,vle_0023,18,0.232,313.15,6650.23,14.6,calibration_derived_partial_pressure,"Hilliard (2008), apparatus Sections 2.3.4-2.3.5 and VLE appendices",16.073257356507984,True,1.5161916167016898e-10,sha256:7ac9cf016af9086a8f1c70189b524cbad1e29a75bb742862106d34ba7ab44ae0
M0,vle_obs_0125,vle_0024,19,0.246,313.15,6674.629999999999,19.099999999999998,calibration_derived_partial_pressure,"Hilliard (2008), apparatus Sections 2.3.4-2.3.5 and VLE appendices",21.346851585310738,True,1.4215828514352324e-10,sha256:7ac9cf016af9086a8f1c70189b524cbad1e29a75bb742862106d34ba7ab44ae0
M0,vle_obs_0126,vle_0025,20,0.269,313.15,6658.26,23.099999999999998,calibration_derived_partial_pressure,"Hilliard (2008), apparatus Sections 2.3.4-2.3.5 and VLE appendices",33.933585554821946,True,1.7642065586187528e-10,sha256:7ac9cf016af9086a8f1c70189b524cbad1e29a75bb742862106d34ba7ab44ae0
M0,vle_obs_0127,vle_0026,21,0.272,313.15,6677.51,22.4,calibration_derived_partial_pressure,"Hilliard (2008), apparatus Sections 2.3.4-2.3.5 and VLE appendices",36.04682736421602,True,5.270806013868423e-11,sha256:7ac9cf016af9086a8f1c70189b524cbad1e29a75bb742862106d34ba7ab44ae0
M0,vle_obs_0128,vle_0027,22,0.326,313.15,6653.08,48.5,calibration_derived_partial_pressure,"Hilliard (2008), apparatus Sections 2.3.4-2.3.5 and VLE appendices",108.31259546147956,True,1.639044455714611e-10,sha256:7ac9cf016af9086a8f1c70189b524cbad1e29a75bb742862106d34ba7ab44ae0
M0,vle_obs_0129,vle_0028,23,0.348,313.15,6670.429999999999,66.19999999999999,calibration_derived_partial_pressure,"Hilliard (2008), apparatus Sections 2.3.4-2.3.5 and VLE appendices",171.98758649761814,True,4.9631410092843e-11,sha256:7ac9cf016af9086a8f1c70189b524cbad1e29a75bb742862106d34ba7ab44ae0
M0,vle_obs_0130,vle_0029,24,0.35,313.15,6826.33,72.1,calibration_derived_partial_pressure,"Hilliard (2008), apparatus Sections 2.3.4-2.3.5 and VLE appendices",179.47926207174754,True,2.369802132307086e-10,sha256:7ac9cf016af9086a8f1c70189b524cbad1e29a75bb742862106d34ba7ab44ae0
M0,vle_obs_0131,vle_0030,25,0.36,313.15,6850.150000000001,96.60000000000001,calibration_derived_partial_pressure,"Hilliard (2008), apparatus Sections 2.3.4-2.3.5 and VLE appendices",222.4977577913773,True,2.000426491122198e-10,sha256:7ac9cf016af9086a8f1c70189b524cbad1e29a75bb742862106d34ba7ab44ae0
M0,vle_obs_0132,vle_0031,26,0.382,313.15,6854.320000000001,131.0,calibration_derived_partial_pressure,"Hilliard (2008), apparatus Sections 2.3.4-2.3.5 and VLE appendices",360.8082069038039,True,1.0575007536317571e-10,sha256:7ac9cf016af9086a8f1c70189b524cbad1e29a75bb742862106d34ba7ab44ae0
M0,vle_obs_0133,vle_0032,27,0.386,313.15,6783.62,120.0,calibration_derived_partial_pressure,"Hilliard (2008), apparatus Sections 2.3.4-2.3.5 and VLE appendices",394.6248007107581,True,9.053024996319436e-11,sha256:7ac9cf016af9086a8f1c70189b524cbad1e29a75bb742862106d34ba7ab44ae0
M0,vle_obs_0134,vle_0033,28,0.389,313.15,6706.38,113.0,calibration_derived_partial_pressure,"Hilliard (2008), apparatus Sections 2.3.4-2.3.5 and VLE appendices",422.2000223591986,True,1.2025935802739696e-10,sha256:7ac9cf016af9086a8f1c70189b524cbad1e29a75bb742862106d34ba7ab44ae0
M0,vle_obs_0135,vle_0034,29,0.4,313.15,6841.5,128.0,calibration_derived_partial_pressure,"Hilliard (2008), apparatus Sections 2.3.4-2.3.5 and VLE appendices",542.2535254761535,True,4.986837609521899e-10,sha256:7ac9cf016af9086a8f1c70189b524cbad1e29a75bb742862106d34ba7ab44ae0
M0,vle_obs_0136,vle_0035,30,0.464,313.15,7422.66,750.0,calibration_derived_partial_pressure,"Hilliard (2008), apparatus Sections 2.3.4-2.3.5 and VLE appendices",2472.7834699455393,True,7.453593298123451e-11,sha256:7ac9cf016af9086a8f1c70189b524cbad1e29a75bb742862106d34ba7ab44ae0
M0,vle_obs_0137,vle_0036,31,0.466,313.15,7326.7,574.0,calibration_derived_partial_pressure,"Hilliard (2008), apparatus Sections 2.3.4-2.3.5 and VLE appendices",2594.1655239658025,True,2.1547208461925038e-10,sha256:7ac9cf016af9086a8f1c70189b524cbad1e29a75bb742862106d34ba7ab44ae0
M0,vle_obs_0138,vle_0037,32,0.481,313.15,7615.47,883.0,calibration_derived_partial_pressure,"Hilliard (2008), apparatus Sections 2.3.4-2.3.5 and VLE appendices",3705.1949380991446,True,2.3629098677702132e-11,sha256:7ac9cf016af9086a8f1c70189b524cbad1e29a75bb742862106d34ba7ab44ae0
M0,vle_obs_0139,vle_0038,33,0.491,313.15,7781.93,1100.0,calibration_derived_partial_pressure,"Hilliard (2008), apparatus Sections 2.3.4-2.3.5 and VLE appendices",4678.346479114205,True,2.647126962074253e-10,sha256:7ac9cf016af9086a8f1c70189b524cbad1e29a75bb742862106d34ba7ab44ae0
M0,vle_obs_0140,vle_0039,34,0.501,313.15,8671.99,1870.0,calibration_derived_partial_pressure,"Hilliard (2008), apparatus Sections 2.3.4-2.3.5 and VLE appendices",5877.184163472995,True,5.860911755917186e-11,sha256:7ac9cf016af9086a8f1c70189b524cbad1e29a75bb742862106d34ba7ab44ae0
M0,vle_obs_0141,vle_0040,35,0.518,313.15,9831.720000000001,3030.0,calibration_derived_partial_pressure,"Hilliard (2008), apparatus Sections 2.3.4-2.3.5 and VLE appendices",8534.384190220915,True,4.7272408210119465e-11,sha256:7ac9cf016af9086a8f1c70189b524cbad1e29a75bb742862106d34ba7ab44ae0
M0,vle_obs_0142,vle_0041,36,0.591,313.15,35021.46,28300.0,calibration_derived_partial_pressure,"Hilliard (2008), apparatus Sections 2.3.4-2.3.5 and VLE appendices",32663.214743157187,True,1.2084910849807784e-10,sha256:7ac9cf016af9086a8f1c70189b524cbad1e29a75bb742862106d34ba7ab44ae0
M1,vle_obs_0119,vle_0018,13,0.153,313.15,6612.28,5.7,calibration_derived_partial_pressure,"Hilliard (2008), apparatus Sections 2.3.4-2.3.5 and VLE appendices",2.4286146013017653,True,8.575540277888649e-11,sha256:a9cb660cbdafb60d0ae850ed0246012860d3f8b5cad3ec5ee4f6a3d351c0b0ed
M1,vle_obs_0120,vle_0019,14,0.163,313.15,6703.0,6.64,calibration_derived_partial_pressure,"Hilliard (2008), apparatus Sections 2.3.4-2.3.5 and VLE appendices",3.018057652538656,True,2.82419421182567e-10,sha256:a9cb660cbdafb60d0ae850ed0246012860d3f8b5cad3ec5ee4f6a3d351c0b0ed
M1,vle_obs_0121,vle_0020,15,0.17,313.15,6663.57,7.21,calibration_derived_partial_pressure,"Hilliard (2008), apparatus Sections 2.3.4-2.3.5 and VLE appendices",3.5017601502305635,True,2.0463986061258765e-10,sha256:a9cb660cbdafb60d0ae850ed0246012860d3f8b5cad3ec5ee4f6a3d351c0b0ed
M1,vle_obs_0122,vle_0021,16,0.191,313.15,6626.179999999999,9.950000000000001,calibration_derived_partial_pressure,"Hilliard (2008), apparatus Sections 2.3.4-2.3.5 and VLE appendices",5.394897984888918,True,6.683720243927382e-11,sha256:a9cb660cbdafb60d0ae850ed0246012860d3f8b5cad3ec5ee4f6a3d351c0b0ed
M1,vle_obs_0123,vle_0022,17,0.194,313.15,6726.3,9.85,calibration_derived_partial_pressure,"Hilliard (2008), apparatus Sections 2.3.4-2.3.5 and VLE appendices",5.730448820174167,True,7.412026548081485e-11,sha256:a9cb660cbdafb60d0ae850ed0246012860d3f8b5cad3ec5ee4f6a3d351c0b0ed
M1,vle_obs_0124,vle_0023,18,0.232,313.15,6650.23,14.6,calibration_derived_partial_pressure,"Hilliard (2008), apparatus Sections 2.3.4-2.3.5 and VLE appendices",12.058473895491503,True,3.504716516999906e-10,sha256:a9cb660cbdafb60d0ae850ed0246012860d3f8b5cad3ec5ee4f6a3d351c0b0ed
M1,vle_obs_0125,vle_0024,19,0.246,313.15,6674.629999999999,19.099999999999998,calibration_derived_partial_pressure,"Hilliard (2008), apparatus Sections 2.3.4-2.3.5 and VLE appendices",15.765646090215183,True,8.399325679420144e-11,sha256:a9cb660cbdafb60d0ae850ed0246012860d3f8b5cad3ec5ee4f6a3d351c0b0ed
M1,vle_obs_0126,vle_0025,20,0.269,313.15,6658.26,23.099999999999998,calibration_derived_partial_pressure,"Hilliard (2008), apparatus Sections 2.3.4-2.3.5 and VLE appendices",24.434649778231115,True,3.027977868441667e-10,sha256:a9cb660cbdafb60d0ae850ed0246012860d3f8b5cad3ec5ee4f6a3d351c0b0ed
M1,vle_obs_0127,vle_0026,21,0.272,313.15,6677.51,22.4,calibration_derived_partial_pressure,"Hilliard (2008), apparatus Sections 2.3.4-2.3.5 and VLE appendices",25.872113449811305,True,1.680611205756577e-10,sha256:a9cb660cbdafb60d0ae850ed0246012860d3f8b5cad3ec5ee4f6a3d351c0b0ed
M1,vle_obs_0128,vle_0027,22,0.326,313.15,6653.08,48.5,calibration_derived_partial_pressure,"Hilliard (2008), apparatus Sections 2.3.4-2.3.5 and VLE appendices",73.61171060193432,True,2.2372859120878275e-10,sha256:a9cb660cbdafb60d0ae850ed0246012860d3f8b5cad3ec5ee4f6a3d351c0b0ed
M1,vle_obs_0129,vle_0028,23,0.348,313.15,6670.429999999999,66.19999999999999,calibration_derived_partial_pressure,"Hilliard (2008), apparatus Sections 2.3.4-2.3.5 and VLE appendices",114.7410992764658,True,1.220712420035852e-10,sha256:a9cb660cbdafb60d0ae850ed0246012860d3f8b5cad3ec5ee4f6a3d351c0b0ed
M1,vle_obs_0130,vle_0029,24,0.35,313.15,6826.33,72.1,calibration_derived_partial_pressure,"Hilliard (2008), apparatus Sections 2.3.4-2.3.5 and VLE appendices",119.55800258264657,True,3.022329053692374e-10,sha256:a9cb660cbdafb60d0ae850ed0246012860d3f8b5cad3ec5ee4f6a3d351c0b0ed
M1,vle_obs_0131,vle_0030,25,0.36,313.15,6850.150000000001,96.60000000000001,calibration_derived_partial_pressure,"Hilliard (2008), apparatus Sections 2.3.4-2.3.5 and VLE appendices",147.1740372323453,True,3.0028246555957594e-10,sha256:a9cb660cbdafb60d0ae850ed0246012860d3f8b5cad3ec5ee4f6a3d351c0b0ed
M1,vle_obs_0132,vle_0031,26,0.382,313.15,6854.320000000001,131.0,calibration_derived_partial_pressure,"Hilliard (2008), apparatus Sections 2.3.4-2.3.5 and VLE appendices",235.89731216528273,True,1.184616849059239e-10,sha256:a9cb660cbdafb60d0ae850ed0246012860d3f8b5cad3ec5ee4f6a3d351c0b0ed
M1,vle_obs_0133,vle_0032,27,0.386,313.15,6783.62,120.0,calibration_derived_partial_pressure,"Hilliard (2008), apparatus Sections 2.3.4-2.3.5 and VLE appendices",257.6425061079817,True,5.7063687108893646e-11,sha256:a9cb660cbdafb60d0ae850ed0246012860d3f8b5cad3ec5ee4f6a3d351c0b0ed
M1,vle_obs_0134,vle_0033,28,0.389,313.15,6706.38,113.0,calibration_derived_partial_pressure,"Hilliard (2008), apparatus Sections 2.3.4-2.3.5 and VLE appendices",275.4002233933228,True,1.1726086768248933e-10,sha256:a9cb660cbdafb60d0ae850ed0246012860d3f8b5cad3ec5ee4f6a3d351c0b0ed
M1,vle_obs_0135,vle_0034,29,0.4,313.15,6841.5,128.0,calibration_derived_partial_pressure,"Hilliard (2008), apparatus Sections 2.3.4-2.3.5 and VLE appendices",353.03771318726217,True,1.418456463397888e-10,sha256:a9cb660cbdafb60d0ae850ed0246012860d3f8b5cad3ec5ee4f6a3d351c0b0ed
M1,vle_obs_0136,vle_0035,30,0.464,313.15,7422.66,750.0,calibration_derived_partial_pressure,"Hilliard (2008), apparatus Sections 2.3.4-2.3.5 and VLE appendices",1690.5824989335385,True,4.566302891362284e-11,sha256:a9cb660cbdafb60d0ae850ed0246012860d3f8b5cad3ec5ee4f6a3d351c0b0ed
M1,vle_obs_0137,vle_0036,31,0.466,313.15,7326.7,574.0,calibration_derived_partial_pressure,"Hilliard (2008), apparatus Sections 2.3.4-2.3.5 and VLE appendices",1779.7038768954483,True,2.468425464030588e-10,sha256:a9cb660cbdafb60d0ae850ed0246012860d3f8b5cad3ec5ee4f6a3d351c0b0ed
M1,vle_obs_0138,vle_0037,32,0.481,313.15,7615.47,883.0,calibration_derived_partial_pressure,"Hilliard (2008), apparatus Sections 2.3.4-2.3.5 and VLE appendices",2616.9028678403747,True,6.249933903745841e-11,sha256:a9cb660cbdafb60d0ae850ed0246012860d3f8b5cad3ec5ee4f6a3d351c0b0ed
M1,vle_obs_0139,vle_0038,33,0.491,313.15,7781.93,1100.0,calibration_derived_partial_pressure,"Hilliard (2008), apparatus Sections 2.3.4-2.3.5 and VLE appendices",3377.1297594067164,True,6.851053058198886e-11,sha256:a9cb660cbdafb60d0ae850ed0246012860d3f8b5cad3ec5ee4f6a3d351c0b0ed
M1,vle_obs_0140,vle_0039,34,0.501,313.15,8671.99,1870.0,calibration_derived_partial_pressure,"Hilliard (2008), apparatus Sections 2.3.4-2.3.5 and VLE appendices",4341.029792596716,True,8.200728984775196e-11,sha256:a9cb660cbdafb60d0ae850ed0246012860d3f8b5cad3ec5ee4f6a3d351c0b0ed
M1,vle_obs_0141,vle_0040,35,0.518,313.15,9831.720000000001,3030.0,calibration_derived_partial_pressure,"Hilliard (2008), apparatus Sections 2.3.4-2.3.5 and VLE appendices",6557.771142617845,True,1.638511548662791e-10,sha256:a9cb660cbdafb60d0ae850ed0246012860d3f8b5cad3ec5ee4f6a3d351c0b0ed
M1,vle_obs_0142,vle_0041,36,0.591,313.15,35021.46,28300.0,calibration_derived_partial_pressure,"Hilliard (2008), apparatus Sections 2.3.4-2.3.5 and VLE appendices",28677.77707140645,True,1.6821033455016732e-10,sha256:a9cb660cbdafb60d0ae850ed0246012860d3f8b5cad3ec5ee4f6a3d351c0b0ed
M2,vle_obs_0119,vle_0018,13,0.153,313.15,6612.28,5.7,calibration_derived_partial_pressure,"Hilliard (2008), apparatus Sections 2.3.4-2.3.5 and VLE appendices",1.7422977349703255,True,1.7698198462312575e-10,sha256:8a08dd659a09f1dd2eed3430ca697af2b02066a9962db1ae6527c5148eab598e
M2,vle_obs_0120,vle_0019,14,0.163,313.15,6703.0,6.64,calibration_derived_partial_pressure,"Hilliard (2008), apparatus Sections 2.3.4-2.3.5 and VLE appendices",2.1851174991934363,True,9.191936101160536e-11,sha256:8a08dd659a09f1dd2eed3430ca697af2b02066a9962db1ae6527c5148eab598e
M2,vle_obs_0121,vle_0020,15,0.17,313.15,6663.57,7.21,calibration_derived_partial_pressure,"Hilliard (2008), apparatus Sections 2.3.4-2.3.5 and VLE appendices",2.551627272951062,True,2.340634353004134e-10,sha256:8a08dd659a09f1dd2eed3430ca697af2b02066a9962db1ae6527c5148eab598e
M2,vle_obs_0122,vle_0021,16,0.191,313.15,6626.179999999999,9.950000000000001,calibration_derived_partial_pressure,"Hilliard (2008), apparatus Sections 2.3.4-2.3.5 and VLE appendices",4.007153927518069,True,1.8877699403674342e-10,sha256:8a08dd659a09f1dd2eed3430ca697af2b02066a9962db1ae6527c5148eab598e
M2,vle_obs_0123,vle_0022,17,0.194,313.15,6726.3,9.85,calibration_derived_partial_pressure,"Hilliard (2008), apparatus Sections 2.3.4-2.3.5 and VLE appendices",4.268015567609616,True,2.774527274596039e-10,sha256:8a08dd659a09f1dd2eed3430ca697af2b02066a9962db1ae6527c5148eab598e
M2,vle_obs_0124,vle_0023,18,0.232,313.15,6650.23,14.6,calibration_derived_partial_pressure,"Hilliard (2008), apparatus Sections 2.3.4-2.3.5 and VLE appendices",9.293577458379112,True,6.124523110884184e-11,sha256:8a08dd659a09f1dd2eed3430ca697af2b02066a9962db1ae6527c5148eab598e
M2,vle_obs_0125,vle_0024,19,0.246,313.15,6674.629999999999,19.099999999999998,calibration_derived_partial_pressure,"Hilliard (2008), apparatus Sections 2.3.4-2.3.5 and VLE appendices",12.301730055760729,True,2.346922656215611e-11,sha256:8a08dd659a09f1dd2eed3430ca697af2b02066a9962db1ae6527c5148eab598e
M2,vle_obs_0126,vle_0025,20,0.269,313.15,6658.26,23.099999999999998,calibration_derived_partial_pressure,"Hilliard (2008), apparatus Sections 2.3.4-2.3.5 and VLE appendices",19.44719077349708,True,2.8904167947985115e-10,sha256:8a08dd659a09f1dd2eed3430ca697af2b02066a9962db1ae6527c5148eab598e
M2,vle_obs_0127,vle_0026,21,0.272,313.15,6677.51,22.4,calibration_derived_partial_pressure,"Hilliard (2008), apparatus Sections 2.3.4-2.3.5 and VLE appendices",20.64324785934003,True,5.2530424454744207e-11,sha256:8a08dd659a09f1dd2eed3430ca697af2b02066a9962db1ae6527c5148eab598e
M2,vle_obs_0128,vle_0027,22,0.326,313.15,6653.08,48.5,calibration_derived_partial_pressure,"Hilliard (2008), apparatus Sections 2.3.4-2.3.5 and VLE appendices",61.21106895519474,True,1.2396128568070708e-10,sha256:8a08dd659a09f1dd2eed3430ca697af2b02066a9962db1ae6527c5148eab598e
M2,vle_obs_0129,vle_0028,23,0.348,313.15,6670.429999999999,66.19999999999999,calibration_derived_partial_pressure,"Hilliard (2008), apparatus Sections 2.3.4-2.3.5 and VLE appendices",96.66872606641161,True,3.87167631288321e-10,sha256:8a08dd659a09f1dd2eed3430ca697af2b02066a9962db1ae6527c5148eab598e
M2,vle_obs_0130,vle_0029,24,0.35,313.15,6826.33,72.1,calibration_derived_partial_pressure,"Hilliard (2008), apparatus Sections 2.3.4-2.3.5 and VLE appendices",100.82979260581371,True,1.502797886132612e-11,sha256:8a08dd659a09f1dd2eed3430ca697af2b02066a9962db1ae6527c5148eab598e
M2,vle_obs_0131,vle_0030,25,0.36,313.15,6850.150000000001,96.60000000000001,calibration_derived_partial_pressure,"Hilliard (2008), apparatus Sections 2.3.4-2.3.5 and VLE appendices",124.68992747244785,True,1.2537526572486968e-10,sha256:8a08dd659a09f1dd2eed3430ca697af2b02066a9962db1ae6527c5148eab598e
M2,vle_obs_0132,vle_0031,26,0.382,313.15,6854.320000000001,131.0,calibration_derived_partial_pressure,"Hilliard (2008), apparatus Sections 2.3.4-2.3.5 and VLE appendices",201.12032706709738,True,1.8128432088815316e-10,sha256:8a08dd659a09f1dd2eed3430ca697af2b02066a9962db1ae6527c5148eab598e
M2,vle_obs_0133,vle_0032,27,0.386,313.15,6783.62,120.0,calibration_derived_partial_pressure,"Hilliard (2008), apparatus Sections 2.3.4-2.3.5 and VLE appendices",219.75898283162127,True,7.51789741570974e-11,sha256:8a08dd659a09f1dd2eed3430ca697af2b02066a9962db1ae6527c5148eab598e
M2,vle_obs_0134,vle_0033,28,0.389,313.15,6706.38,113.0,calibration_derived_partial_pressure,"Hilliard (2008), apparatus Sections 2.3.4-2.3.5 and VLE appendices",234.94653067056953,True,2.0886403717668145e-10,sha256:8a08dd659a09f1dd2eed3430ca697af2b02066a9962db1ae6527c5148eab598e
M2,vle_obs_0135,vle_0034,29,0.4,313.15,6841.5,128.0,calibration_derived_partial_pressure,"Hilliard (2008), apparatus Sections 2.3.4-2.3.5 and VLE appendices",300.9704679473988,True,1.1009237965708962e-10,sha256:8a08dd659a09f1dd2eed3430ca697af2b02066a9962db1ae6527c5148eab598e
M2,vle_obs_0136,vle_0035,30,0.464,313.15,7422.66,750.0,calibration_derived_partial_pressure,"Hilliard (2008), apparatus Sections 2.3.4-2.3.5 and VLE appendices",1354.0929058259885,True,2.05631067728973e-10,sha256:8a08dd659a09f1dd2eed3430ca697af2b02066a9962db1ae6527c5148eab598e
M2,vle_obs_0137,vle_0036,31,0.466,313.15,7326.7,574.0,calibration_derived_partial_pressure,"Hilliard (2008), apparatus Sections 2.3.4-2.3.5 and VLE appendices",1420.0568398871656,True,2.3842261498430162e-11,sha256:8a08dd659a09f1dd2eed3430ca697af2b02066a9962db1ae6527c5148eab598e
M2,vle_obs_0138,vle_0037,32,0.481,313.15,7615.47,883.0,calibration_derived_partial_pressure,"Hilliard (2008), apparatus Sections 2.3.4-2.3.5 and VLE appendices",2023.1756150494714,True,2.8466118351389014e-10,sha256:8a08dd659a09f1dd2eed3430ca697af2b02066a9962db1ae6527c5148eab598e
M2,vle_obs_0139,vle_0038,33,0.491,313.15,7781.93,1100.0,calibration_derived_partial_pressure,"Hilliard (2008), apparatus Sections 2.3.4-2.3.5 and VLE appendices",2550.7315490610986,True,1.8279067148796457e-10,sha256:8a08dd659a09f1dd2eed3430ca697af2b02066a9962db1ae6527c5148eab598e
M2,vle_obs_0140,vle_0039,34,0.501,313.15,8671.99,1870.0,calibration_derived_partial_pressure,"Hilliard (2008), apparatus Sections 2.3.4-2.3.5 and VLE appendices",3200.012695856393,True,2.927791342699493e-10,sha256:8a08dd659a09f1dd2eed3430ca697af2b02066a9962db1ae6527c5148eab598e
M2,vle_obs_0141,vle_0040,35,0.518,313.15,9831.720000000001,3030.0,calibration_derived_partial_pressure,"Hilliard (2008), apparatus Sections 2.3.4-2.3.5 and VLE appendices",4637.5430379381805,True,1.2941114846398705e-10,sha256:8a08dd659a09f1dd2eed3430ca697af2b02066a9962db1ae6527c5148eab598e
M2,vle_obs_0142,vle_0041,36,0.591,313.15,35021.46,28300.0,calibration_derived_partial_pressure,"Hilliard (2008), apparatus Sections 2.3.4-2.3.5 and VLE appendices",17663.40883782207,True,5.467626351673971e-11,sha256:8a08dd659a09f1dd2eed3430ca697af2b02066a9962db1ae6527c5148eab598e
M3,vle_obs_0119,vle_0018,13,0.153,313.15,6612.28,5.7,calibration_derived_partial_pressure,"Hilliard (2008), apparatus Sections 2.3.4-2.3.5 and VLE appendices",1.0060962329035747,True,1.2849099562117772e-10,sha256:b12a7472480b2733ab0e19ce6d1bd87492abb88bfddb44b273db152e3cf6d9a9
M3,vle_obs_0120,vle_0019,14,0.163,313.15,6703.0,6.64,calibration_derived_partial_pressure,"Hilliard (2008), apparatus Sections 2.3.4-2.3.5 and VLE appendices",1.2169990281166227,True,3.183515673299553e-10,sha256:b12a7472480b2733ab0e19ce6d1bd87492abb88bfddb44b273db152e3cf6d9a9
M3,vle_obs_0121,vle_0020,15,0.17,313.15,6663.57,7.21,calibration_derived_partial_pressure,"Hilliard (2008), apparatus Sections 2.3.4-2.3.5 and VLE appendices",1.3856051127477493,True,2.3525359438281157e-10,sha256:b12a7472480b2733ab0e19ce6d1bd87492abb88bfddb44b273db152e3cf6d9a9
M3,vle_obs_0122,vle_0021,16,0.191,313.15,6626.179999999999,9.950000000000001,calibration_derived_partial_pressure,"Hilliard (2008), apparatus Sections 2.3.4-2.3.5 and VLE appendices",2.017046221597977,True,1.9454660105111543e-11,sha256:b12a7472480b2733ab0e19ce6d1bd87492abb88bfddb44b273db152e3cf6d9a9
M3,vle_obs_0123,vle_0022,17,0.194,313.15,6726.3,9.85,calibration_derived_partial_pressure,"Hilliard (2008), apparatus Sections 2.3.4-2.3.5 and VLE appendices",2.125247956224681,True,5.966072080809681e-11,sha256:b12a7472480b2733ab0e19ce6d1bd87492abb88bfddb44b273db152e3cf6d9a9
M3,vle_obs_0124,vle_0023,18,0.232,313.15,6650.23,14.6,calibration_derived_partial_pressure,"Hilliard (2008), apparatus Sections 2.3.4-2.3.5 and VLE appendices",4.040031582774096,True,2.519442432458163e-10,sha256:b12a7472480b2733ab0e19ce6d1bd87492abb88bfddb44b273db152e3cf6d9a9
M3,vle_obs_0125,vle_0024,19,0.246,313.15,6674.629999999999,19.099999999999998,calibration_derived_partial_pressure,"Hilliard (2008), apparatus Sections 2.3.4-2.3.5 and VLE appendices",5.091317948327201,True,9.556622160289407e-11,sha256:b12a7472480b2733ab0e19ce6d1bd87492abb88bfddb44b273db152e3cf6d9a9
M3,vle_obs_0126,vle_0025,20,0.269,313.15,6658.26,23.099999999999998,calibration_derived_partial_pressure,"Hilliard (2008), apparatus Sections 2.3.4-2.3.5 and VLE appendices",7.438097575241102,True,3.178683982696384e-10,sha256:b12a7472480b2733ab0e19ce6d1bd87492abb88bfddb44b273db152e3cf6d9a9
M3,vle_obs_0127,vle_0026,21,0.272,313.15,6677.51,22.4,calibration_derived_partial_pressure,"Hilliard (2008), apparatus Sections 2.3.4-2.3.5 and VLE appendices",7.81645345819309,True,1.1875300742758554e-10,sha256:b12a7472480b2733ab0e19ce6d1bd87492abb88bfddb44b273db152e3cf6d9a9
M3,vle_obs_0128,vle_0027,22,0.326,313.15,6653.08,48.5,calibration_derived_partial_pressure,"Hilliard (2008), apparatus Sections 2.3.4-2.3.5 and VLE appendices",19.62599494143118,True,7.042189054118353e-11,sha256:b12a7472480b2733ab0e19ce6d1bd87492abb88bfddb44b273db152e3cf6d9a9
M3,vle_obs_0129,vle_0028,23,0.348,313.15,6670.429999999999,66.19999999999999,calibration_derived_partial_pressure,"Hilliard (2008), apparatus Sections 2.3.4-2.3.5 and VLE appendices",29.363005197974474,True,1.4200196574165602e-10,sha256:b12a7472480b2733ab0e19ce6d1bd87492abb88bfddb44b273db152e3cf6d9a9
M3,vle_obs_0130,vle_0029,24,0.35,313.15,6826.33,72.1,calibration_derived_partial_pressure,"Hilliard (2008), apparatus Sections 2.3.4-2.3.5 and VLE appendices",30.495868451051393,True,3.7333691693675064e-10,sha256:b12a7472480b2733ab0e19ce6d1bd87492abb88bfddb44b273db152e3cf6d9a9
M3,vle_obs_0131,vle_0030,25,0.36,313.15,6850.150000000001,96.60000000000001,calibration_derived_partial_pressure,"Hilliard (2008), apparatus Sections 2.3.4-2.3.5 and VLE appendices",36.98497776481054,True,1.1392486953809566e-10,sha256:b12a7472480b2733ab0e19ce6d1bd87492abb88bfddb44b273db152e3cf6d9a9
M3,vle_obs_0132,vle_0031,26,0.382,313.15,6854.320000000001,131.0,calibration_derived_partial_pressure,"Hilliard (2008), apparatus Sections 2.3.4-2.3.5 and VLE appendices",57.998578506064966,True,8.423128861068108e-11,sha256:b12a7472480b2733ab0e19ce6d1bd87492abb88bfddb44b273db152e3cf6d9a9
M3,vle_obs_0133,vle_0032,27,0.386,313.15,6783.62,120.0,calibration_derived_partial_pressure,"Hilliard (2008), apparatus Sections 2.3.4-2.3.5 and VLE appendices",63.225053853135066,True,4.956035581926699e-12,sha256:b12a7472480b2733ab0e19ce6d1bd87492abb88bfddb44b273db152e3cf6d9a9
M3,vle_obs_0134,vle_0033,28,0.389,313.15,6706.38,113.0,calibration_derived_partial_pressure,"Hilliard (2008), apparatus Sections 2.3.4-2.3.5 and VLE appendices",67.52172691064547,True,3.04929415051447e-10,sha256:b12a7472480b2733ab0e19ce6d1bd87492abb88bfddb44b273db152e3cf6d9a9
M3,vle_obs_0135,vle_0034,29,0.4,313.15,6841.5,128.0,calibration_derived_partial_pressure,"Hilliard (2008), apparatus Sections 2.3.4-2.3.5 and VLE appendices",86.64586403020624,True,1.0881606726798054e-10,sha256:b12a7472480b2733ab0e19ce6d1bd87492abb88bfddb44b273db152e3cf6d9a9
M3,vle_obs_0136,vle_0035,30,0.464,313.15,7422.66,750.0,calibration_derived_partial_pressure,"Hilliard (2008), apparatus Sections 2.3.4-2.3.5 and VLE appendices",535.4133077858628,True,3.987210561717802e-10,sha256:b12a7472480b2733ab0e19ce6d1bd87492abb88bfddb44b273db152e3cf6d9a9
M3,vle_obs_0137,vle_0036,31,0.466,313.15,7326.7,574.0,calibration_derived_partial_pressure,"Hilliard (2008), apparatus Sections 2.3.4-2.3.5 and VLE appendices",574.1424686527057,True,1.8997425854649919e-10,sha256:b12a7472480b2733ab0e19ce6d1bd87492abb88bfddb44b273db152e3cf6d9a9
M3,vle_obs_0138,vle_0037,32,0.481,313.15,7615.47,883.0,calibration_derived_partial_pressure,"Hilliard (2008), apparatus Sections 2.3.4-2.3.5 and VLE appendices",992.719731945487,True,9.265477274311706e-11,sha256:b12a7472480b2733ab0e19ce6d1bd87492abb88bfddb44b273db152e3cf6d9a9
M3,vle_obs_0139,vle_0038,33,0.491,313.15,7781.93,1100.0,calibration_derived_partial_pressure,"Hilliard (2008), apparatus Sections 2.3.4-2.3.5 and VLE appendices",1454.5160923873484,True,2.3286617079065763e-10,sha256:b12a7472480b2733ab0e19ce6d1bd87492abb88bfddb44b273db152e3cf6d9a9
M3,vle_obs_0140,vle_0039,34,0.501,313.15,8671.99,1870.0,calibration_derived_partial_pressure,"Hilliard (2008), apparatus Sections 2.3.4-2.3.5 and VLE appendices",2138.8136018058412,True,1.0401635108792107e-10,sha256:b12a7472480b2733ab0e19ce6d1bd87492abb88bfddb44b273db152e3cf6d9a9
M3,vle_obs_0141,vle_0040,35,0.518,313.15,9831.720000000001,3030.0,calibration_derived_partial_pressure,"Hilliard (2008), apparatus Sections 2.3.4-2.3.5 and VLE appendices",4035.676202270216,True,2.3808155447113677e-10,sha256:b12a7472480b2733ab0e19ce6d1bd87492abb88bfddb44b273db152e3cf6d9a9
M3,vle_obs_0142,vle_0041,36,0.591,313.15,35021.46,28300.0,calibration_derived_partial_pressure,"Hilliard (2008), apparatus Sections 2.3.4-2.3.5 and VLE appendices",29950.27047948096,True,2.956070943582745e-10,sha256:b12a7472480b2733ab0e19ce6d1bd87492abb88bfddb44b273db152e3cf6d9a9
