observation_id,source_key,mea_mass_fraction,loading_mol_co2_per_mol_mea,observed_pco2_kpa,state_pressure_pa,measurement_origin,target_eligible,eligibility_reason,split,role,group_id,source_locator
vle_obs_0001,Aronu2011,0.15,0.111,0.0017,,direct_partial_pressure,no,No source-backed state pressure or pressure convention is frozen.,validation,reserved_validation,vle|Aronu2011|w=0.15|T=40,"Aronu et al. (2011), Tables 3-6; corrected columns per 2012 corrigendum"
vle_obs_0002,Aronu2011,0.15,0.148,0.0035,,direct_partial_pressure,no,No source-backed state pressure or pressure convention is frozen.,validation,reserved_validation,vle|Aronu2011|w=0.15|T=40,"Aronu et al. (2011), Tables 3-6; corrected columns per 2012 corrigendum"
vle_obs_0003,Aronu2011,0.15,0.186,0.0068,,direct_partial_pressure,no,No source-backed state pressure or pressure convention is frozen.,validation,reserved_validation,vle|Aronu2011|w=0.15|T=40,"Aronu et al. (2011), Tables 3-6; corrected columns per 2012 corrigendum"
vle_obs_0004,Aronu2011,0.15,0.22,0.017,,direct_partial_pressure,no,No source-backed state pressure or pressure convention is frozen.,validation,reserved_validation,vle|Aronu2011|w=0.15|T=40,"Aronu et al. (2011), Tables 3-6; corrected columns per 2012 corrigendum"
vle_obs_0005,Aronu2011,0.15,0.236,0.0215,,direct_partial_pressure,no,No source-backed state pressure or pressure convention is frozen.,validation,reserved_validation,vle|Aronu2011|w=0.15|T=40,"Aronu et al. (2011), Tables 3-6; corrected columns per 2012 corrigendum"
vle_obs_0006,Aronu2011,0.15,0.295,0.0427,,direct_partial_pressure,no,No source-backed state pressure or pressure convention is frozen.,validation,reserved_validation,vle|Aronu2011|w=0.15|T=40,"Aronu et al. (2011), Tables 3-6; corrected columns per 2012 corrigendum"
vle_obs_0007,Aronu2011,0.15,0.298,0.045,,direct_partial_pressure,no,No source-backed state pressure or pressure convention is frozen.,validation,reserved_validation,vle|Aronu2011|w=0.15|T=40,"Aronu et al. (2011), Tables 3-6; corrected columns per 2012 corrigendum"
vle_obs_0008,Aronu2011,0.15,0.342,0.0845,,direct_partial_pressure,no,No source-backed state pressure or pressure convention is frozen.,validation,reserved_validation,vle|Aronu2011|w=0.15|T=40,"Aronu et al. (2011), Tables 3-6; corrected columns per 2012 corrigendum"
vle_obs_0009,Aronu2011,0.15,0.398,0.222,,direct_partial_pressure,no,No source-backed state pressure or pressure convention is frozen.,validation,reserved_validation,vle|Aronu2011|w=0.15|T=40,"Aronu et al. (2011), Tables 3-6; corrected columns per 2012 corrigendum"
vle_obs_0010,Aronu2011,0.15,0.442,0.6634,,direct_partial_pressure,no,No source-backed state pressure or pressure convention is frozen.,validation,reserved_validation,vle|Aronu2011|w=0.15|T=40,"Aronu et al. (2011), Tables 3-6; corrected columns per 2012 corrigendum"
vle_obs_0011,Aronu2011,0.15,0.45,0.7013,,direct_partial_pressure,no,No source-backed state pressure or pressure convention is frozen.,validation,reserved_validation,vle|Aronu2011|w=0.15|T=40,"Aronu et al. (2011), Tables 3-6; corrected columns per 2012 corrigendum"
vle_obs_0012,Aronu2011,0.15,0.516,4.8405,,direct_partial_pressure,no,No source-backed state pressure or pressure convention is frozen.,validation,reserved_validation,vle|Aronu2011|w=0.15|T=40,"Aronu et al. (2011), Tables 3-6; corrected columns per 2012 corrigendum"
vle_obs_0013,Aronu2011,0.15,0.529,7.8861,,direct_partial_pressure,no,No source-backed state pressure or pressure convention is frozen.,validation,reserved_validation,vle|Aronu2011|w=0.15|T=40,"Aronu et al. (2011), Tables 3-6; corrected columns per 2012 corrigendum"
vle_obs_0014,Aronu2011,0.15,0.565,16.0024,,direct_partial_pressure,no,No source-backed state pressure or pressure convention is frozen.,validation,reserved_validation,vle|Aronu2011|w=0.15|T=40,"Aronu et al. (2011), Tables 3-6; corrected columns per 2012 corrigendum"
vle_obs_0034,Aronu2011,0.3,0.102,0.0016,,direct_partial_pressure,no,No source-backed state pressure or pressure convention is frozen.,training,active_training,vle|Aronu2011|w=0.3|T=40,"Aronu et al. (2011), Tables 3-6; corrected columns per 2012 corrigendum"
vle_obs_0035,Aronu2011,0.3,0.206,0.0123,,direct_partial_pressure,no,No source-backed state pressure or pressure convention is frozen.,training,active_training,vle|Aronu2011|w=0.3|T=40,"Aronu et al. (2011), Tables 3-6; corrected columns per 2012 corrigendum"
vle_obs_0036,Aronu2011,0.3,0.25,0.0246,,direct_partial_pressure,no,No source-backed state pressure or pressure convention is frozen.,training,active_training,vle|Aronu2011|w=0.3|T=40,"Aronu et al. (2011), Tables 3-6; corrected columns per 2012 corrigendum"
vle_obs_0037,Aronu2011,0.3,0.337,0.0603,,direct_partial_pressure,no,No source-backed state pressure or pressure convention is frozen.,training,active_training,vle|Aronu2011|w=0.3|T=40,"Aronu et al. (2011), Tables 3-6; corrected columns per 2012 corrigendum"
vle_obs_0038,Aronu2011,0.3,0.353,0.0851,,direct_partial_pressure,no,No source-backed state pressure or pressure convention is frozen.,training,active_training,vle|Aronu2011|w=0.3|T=40,"Aronu et al. (2011), Tables 3-6; corrected columns per 2012 corrigendum"
vle_obs_0039,Aronu2011,0.3,0.401,0.1835,,direct_partial_pressure,no,No source-backed state pressure or pressure convention is frozen.,training,active_training,vle|Aronu2011|w=0.3|T=40,"Aronu et al. (2011), Tables 3-6; corrected columns per 2012 corrigendum"
vle_obs_0040,Aronu2011,0.3,0.417,0.2928,,direct_partial_pressure,no,No source-backed state pressure or pressure convention is frozen.,training,active_training,vle|Aronu2011|w=0.3|T=40,"Aronu et al. (2011), Tables 3-6; corrected columns per 2012 corrigendum"
vle_obs_0041,Aronu2011,0.3,0.421,0.3188,,direct_partial_pressure,no,No source-backed state pressure or pressure convention is frozen.,training,active_training,vle|Aronu2011|w=0.3|T=40,"Aronu et al. (2011), Tables 3-6; corrected columns per 2012 corrigendum"
vle_obs_0042,Aronu2011,0.3,0.433,0.3809,,direct_partial_pressure,no,No source-backed state pressure or pressure convention is frozen.,training,active_training,vle|Aronu2011|w=0.3|T=40,"Aronu et al. (2011), Tables 3-6; corrected columns per 2012 corrigendum"
vle_obs_0043,Aronu2011,0.3,0.447,0.5702,,direct_partial_pressure,no,No source-backed state pressure or pressure convention is frozen.,training,active_training,vle|Aronu2011|w=0.3|T=40,"Aronu et al. (2011), Tables 3-6; corrected columns per 2012 corrigendum"
vle_obs_0044,Aronu2011,0.3,0.464,1.0662,,direct_partial_pressure,no,No source-backed state pressure or pressure convention is frozen.,training,active_training,vle|Aronu2011|w=0.3|T=40,"Aronu et al. (2011), Tables 3-6; corrected columns per 2012 corrigendum"
vle_obs_0045,Aronu2011,0.3,0.476,1.8326,,direct_partial_pressure,no,No source-backed state pressure or pressure convention is frozen.,training,active_training,vle|Aronu2011|w=0.3|T=40,"Aronu et al. (2011), Tables 3-6; corrected columns per 2012 corrigendum"
vle_obs_0046,Aronu2011,0.3,0.477,1.8278,,direct_partial_pressure,no,No source-backed state pressure or pressure convention is frozen.,training,active_training,vle|Aronu2011|w=0.3|T=40,"Aronu et al. (2011), Tables 3-6; corrected columns per 2012 corrigendum"
vle_obs_0047,Aronu2011,0.3,0.485,2.3193,,direct_partial_pressure,no,No source-backed state pressure or pressure convention is frozen.,training,active_training,vle|Aronu2011|w=0.3|T=40,"Aronu et al. (2011), Tables 3-6; corrected columns per 2012 corrigendum"
vle_obs_0048,Aronu2011,0.3,0.489,2.8577,,direct_partial_pressure,no,No source-backed state pressure or pressure convention is frozen.,training,active_training,vle|Aronu2011|w=0.3|T=40,"Aronu et al. (2011), Tables 3-6; corrected columns per 2012 corrigendum"
vle_obs_0049,Aronu2011,0.3,0.516,8.5583,,direct_partial_pressure,no,No source-backed state pressure or pressure convention is frozen.,training,active_training,vle|Aronu2011|w=0.3|T=40,"Aronu et al. (2011), Tables 3-6; corrected columns per 2012 corrigendum"
vle_obs_0050,Aronu2011,0.3,0.524,11.812,,direct_partial_pressure,no,No source-backed state pressure or pressure convention is frozen.,training,active_training,vle|Aronu2011|w=0.3|T=40,"Aronu et al. (2011), Tables 3-6; corrected columns per 2012 corrigendum"
vle_obs_0070,Aronu2011,0.45,0.141,0.0035,,direct_partial_pressure,no,No source-backed state pressure or pressure convention is frozen.,validation,reserved_validation,vle|Aronu2011|w=0.45|T=40,"Aronu et al. (2011), Tables 3-6; corrected columns per 2012 corrigendum"
vle_obs_0071,Aronu2011,0.45,0.148,0.0035,,direct_partial_pressure,no,No source-backed state pressure or pressure convention is frozen.,validation,reserved_validation,vle|Aronu2011|w=0.45|T=40,"Aronu et al. (2011), Tables 3-6; corrected columns per 2012 corrigendum"
vle_obs_0072,Aronu2011,0.45,0.195,0.0077,,direct_partial_pressure,no,No source-backed state pressure or pressure convention is frozen.,validation,reserved_validation,vle|Aronu2011|w=0.45|T=40,"Aronu et al. (2011), Tables 3-6; corrected columns per 2012 corrigendum"
vle_obs_0073,Aronu2011,0.45,0.217,0.0099,,direct_partial_pressure,no,No source-backed state pressure or pressure convention is frozen.,validation,reserved_validation,vle|Aronu2011|w=0.45|T=40,"Aronu et al. (2011), Tables 3-6; corrected columns per 2012 corrigendum"
vle_obs_0074,Aronu2011,0.45,0.234,0.0123,,direct_partial_pressure,no,No source-backed state pressure or pressure convention is frozen.,validation,reserved_validation,vle|Aronu2011|w=0.45|T=40,"Aronu et al. (2011), Tables 3-6; corrected columns per 2012 corrigendum"
vle_obs_0075,Aronu2011,0.45,0.276,0.0164,,direct_partial_pressure,no,No source-backed state pressure or pressure convention is frozen.,validation,reserved_validation,vle|Aronu2011|w=0.45|T=40,"Aronu et al. (2011), Tables 3-6; corrected columns per 2012 corrigendum"
vle_obs_0076,Aronu2011,0.45,0.271,0.0178,,direct_partial_pressure,no,No source-backed state pressure or pressure convention is frozen.,validation,reserved_validation,vle|Aronu2011|w=0.45|T=40,"Aronu et al. (2011), Tables 3-6; corrected columns per 2012 corrigendum"
vle_obs_0077,Aronu2011,0.45,0.3,0.0364,,direct_partial_pressure,no,No source-backed state pressure or pressure convention is frozen.,validation,reserved_validation,vle|Aronu2011|w=0.45|T=40,"Aronu et al. (2011), Tables 3-6; corrected columns per 2012 corrigendum"
vle_obs_0078,Aronu2011,0.45,0.354,0.0598,,direct_partial_pressure,no,No source-backed state pressure or pressure convention is frozen.,validation,reserved_validation,vle|Aronu2011|w=0.45|T=40,"Aronu et al. (2011), Tables 3-6; corrected columns per 2012 corrigendum"
vle_obs_0079,Aronu2011,0.45,0.39,0.1087,,direct_partial_pressure,no,No source-backed state pressure or pressure convention is frozen.,validation,reserved_validation,vle|Aronu2011|w=0.45|T=40,"Aronu et al. (2011), Tables 3-6; corrected columns per 2012 corrigendum"
vle_obs_0080,Aronu2011,0.45,0.404,0.1781,,direct_partial_pressure,no,No source-backed state pressure or pressure convention is frozen.,validation,reserved_validation,vle|Aronu2011|w=0.45|T=40,"Aronu et al. (2011), Tables 3-6; corrected columns per 2012 corrigendum"
vle_obs_0081,Aronu2011,0.45,0.428,0.2787,,direct_partial_pressure,no,No source-backed state pressure or pressure convention is frozen.,validation,reserved_validation,vle|Aronu2011|w=0.45|T=40,"Aronu et al. (2011), Tables 3-6; corrected columns per 2012 corrigendum"
vle_obs_0082,Aronu2011,0.45,0.464,0.9173,,direct_partial_pressure,no,No source-backed state pressure or pressure convention is frozen.,validation,reserved_validation,vle|Aronu2011|w=0.45|T=40,"Aronu et al. (2011), Tables 3-6; corrected columns per 2012 corrigendum"
vle_obs_0083,Aronu2011,0.45,0.475,2.1609,,direct_partial_pressure,no,No source-backed state pressure or pressure convention is frozen.,validation,reserved_validation,vle|Aronu2011|w=0.45|T=40,"Aronu et al. (2011), Tables 3-6; corrected columns per 2012 corrigendum"
vle_obs_0084,Aronu2011,0.45,0.497,5.4871,,direct_partial_pressure,no,No source-backed state pressure or pressure convention is frozen.,validation,reserved_validation,vle|Aronu2011|w=0.45|T=40,"Aronu et al. (2011), Tables 3-6; corrected columns per 2012 corrigendum"
vle_obs_0107,Hilliard2008,0.17,0.121,0.00555,6889.46,calibration_derived_partial_pressure,yes,Gate 0 v2 pressure metrology and state-pressure contract are complete.,validation,reserved_validation,vle|Hilliard2008|w=0.17|T=40,"Hilliard (2008), apparatus Sections 2.3.4-2.3.5 and VLE appendices"
vle_obs_0108,Hilliard2008,0.17,0.212,0.014,6988.41,calibration_derived_partial_pressure,yes,Gate 0 v2 pressure metrology and state-pressure contract are complete.,validation,reserved_validation,vle|Hilliard2008|w=0.17|T=40,"Hilliard (2008), apparatus Sections 2.3.4-2.3.5 and VLE appendices"
vle_obs_0109,Hilliard2008,0.17,0.3,0.0362,7019.01,calibration_derived_partial_pressure,yes,Gate 0 v2 pressure metrology and state-pressure contract are complete.,validation,reserved_validation,vle|Hilliard2008|w=0.17|T=40,"Hilliard (2008), apparatus Sections 2.3.4-2.3.5 and VLE appendices"
vle_obs_0110,Hilliard2008,0.17,0.369,0.116,7142.24,calibration_derived_partial_pressure,yes,Gate 0 v2 pressure metrology and state-pressure contract are complete.,validation,reserved_validation,vle|Hilliard2008|w=0.17|T=40,"Hilliard (2008), apparatus Sections 2.3.4-2.3.5 and VLE appendices"
vle_obs_0111,Hilliard2008,0.17,0.467,0.879,7938.68,calibration_derived_partial_pressure,yes,Gate 0 v2 pressure metrology and state-pressure contract are complete.,validation,reserved_validation,vle|Hilliard2008|w=0.17|T=40,"Hilliard (2008), apparatus Sections 2.3.4-2.3.5 and VLE appendices"
vle_obs_0112,Hilliard2008,0.17,0.552,8.56,15688.98,calibration_derived_partial_pressure,yes,Gate 0 v2 pressure metrology and state-pressure contract are complete.,validation,reserved_validation,vle|Hilliard2008|w=0.17|T=40,"Hilliard (2008), apparatus Sections 2.3.4-2.3.5 and VLE appendices"
vle_obs_0119,Hilliard2008,0.3,0.153,0.0057,6612.28,calibration_derived_partial_pressure,yes,Gate 0 v2 pressure metrology and state-pressure contract are complete.,training,active_training,vle|Hilliard2008|w=0.3|T=40,"Hilliard (2008), apparatus Sections 2.3.4-2.3.5 and VLE appendices"
vle_obs_0120,Hilliard2008,0.3,0.163,0.00664,6703,calibration_derived_partial_pressure,yes,Gate 0 v2 pressure metrology and state-pressure contract are complete.,training,active_training,vle|Hilliard2008|w=0.3|T=40,"Hilliard (2008), apparatus Sections 2.3.4-2.3.5 and VLE appendices"
vle_obs_0121,Hilliard2008,0.3,0.17,0.00721,6663.57,calibration_derived_partial_pressure,yes,Gate 0 v2 pressure metrology and state-pressure contract are complete.,training,active_training,vle|Hilliard2008|w=0.3|T=40,"Hilliard (2008), apparatus Sections 2.3.4-2.3.5 and VLE appendices"
vle_obs_0122,Hilliard2008,0.3,0.191,0.00995,6626.18,calibration_derived_partial_pressure,yes,Gate 0 v2 pressure metrology and state-pressure contract are complete.,training,active_training,vle|Hilliard2008|w=0.3|T=40,"Hilliard (2008), apparatus Sections 2.3.4-2.3.5 and VLE appendices"
vle_obs_0123,Hilliard2008,0.3,0.194,0.00985,6726.3,calibration_derived_partial_pressure,yes,Gate 0 v2 pressure metrology and state-pressure contract are complete.,training,active_training,vle|Hilliard2008|w=0.3|T=40,"Hilliard (2008), apparatus Sections 2.3.4-2.3.5 and VLE appendices"
vle_obs_0124,Hilliard2008,0.3,0.232,0.0146,6650.23,calibration_derived_partial_pressure,yes,Gate 0 v2 pressure metrology and state-pressure contract are complete.,training,active_training,vle|Hilliard2008|w=0.3|T=40,"Hilliard (2008), apparatus Sections 2.3.4-2.3.5 and VLE appendices"
vle_obs_0125,Hilliard2008,0.3,0.246,0.0191,6674.63,calibration_derived_partial_pressure,yes,Gate 0 v2 pressure metrology and state-pressure contract are complete.,training,active_training,vle|Hilliard2008|w=0.3|T=40,"Hilliard (2008), apparatus Sections 2.3.4-2.3.5 and VLE appendices"
vle_obs_0126,Hilliard2008,0.3,0.269,0.0231,6658.26,calibration_derived_partial_pressure,yes,Gate 0 v2 pressure metrology and state-pressure contract are complete.,training,active_training,vle|Hilliard2008|w=0.3|T=40,"Hilliard (2008), apparatus Sections 2.3.4-2.3.5 and VLE appendices"
vle_obs_0127,Hilliard2008,0.3,0.272,0.0224,6677.51,calibration_derived_partial_pressure,yes,Gate 0 v2 pressure metrology and state-pressure contract are complete.,training,active_training,vle|Hilliard2008|w=0.3|T=40,"Hilliard (2008), apparatus Sections 2.3.4-2.3.5 and VLE appendices"
vle_obs_0128,Hilliard2008,0.3,0.326,0.0485,6653.08,calibration_derived_partial_pressure,yes,Gate 0 v2 pressure metrology and state-pressure contract are complete.,training,active_training,vle|Hilliard2008|w=0.3|T=40,"Hilliard (2008), apparatus Sections 2.3.4-2.3.5 and VLE appendices"
vle_obs_0129,Hilliard2008,0.3,0.348,0.0662,6670.43,calibration_derived_partial_pressure,yes,Gate 0 v2 pressure metrology and state-pressure contract are complete.,training,active_training,vle|Hilliard2008|w=0.3|T=40,"Hilliard (2008), apparatus Sections 2.3.4-2.3.5 and VLE appendices"
vle_obs_0130,Hilliard2008,0.3,0.35,0.0721,6826.33,calibration_derived_partial_pressure,yes,Gate 0 v2 pressure metrology and state-pressure contract are complete.,training,active_training,vle|Hilliard2008|w=0.3|T=40,"Hilliard (2008), apparatus Sections 2.3.4-2.3.5 and VLE appendices"
vle_obs_0131,Hilliard2008,0.3,0.36,0.0966,6850.15,calibration_derived_partial_pressure,yes,Gate 0 v2 pressure metrology and state-pressure contract are complete.,training,active_training,vle|Hilliard2008|w=0.3|T=40,"Hilliard (2008), apparatus Sections 2.3.4-2.3.5 and VLE appendices"
vle_obs_0132,Hilliard2008,0.3,0.382,0.131,6854.32,calibration_derived_partial_pressure,yes,Gate 0 v2 pressure metrology and state-pressure contract are complete.,training,active_training,vle|Hilliard2008|w=0.3|T=40,"Hilliard (2008), apparatus Sections 2.3.4-2.3.5 and VLE appendices"
vle_obs_0133,Hilliard2008,0.3,0.386,0.12,6783.62,calibration_derived_partial_pressure,yes,Gate 0 v2 pressure metrology and state-pressure contract are complete.,training,active_training,vle|Hilliard2008|w=0.3|T=40,"Hilliard (2008), apparatus Sections 2.3.4-2.3.5 and VLE appendices"
vle_obs_0134,Hilliard2008,0.3,0.389,0.113,6706.38,calibration_derived_partial_pressure,yes,Gate 0 v2 pressure metrology and state-pressure contract are complete.,training,active_training,vle|Hilliard2008|w=0.3|T=40,"Hilliard (2008), apparatus Sections 2.3.4-2.3.5 and VLE appendices"
vle_obs_0135,Hilliard2008,0.3,0.4,0.128,6841.5,calibration_derived_partial_pressure,yes,Gate 0 v2 pressure metrology and state-pressure contract are complete.,training,active_training,vle|Hilliard2008|w=0.3|T=40,"Hilliard (2008), apparatus Sections 2.3.4-2.3.5 and VLE appendices"
vle_obs_0136,Hilliard2008,0.3,0.464,0.75,7422.66,calibration_derived_partial_pressure,yes,Gate 0 v2 pressure metrology and state-pressure contract are complete.,training,active_training,vle|Hilliard2008|w=0.3|T=40,"Hilliard (2008), apparatus Sections 2.3.4-2.3.5 and VLE appendices"
vle_obs_0137,Hilliard2008,0.3,0.466,0.574,7326.7,calibration_derived_partial_pressure,yes,Gate 0 v2 pressure metrology and state-pressure contract are complete.,training,active_training,vle|Hilliard2008|w=0.3|T=40,"Hilliard (2008), apparatus Sections 2.3.4-2.3.5 and VLE appendices"
vle_obs_0138,Hilliard2008,0.3,0.481,0.883,7615.47,calibration_derived_partial_pressure,yes,Gate 0 v2 pressure metrology and state-pressure contract are complete.,training,active_training,vle|Hilliard2008|w=0.3|T=40,"Hilliard (2008), apparatus Sections 2.3.4-2.3.5 and VLE appendices"
vle_obs_0139,Hilliard2008,0.3,0.491,1.1,7781.93,calibration_derived_partial_pressure,yes,Gate 0 v2 pressure metrology and state-pressure contract are complete.,training,active_training,vle|Hilliard2008|w=0.3|T=40,"Hilliard (2008), apparatus Sections 2.3.4-2.3.5 and VLE appendices"
vle_obs_0140,Hilliard2008,0.3,0.501,1.87,8671.99,calibration_derived_partial_pressure,yes,Gate 0 v2 pressure metrology and state-pressure contract are complete.,training,active_training,vle|Hilliard2008|w=0.3|T=40,"Hilliard (2008), apparatus Sections 2.3.4-2.3.5 and VLE appendices"
vle_obs_0141,Hilliard2008,0.3,0.518,3.03,9831.72,calibration_derived_partial_pressure,yes,Gate 0 v2 pressure metrology and state-pressure contract are complete.,training,active_training,vle|Hilliard2008|w=0.3|T=40,"Hilliard (2008), apparatus Sections 2.3.4-2.3.5 and VLE appendices"
vle_obs_0142,Hilliard2008,0.3,0.591,28.3,35021.46,calibration_derived_partial_pressure,yes,Gate 0 v2 pressure metrology and state-pressure contract are complete.,training,active_training,vle|Hilliard2008|w=0.3|T=40,"Hilliard (2008), apparatus Sections 2.3.4-2.3.5 and VLE appendices"
vle_obs_0150,Hilliard2008,0.4,0.115,0.00505,6105.45,calibration_derived_partial_pressure,yes,Gate 0 v2 pressure metrology and state-pressure contract are complete.,validation,reserved_validation,vle|Hilliard2008|w=0.4|T=40,"Hilliard (2008), apparatus Sections 2.3.4-2.3.5 and VLE appendices"
vle_obs_0151,Hilliard2008,0.4,0.201,0.0108,6139.22,calibration_derived_partial_pressure,yes,Gate 0 v2 pressure metrology and state-pressure contract are complete.,validation,reserved_validation,vle|Hilliard2008|w=0.4|T=40,"Hilliard (2008), apparatus Sections 2.3.4-2.3.5 and VLE appendices"
vle_obs_0152,Hilliard2008,0.4,0.298,0.0295,6175.53,calibration_derived_partial_pressure,yes,Gate 0 v2 pressure metrology and state-pressure contract are complete.,validation,reserved_validation,vle|Hilliard2008|w=0.4|T=40,"Hilliard (2008), apparatus Sections 2.3.4-2.3.5 and VLE appendices"
vle_obs_0153,Hilliard2008,0.4,0.373,0.104,6288.39,calibration_derived_partial_pressure,yes,Gate 0 v2 pressure metrology and state-pressure contract are complete.,validation,reserved_validation,vle|Hilliard2008|w=0.4|T=40,"Hilliard (2008), apparatus Sections 2.3.4-2.3.5 and VLE appendices"
vle_obs_0154,Hilliard2008,0.4,0.485,1.62,7911.98,calibration_derived_partial_pressure,yes,Gate 0 v2 pressure metrology and state-pressure contract are complete.,validation,reserved_validation,vle|Hilliard2008|w=0.4|T=40,"Hilliard (2008), apparatus Sections 2.3.4-2.3.5 and VLE appendices"
vle_obs_0155,Hilliard2008,0.4,0.545,22.3,28890.95,calibration_derived_partial_pressure,yes,Gate 0 v2 pressure metrology and state-pressure contract are complete.,validation,reserved_validation,vle|Hilliard2008|w=0.4|T=40,"Hilliard (2008), apparatus Sections 2.3.4-2.3.5 and VLE appendices"
vle_obs_0162,Idris2014,0.3,0.242,0.021,,unresolved,no,Primary measurement origin is unresolved.,training,active_training,vle|Idris2014|w=0.3|T=40,Table 2
vle_obs_0163,Idris2014,0.3,0.321,0.038,,unresolved,no,Primary measurement origin is unresolved.,training,active_training,vle|Idris2014|w=0.3|T=40,Table 2
vle_obs_0164,Idris2014,0.3,0.33,0.043,,unresolved,no,Primary measurement origin is unresolved.,training,active_training,vle|Idris2014|w=0.3|T=40,Table 2
vle_obs_0165,Idris2014,0.3,0.345,0.05,,unresolved,no,Primary measurement origin is unresolved.,training,active_training,vle|Idris2014|w=0.3|T=40,Table 2
vle_obs_0166,Idris2014,0.3,0.352,0.064,,unresolved,no,Primary measurement origin is unresolved.,training,active_training,vle|Idris2014|w=0.3|T=40,Table 2
vle_obs_0167,Idris2014,0.3,0.355,0.097,,unresolved,no,Primary measurement origin is unresolved.,training,active_training,vle|Idris2014|w=0.3|T=40,Table 2
vle_obs_0168,Idris2014,0.3,0.375,0.107,,unresolved,no,Primary measurement origin is unresolved.,training,active_training,vle|Idris2014|w=0.3|T=40,Table 2
vle_obs_0169,Idris2014,0.3,0.377,0.123,,unresolved,no,Primary measurement origin is unresolved.,training,active_training,vle|Idris2014|w=0.3|T=40,Table 2
vle_obs_0170,Idris2014,0.3,0.436,0.445,,unresolved,no,Primary measurement origin is unresolved.,training,active_training,vle|Idris2014|w=0.3|T=40,Table 2
vle_obs_0171,Idris2014,0.3,0.46,0.813,,unresolved,no,Primary measurement origin is unresolved.,training,active_training,vle|Idris2014|w=0.3|T=40,Table 2
vle_obs_0186,Jou1995,0.3,0.0888,0.00147,200000,calibration_derived_partial_pressure,yes,Gate 0 v2 pressure metrology and state-pressure contract are complete.,validation,reserved_validation,vle|Jou1995|w=0.3|T=40,"Jou et al. (1995), Table 2"
vle_obs_0187,Jou1995,0.3,0.203,0.00896,200000,calibration_derived_partial_pressure,yes,Gate 0 v2 pressure metrology and state-pressure contract are complete.,validation,reserved_validation,vle|Jou1995|w=0.3|T=40,"Jou et al. (1995), Table 2"
vle_obs_0188,Jou1995,0.3,0.365,0.0677,300000,calibration_derived_partial_pressure,yes,Gate 0 v2 pressure metrology and state-pressure contract are complete.,validation,reserved_validation,vle|Jou1995|w=0.3|T=40,"Jou et al. (1995), Table 2"
vle_obs_0189,Jou1995,0.3,0.4735,0.604,210000,calibration_derived_partial_pressure,yes,Gate 0 v2 pressure metrology and state-pressure contract are complete.,validation,reserved_validation,vle|Jou1995|w=0.3|T=40,"Jou et al. (1995), Table 2"
vle_obs_0190,Jou1995,0.3,0.513,2.57,220000,calibration_derived_partial_pressure,yes,Gate 0 v2 pressure metrology and state-pressure contract are complete.,validation,reserved_validation,vle|Jou1995|w=0.3|T=40,"Jou et al. (1995), Table 2"
vle_obs_0191,Jou1995,0.3,0.557,8.09,230000,calibration_derived_partial_pressure,yes,Gate 0 v2 pressure metrology and state-pressure contract are complete.,validation,reserved_validation,vle|Jou1995|w=0.3|T=40,"Jou et al. (1995), Table 2"
vle_obs_0192,Jou1995,0.3,0.609,36.1,210000,calibration_derived_partial_pressure,yes,Gate 0 v2 pressure metrology and state-pressure contract are complete.,validation,reserved_validation,vle|Jou1995|w=0.3|T=40,"Jou et al. (1995), Table 2"
vle_obs_0193,Jou1995,0.3,0.642,103,110000,calibration_derived_partial_pressure,yes,Gate 0 v2 pressure metrology and state-pressure contract are complete.,validation,reserved_validation,vle|Jou1995|w=0.3|T=40,"Jou et al. (1995), Table 2"
