observation_id,source_key,role,temperature_c,loading_mol_co2_per_mol_mea,reaction_id,dlog10_pco2_dlnk,dlog10_meacoo_dlnk
vle_obs_0109,Hilliard2008,reserved_validation,40.0,0.3,R1,5.446234574435493e-05,-4.3446940768417605e-09
vle_obs_0109,Hilliard2008,reserved_validation,40.0,0.3,R2,0.43375788956190314,-0.00026915204018967975
vle_obs_0109,Hilliard2008,reserved_validation,40.0,0.3,R3,-1.9230350645216276e-05,-5.502721898361124e-05
vle_obs_0109,Hilliard2008,reserved_validation,40.0,0.3,R4,0.4342589339234592,5.496781730589643e-05
vle_obs_0109,Hilliard2008,reserved_validation,40.0,0.3,R5,-0.43429416418661043,6.374640844943869e-08
vle_obs_0116,Hilliard2008,reserved_validation,60.0,0.38,R1,3.4919001024036334e-05,-1.3725106160129617e-07
vle_obs_0116,Hilliard2008,reserved_validation,60.0,0.38,R2,0.41336811085201924,-0.005502780198844928
vle_obs_0116,Hilliard2008,reserved_validation,60.0,0.38,R3,-6.56243948071733e-05,-0.00023949904052194553
vle_obs_0116,Hilliard2008,reserved_validation,60.0,0.38,R4,0.4342879172725133,0.0002351547985211209
vle_obs_0116,Hilliard2008,reserved_validation,60.0,0.38,R5,-0.4342572201387895,4.481513126400639e-06
vle_obs_0130,Hilliard2008,active_training,40.0,0.35,R1,1.1754242024153426e-05,-1.7890638464840177e-09
vle_obs_0130,Hilliard2008,active_training,40.0,0.35,R2,0.4333195222638863,-0.0003258152271551441
vle_obs_0130,Hilliard2008,active_training,40.0,0.35,R3,-1.0219425305990626e-05,-2.753373544878988e-05
vle_obs_0130,Hilliard2008,active_training,40.0,0.35,R4,0.4342914623478577,2.7322888940201184e-05
vle_obs_0130,Hilliard2008,active_training,40.0,0.35,R5,-0.43429299987352005,2.1263564009701692e-07
vle_obs_0146,Hilliard2008,reserved_validation,60.0,0.386,R1,9.709300030635859e-06,-3.758051645762494e-08
vle_obs_0146,Hilliard2008,reserved_validation,60.0,0.386,R2,0.4105188995850994,-0.005828616392186557
vle_obs_0146,Hilliard2008,reserved_validation,60.0,0.386,R3,-4.1423398045026254e-05,-0.00012854366334835217
vle_obs_0146,Hilliard2008,reserved_validation,60.0,0.386,R4,0.43425335292113226,0.00012046738989345634
vle_obs_0146,Hilliard2008,reserved_validation,60.0,0.386,R5,-0.43422163917838924,8.11386333632498e-06
vle_obs_0153,Hilliard2008,reserved_validation,40.0,0.373,R1,4.011324605812661e-06,-1.0327678443911576e-09
vle_obs_0153,Hilliard2008,reserved_validation,40.0,0.373,R2,0.4324660985766115,-0.00048258739816679525
vle_obs_0153,Hilliard2008,reserved_validation,40.0,0.373,R3,-9.46625000608492e-06,-1.681435683512381e-05
vle_obs_0153,Hilliard2008,reserved_validation,40.0,0.373,R4,0.4342939013302071,1.610001318134807e-05
vle_obs_0153,Hilliard2008,reserved_validation,40.0,0.373,R5,-0.43428844578308196,7.153765190526156e-07
vle_obs_0159,Hilliard2008,reserved_validation,60.0,0.415,R1,3.1753266682699173e-06,-2.2472170506077892e-08
vle_obs_0159,Hilliard2008,reserved_validation,60.0,0.415,R2,0.3823055518381579,-0.009509232209187028
vle_obs_0159,Hilliard2008,reserved_validation,60.0,0.415,R3,-4.070335180017537e-05,-7.715531661532967e-05
vle_obs_0159,Hilliard2008,reserved_validation,60.0,0.415,R4,0.43394984867717307,4.537327214502967e-05
vle_obs_0159,Hilliard2008,reserved_validation,60.0,0.415,R5,-0.4339123150565171,3.1804533008166116e-05
vle_obs_0219,Jou1995,active_training,100.0,0.477,R1,3.7286618237430953e-06,-1.7081266406246016e-07
vle_obs_0219,Jou1995,active_training,100.0,0.477,R2,0.11354115185824297,-0.03341601012909868
vle_obs_0219,Jou1995,active_training,100.0,0.477,R3,2.406963517387339e-05,-4.032510061068693e-05
vle_obs_0219,Jou1995,active_training,100.0,0.477,R4,0.43016834050391134,-6.954858839824658e-05
vle_obs_0219,Jou1995,active_training,100.0,0.477,R5,-0.43019619724304897,0.00011004765083237147
vle_obs_0228,Jou1995,active_training,120.0,0.349,R1,8.65343352529635e-06,-1.5430729571088383e-07
vle_obs_0228,Jou1995,active_training,120.0,0.349,R2,0.3467592738282121,-0.029945705173373936
vle_obs_0228,Jou1995,active_training,120.0,0.349,R3,1.4327206088182718e-06,-3.9707266550944305e-05
vle_obs_0228,Jou1995,active_training,120.0,0.349,R4,0.4339937252240133,-1.8208318788394016e-06
vle_obs_0228,Jou1995,active_training,120.0,0.349,R5,-0.43400383242797597,4.1682798715970456e-05
vle_obs_0190,Jou1995,active_training,40.0,0.513,R1,6.227907078937278e-07,-1.792233200302196e-08
vle_obs_0190,Jou1995,active_training,40.0,0.513,R2,-0.340088927508475,-0.00280080228035166
vle_obs_0190,Jou1995,active_training,40.0,0.513,R3,4.875406744986321e-05,-2.2295027165897606e-05
vle_obs_0190,Jou1995,active_training,40.0,0.513,R4,0.42828869757371985,9.356174580893728e-05
vle_obs_0190,Jou1995,active_training,40.0,0.513,R5,-0.42833834665856324,-7.124038494433005e-05
vle_obs_0198,Jou1995,active_training,60.0,0.438,R1,7.23821003134617e-06,-6.147280646720966e-08
vle_obs_0198,Jou1995,active_training,60.0,0.438,R2,0.36654697561644406,-0.009443350698978675
vle_obs_0198,Jou1995,active_training,60.0,0.438,R3,-3.60232732532495e-05,-0.00011755522491245289
vle_obs_0198,Jou1995,active_training,60.0,0.438,R4,0.43428475002826866,0.00011518783487922377
vle_obs_0198,Jou1995,active_training,60.0,0.438,R5,-0.4342559630998721,2.428918428085732e-06
vle_obs_0208,Jou1995,active_training,80.0,0.348,R1,1.1447687242593927e-05,-6.814043531640986e-08
vle_obs_0208,Jou1995,active_training,80.0,0.348,R2,0.40168835120368834,-0.010664001443017981
vle_obs_0208,Jou1995,active_training,80.0,0.348,R3,-2.0022694613430758e-05,-0.00011334280358955356
vle_obs_0208,Jou1995,active_training,80.0,0.348,R4,0.43429057705601787,0.00011160273365914133
vle_obs_0208,Jou1995,active_training,80.0,0.348,R5,-0.4342820087543941,1.8082337927779679e-06
vle_obs_0272,Xu2011,reserved_validation,100.0,0.315,R1,1.2881873345804705e-05,-7.975831982631407e-08
vle_obs_0272,Xu2011,reserved_validation,100.0,0.315,R2,0.4018251305915043,-0.01278880733798644
vle_obs_0272,Xu2011,reserved_validation,100.0,0.315,R3,-5.805400604685928e-06,-6.11740226817225e-05
vle_obs_0272,Xu2011,reserved_validation,100.0,0.315,R4,0.43422753446265,5.09069695748931e-05
vle_obs_0272,Xu2011,reserved_validation,100.0,0.315,R5,-0.4342346195507218,1.034685264837027e-05
vle_obs_0288,Xu2011,reserved_validation,120.0,0.314,R1,1.1130563137839998e-05,-1.4267892271624535e-07
vle_obs_0288,Xu2011,reserved_validation,120.0,0.314,R2,0.37093134483967555,-0.025773816648759367
vle_obs_0288,Xu2011,reserved_validation,120.0,0.314,R3,2.8377300509419e-07,-4.437631894669647e-05
vle_obs_0288,Xu2011,reserved_validation,120.0,0.314,R4,0.4340025935078983,-4.082126445492508e-06
vle_obs_0288,Xu2011,reserved_validation,120.0,0.314,R5,-0.4340140204561748,4.860131546558472e-05
vle_obs_0267,Xu2011,reserved_validation,100.0,0.425,R1,6.142375497120155e-06,-1.324502439587405e-07
vle_obs_0267,Xu2011,reserved_validation,100.0,0.425,R2,0.3024248430349985,-0.024273429650598182
vle_obs_0267,Xu2011,reserved_validation,100.0,0.425,R3,1.4829915073732989e-06,-4.595514953628814e-05
vle_obs_0267,Xu2011,reserved_validation,100.0,0.425,R4,0.43359462100767127,-6.3705016971833275e-06
vle_obs_0267,Xu2011,reserved_validation,100.0,0.425,R5,-0.4336022689344076,5.245872566727269e-05
vle_obs_0282,Xu2011,reserved_validation,120.0,0.422,R1,5.10658182406587e-06,-1.9317329439032013e-07
vle_obs_0282,Xu2011,reserved_validation,120.0,0.422,R2,0.2387499163702955,-0.04232143192751012
vle_obs_0282,Xu2011,reserved_validation,120.0,0.422,R3,8.639045034897208e-06,-3.1994828555575006e-05
vle_obs_0282,Xu2011,reserved_validation,120.0,0.422,R4,0.43305924108949506,-6.447408381349691e-05
vle_obs_0282,Xu2011,reserved_validation,120.0,0.422,R5,-0.43307302695083644,9.666399813091645e-05
